CustomerID,Gender,SeniorCitizen,Partner,Dependents,TenureMonths,PhoneService,MultipleLines,InternetService,OnlineSecurity,OnlineBackup,DeviceProtection,TechSupport,StreamingTV,StreamingMovies,Contract,PaperlessBilling,PaymentMethod,MonthlyCharges,TotalCharges,Churn
CUST_00001,Male,0,Yes,No,37,Yes,Yes,DSL,No,No,No,No internet service,No,Yes,One year,Yes,Electronic check,49.14,1862.8,1
CUST_00002,Female,0,Yes,Yes,52,Yes,No,DSL,No internet service,No internet service,Yes,No internet service,Yes,Yes,Two year,Yes,Bank transfer (automatic),32.08,1681.67,1
CUST_00003,Female,0,Yes,No,33,Yes,No,DSL,Yes,Yes,Yes,No internet service,Yes,No internet service,Two year,Yes,Electronic check,30.74,1028.68,1
CUST_00004,Male,0,No,No,30,Yes,No phone service,No,No,Yes,No,No,No internet service,Yes,One year,No,Bank transfer (automatic),20.93,647.65,1
CUST_00005,Male,0,Yes,No,58,Yes,Yes,Fiber optic,No,No,No,No,No,Yes,One year,Yes,Mailed check,117.84,6801.16,1
CUST_00006,Female,1,Yes,No,57,Yes,No,DSL,No,No,No internet service,No,No internet service,Yes,One year,No,Credit card (automatic),85.51,4881.56,1
CUST_00007,Male,0,Yes,No,15,Yes,Yes,DSL,No,No,No,Yes,No,Yes,Two year,No,Electronic check,52.12,798.31,1
CUST_00008,Female,0,Yes,Yes,59,No,Yes,No,Yes,No,No internet service,No internet service,No internet service,No,One year,Yes,Electronic check,77.91,4600.44,1
CUST_00009,Male,0,No,No,24,Yes,No phone service,Fiber optic,No internet service,No internet service,No,No,Yes,Yes,Month-to-month,No,Electronic check,81.91,1952.06,1
CUST_00010,Male,1,Yes,Yes,10,Yes,Yes,Fiber optic,Yes,Yes,No internet service,No,Yes,No internet service,Month-to-month,Yes,Mailed check,38.29,381.22,1
CUST_00011,Female,0,No,No,63,Yes,No,DSL,No internet service,No,No,Yes,No internet service,No,One year,Yes,Credit card (automatic),48.89,3040.16,1
CUST_00012,Female,0,Yes,Yes,17,Yes,No,DSL,Yes,No internet service,No internet service,Yes,No,Yes,Two year,Yes,Electronic check,74.73,1291.91,1
CUST_00013,Female,0,Yes,Yes,15,Yes,No,No,No,No,No,No internet service,No internet service,No internet service,Month-to-month,Yes,Credit card (automatic),103.98,1509.46,1
CUST_00014,Female,1,Yes,No,20,Yes,Yes,Fiber optic,No,No,No internet service,Yes,No,Yes,Two year,No,Electronic check,32.96,630.63,1
CUST_00015,Female,0,Yes,No,35,Yes,Yes,Fiber optic,No,Yes,No,Yes,Yes,No,Month-to-month,No,Credit card (automatic),105.83,3727.91,1
CUST_00016,Female,0,No,No,12,Yes,Yes,No,Yes,Yes,Yes,No,Yes,No,Month-to-month,No,Bank transfer (automatic),80.9,980.96,1
CUST_00017,Female,0,Yes,Yes,12,Yes,Yes,Fiber optic,No,No,No,No,Yes,Yes,Two year,Yes,Credit card (automatic),68.97,810.69,1
CUST_00018,Male,1,Yes,No,28,Yes,No,No,Yes,No,No,Yes,No,Yes,Two year,No,Mailed check,34.39,902.98,1
CUST_00019,Female,0,No,Yes,16,Yes,No,DSL,No,No,Yes,Yes,No internet service,No,One year,No,Bank transfer (automatic),74.99,1198.23,1
CUST_00020,Male,0,No,Yes,14,Yes,No,DSL,No internet service,No,No,No internet service,No internet service,No,Two year,No,Electronic check,55.36,752.98,1
CUST_00021,Female,1,No,No,65,Yes,No,No,No,No internet service,Yes,No internet service,No,No,Two year,No,Electronic check,38.9,2545.31,0
CUST_00022,Male,0,No,Yes,43,Yes,Yes,No,No,No internet service,No internet service,No,Yes,Yes,Two year,Yes,Bank transfer (automatic),108.0,4625.92,1
CUST_00023,Male,0,No,No,1,Yes,No phone service,Fiber optic,No,Yes,No,No internet service,Yes,Yes,Two year,Yes,Electronic check,66.06,4.79,1
CUST_00024,Female,0,No,Yes,8,No,No,Fiber optic,No,Yes,Yes,No,Yes,No internet service,Month-to-month,Yes,Bank transfer (automatic),27.98,175.41,1
CUST_00025,Female,0,No,Yes,58,Yes,Yes,No,No internet service,No internet service,No internet service,No,No internet service,Yes,Month-to-month,Yes,Electronic check,50.21,2897.24,1
CUST_00026,Female,0,Yes,No,20,Yes,No,Fiber optic,No,No,No,No,No,No internet service,Month-to-month,No,Electronic check,38.15,766.81,1
CUST_00027,Male,0,No,Yes,11,Yes,Yes,DSL,No internet service,No,No,No internet service,No,No,Month-to-month,No,Bank transfer (automatic),113.92,1212.38,1
CUST_00028,Female,0,Yes,No,48,Yes,No,Fiber optic,No internet service,Yes,No,No internet service,No internet service,No,Month-to-month,No,Electronic check,44.31,2100.33,1
CUST_00029,Female,1,No,No,60,Yes,Yes,Fiber optic,No,No,Yes,No,Yes,Yes,Month-to-month,Yes,Bank transfer (automatic),70.64,4266.14,1
CUST_00030,Male,0,No,Yes,29,Yes,No,Fiber optic,No,Yes,Yes,Yes,No internet service,No internet service,Month-to-month,Yes,Credit card (automatic),94.55,2780.79,1
CUST_00031,Male,0,Yes,No,53,Yes,No,No,No,Yes,No internet service,No internet service,No,No internet service,One year,Yes,Electronic check,35.85,1909.74,1
CUST_00032,Male,0,No,Yes,30,Yes,Yes,Fiber optic,No internet service,No,No internet service,Yes,Yes,No,Month-to-month,No,Electronic check,63.75,1902.52,1
CUST_00033,Male,0,No,No,8,Yes,No,DSL,Yes,No internet service,No internet service,No,No,No,Month-to-month,No,Electronic check,85.33,660.89,1
CUST_00034,Female,0,Yes,Yes,57,Yes,Yes,DSL,Yes,Yes,Yes,No,Yes,No,Month-to-month,No,Mailed check,108.2,6186.27,1
CUST_00035,Female,1,No,No,66,No,No,No,Yes,No,No internet service,Yes,No,Yes,Month-to-month,No,Bank transfer (automatic),85.41,5625.99,1
CUST_00036,Male,1,No,No,70,No,No phone service,DSL,No internet service,No,No,No,Yes,No internet service,One year,Yes,Credit card (automatic),28.01,1992.9,1
CUST_00037,Female,0,No,No,8,Yes,No,No,No,No,No,No,Yes,Yes,Two year,Yes,Electronic check,52.16,451.32,1
CUST_00038,Female,0,Yes,No,41,Yes,Yes,DSL,Yes,No,Yes,No internet service,No,No,One year,No,Electronic check,55.09,2273.04,1
CUST_00039,Male,0,Yes,No,45,Yes,No phone service,Fiber optic,No,Yes,No internet service,Yes,Yes,Yes,One year,Yes,Electronic check,58.83,2629.93,1
CUST_00040,Female,0,No,No,6,Yes,Yes,No,No internet service,No,No internet service,Yes,Yes,No internet service,Two year,Yes,Electronic check,114.16,670.25,1
CUST_00041,Male,0,Yes,No,68,Yes,No,Fiber optic,No internet service,No internet service,Yes,Yes,No internet service,No,One year,Yes,Mailed check,23.57,1545.23,0
CUST_00042,Female,0,Yes,No,8,Yes,Yes,No,Yes,Yes,No internet service,Yes,Yes,No,Month-to-month,Yes,Credit card (automatic),50.22,399.92,1
CUST_00043,Female,0,Yes,No,20,Yes,No,DSL,No,No internet service,No,No,No,Yes,Month-to-month,No,Electronic check,69.25,1382.07,1
CUST_00044,Male,0,Yes,No,69,Yes,Yes,Fiber optic,No,Yes,Yes,No,No,Yes,One year,Yes,Bank transfer (automatic),28.64,1927.95,1
CUST_00045,Male,0,No,Yes,40,Yes,No,Fiber optic,No,No,Yes,Yes,Yes,Yes,One year,Yes,Mailed check,68.35,2816.75,0
CUST_00046,Female,0,No,No,49,Yes,Yes,No,Yes,No,No,No internet service,No internet service,No internet service,Two year,No,Credit card (automatic),30.71,1524.26,0
CUST_00047,Male,0,No,No,36,Yes,No phone service,DSL,Yes,No internet service,Yes,Yes,Yes,Yes,Month-to-month,Yes,Credit card (automatic),103.78,3706.66,1
CUST_00048,Female,0,No,No,54,Yes,No,DSL,No internet service,Yes,Yes,No,Yes,No internet service,Two year,No,Credit card (automatic),47.01,2610.44,1
CUST_00049,Female,0,Yes,Yes,6,No,No,Fiber optic,No,Yes,No internet service,No internet service,Yes,Yes,Month-to-month,No,Electronic check,72.3,416.44,1
CUST_00050,Female,0,Yes,No,48,Yes,No,No,Yes,No,No,No,No,No internet service,Two year,Yes,Electronic check,81.83,3956.9,1
CUST_00051,Female,0,Yes,Yes,5,Yes,Yes,No,No,Yes,No internet service,No,Yes,No,Month-to-month,Yes,Electronic check,50.57,255.92,1
CUST_00052,Male,0,Yes,No,13,Yes,No,No,Yes,No,No,No internet service,Yes,No internet service,Month-to-month,Yes,Electronic check,55.13,700.53,1
CUST_00053,Male,0,Yes,No,36,Yes,Yes,Fiber optic,No,No internet service,No,No,No,No,Month-to-month,Yes,Bank transfer (automatic),71.05,2546.01,1
CUST_00054,Male,0,Yes,Yes,32,Yes,Yes,Fiber optic,No,Yes,No internet service,Yes,No,No internet service,Month-to-month,Yes,Credit card (automatic),100.54,3267.56,1
CUST_00055,Male,1,Yes,No,11,Yes,No phone service,No,Yes,No internet service,Yes,Yes,Yes,No,Month-to-month,Yes,Bank transfer (automatic),65.27,748.64,1
CUST_00056,Male,1,Yes,Yes,57,Yes,No,No,Yes,Yes,No,No internet service,Yes,Yes,Two year,Yes,Electronic check,69.09,3933.85,1
CUST_00057,Female,0,No,No,22,Yes,No,No,No internet service,No internet service,No,No,Yes,No internet service,Month-to-month,No,Electronic check,79.59,1679.22,1
CUST_00058,Male,0,No,No,62,Yes,No,No,No internet service,No internet service,No internet service,No internet service,Yes,No,Month-to-month,Yes,Bank transfer (automatic),62.52,3886.89,1
CUST_00059,Female,0,No,No,2,Yes,Yes,No,Yes,No,No,Yes,No,Yes,Month-to-month,Yes,Electronic check,92.61,141.59,1
CUST_00060,Female,1,No,No,17,No,No,DSL,No,No internet service,No internet service,Yes,Yes,Yes,One year,Yes,Electronic check,20.49,367.18,1
CUST_00061,Female,0,No,Yes,22,Yes,No,DSL,Yes,No internet service,No internet service,No internet service,Yes,No,Month-to-month,No,Electronic check,68.3,1477.61,1
CUST_00062,Female,1,Yes,No,43,Yes,No,No,No internet service,Yes,No,No internet service,Yes,No internet service,Month-to-month,Yes,Credit card (automatic),112.3,4807.57,1
CUST_00063,Male,0,No,No,29,Yes,Yes,Fiber optic,No internet service,Yes,No,Yes,No,No internet service,Two year,Yes,Electronic check,81.59,2343.78,1
CUST_00064,Female,0,Yes,Yes,12,Yes,No phone service,DSL,No,Yes,Yes,Yes,No,Yes,Month-to-month,No,Credit card (automatic),68.64,859.4,1
CUST_00065,Male,0,Yes,No,41,Yes,No,Fiber optic,No,No,No,No,Yes,No,Two year,No,Mailed check,97.2,3923.38,1
CUST_00066,Male,0,Yes,No,69,Yes,No,Fiber optic,No,No,Yes,No,No,Yes,Month-to-month,No,Bank transfer (automatic),59.3,4117.52,1
CUST_00067,Female,0,Yes,No,10,Yes,No,No,Yes,No,No,No,No,Yes,One year,No,Credit card (automatic),66.72,679.18,1
CUST_00068,Male,0,Yes,No,18,No,No,No,No,No,Yes,Yes,Yes,No internet service,One year,Yes,Credit card (automatic),39.52,708.82,1
CUST_00069,Male,0,No,No,34,Yes,No phone service,DSL,Yes,No,No internet service,No internet service,Yes,Yes,Month-to-month,Yes,Electronic check,32.42,1086.6,1
CUST_00070,Male,1,No,No,52,Yes,Yes,Fiber optic,No,Yes,No,Yes,Yes,Yes,One year,Yes,Electronic check,22.55,1189.63,1
CUST_00071,Female,0,No,Yes,10,Yes,Yes,DSL,No,Yes,No,Yes,No internet service,Yes,Month-to-month,No,Electronic check,93.15,916.1,1
CUST_00072,Male,0,No,No,17,Yes,No phone service,No,Yes,No internet service,No,No,Yes,Yes,Month-to-month,No,Mailed check,66.82,1120.22,1
CUST_00073,Male,0,No,No,17,Yes,Yes,DSL,No,No,Yes,Yes,Yes,Yes,Two year,Yes,Electronic check,113.94,1939.21,1
CUST_00074,Male,0,Yes,Yes,44,Yes,No,Fiber optic,No internet service,No,No,No,No,Yes,Two year,Yes,Bank transfer (automatic),37.68,1718.11,0
CUST_00075,Female,0,No,No,6,Yes,Yes,Fiber optic,No,Yes,No internet service,No,No,Yes,Month-to-month,No,Electronic check,44.4,213.45,1
CUST_00076,Male,1,No,Yes,47,Yes,No,Fiber optic,No,No internet service,No,No,No internet service,No internet service,One year,No,Credit card (automatic),83.87,3959.41,1
CUST_00077,Male,0,Yes,No,31,Yes,No,Fiber optic,No internet service,Yes,No,No,Yes,Yes,Month-to-month,Yes,Credit card (automatic),25.46,784.25,1
CUST_00078,Male,0,Yes,No,24,Yes,No phone service,Fiber optic,Yes,No,No internet service,Yes,Yes,No internet service,Month-to-month,Yes,Bank transfer (automatic),70.34,1680.44,1
CUST_00079,Female,0,No,No,62,Yes,No,Fiber optic,No,Yes,Yes,No internet service,No,No,Month-to-month,Yes,Bank transfer (automatic),32.36,1952.88,1
CUST_00080,Female,0,No,Yes,59,Yes,Yes,DSL,No,Yes,No internet service,No,No,Yes,One year,Yes,Electronic check,36.14,2070.81,1
CUST_00081,Female,0,Yes,No,58,Yes,No,DSL,Yes,No,Yes,No,No internet service,Yes,One year,No,Electronic check,71.21,4142.08,1
CUST_00082,Male,0,No,No,63,Yes,No,Fiber optic,No internet service,No,No internet service,Yes,No,Yes,Month-to-month,Yes,Mailed check,76.91,4800.9,1
CUST_00083,Male,0,Yes,No,17,Yes,Yes,DSL,No,No,No internet service,No,No,No internet service,Two year,No,Credit card (automatic),41.2,735.97,1
CUST_00084,Female,1,Yes,No,61,No,Yes,Fiber optic,No,Yes,No internet service,No internet service,Yes,No,One year,Yes,Electronic check,47.12,2838.76,1
CUST_00085,Female,1,Yes,No,13,Yes,Yes,DSL,Yes,No internet service,Yes,No,No internet service,Yes,Month-to-month,Yes,Mailed check,48.41,648.61,1
CUST_00086,Female,1,Yes,No,24,Yes,No,No,No internet service,No,No,No internet service,No,Yes,Month-to-month,No,Bank transfer (automatic),34.18,800.16,1
CUST_00087,Male,0,No,No,40,Yes,No,DSL,No internet service,No internet service,No internet service,Yes,Yes,Yes,One year,Yes,Electronic check,116.57,4640.96,1
CUST_00088,Male,0,Yes,No,53,Yes,Yes,Fiber optic,Yes,Yes,No,No internet service,Yes,No,Month-to-month,No,Credit card (automatic),89.22,4696.68,1
CUST_00089,Female,1,No,Yes,42,Yes,Yes,DSL,No,No,No,Yes,No,Yes,Month-to-month,No,Credit card (automatic),31.08,1320.65,1
CUST_00090,Female,0,Yes,No,40,Yes,Yes,Fiber optic,Yes,No,No,Yes,Yes,No,Month-to-month,No,Electronic check,55.72,2253.85,1
CUST_00091,Male,0,No,No,27,Yes,Yes,DSL,No,No internet service,Yes,No,No,No,Month-to-month,Yes,Bank transfer (automatic),37.26,994.98,1
CUST_00092,Female,0,No,No,43,Yes,No phone service,Fiber optic,No,No,No,Yes,No,No,Month-to-month,No,Electronic check,43.44,1888.61,1
CUST_00093,Female,0,No,No,34,Yes,Yes,DSL,Yes,No,Yes,No,Yes,Yes,One year,Yes,Mailed check,113.95,3874.74,1
CUST_00094,Male,0,No,No,34,Yes,No,Fiber optic,No,Yes,No,Yes,No internet service,Yes,One year,No,Credit card (automatic),33.68,1098.42,1
CUST_00095,Female,1,No,Yes,42,Yes,Yes,Fiber optic,No internet service,Yes,No,No,No internet service,Yes,Two year,Yes,Electronic check,107.98,4548.41,1
CUST_00096,Male,0,Yes,No,43,Yes,Yes,No,No,Yes,Yes,No internet service,Yes,No internet service,Two year,Yes,Credit card (automatic),104.18,4469.22,1
CUST_00097,Male,0,No,No,24,Yes,No phone service,Fiber optic,Yes,No internet service,Yes,No,Yes,Yes,Month-to-month,Yes,Credit card (automatic),94.37,2173.38,1
CUST_00098,Female,0,No,No,10,No,No,Fiber optic,No internet service,Yes,No internet service,No,No internet service,Yes,Month-to-month,No,Bank transfer (automatic),69.67,683.02,1
CUST_00099,Female,0,Yes,No,22,Yes,Yes,No,Yes,Yes,No,No,Yes,Yes,Month-to-month,Yes,Electronic check,45.84,949.21,1
CUST_00100,Male,0,Yes,No,30,Yes,No,DSL,No,No,No,No internet service,No internet service,No,Two year,No,Electronic check,103.1,3049.9,1
CUST_00101,Female,0,Yes,No,12,No,Yes,Fiber optic,No,Yes,No internet service,No,Yes,No,Month-to-month,No,Mailed check,103.41,1232.21,1
CUST_00102,Male,1,Yes,No,13,Yes,No phone service,Fiber optic,Yes,No internet service,No,No,No,No,Month-to-month,Yes,Electronic check,72.53,940.26,1
CUST_00103,Female,0,Yes,No,68,Yes,No phone service,Fiber optic,Yes,Yes,No,Yes,No,No,One year,Yes,Electronic check,24.76,1654.45,0
CUST_00104,Male,0,Yes,No,20,Yes,No,DSL,Yes,No internet service,No,Yes,Yes,No internet service,Month-to-month,No,Electronic check,39.3,804.46,1
CUST_00105,Female,1,No,Yes,53,Yes,No,Fiber optic,Yes,No,Yes,No,No,No internet service,Two year,Yes,Bank transfer (automatic),25.61,1353.32,1
CUST_00106,Female,0,Yes,No,10,Yes,Yes,Fiber optic,No,No,No,No,Yes,Yes,Month-to-month,Yes,Electronic check,37.98,364.96,1
CUST_00107,Female,0,No,No,70,Yes,Yes,Fiber optic,No internet service,No,Yes,No internet service,Yes,Yes,Month-to-month,No,Electronic check,70.84,4960.32,1
CUST_00108,Female,0,Yes,No,16,No,No phone service,DSL,Yes,No,No internet service,No internet service,Yes,No internet service,Two year,Yes,Bank transfer (automatic),105.42,1728.9,1
CUST_00109,Male,0,No,No,28,Yes,No,Fiber optic,No,No,No,No,Yes,No,Month-to-month,No,Electronic check,85.32,2313.7,1
CUST_00110,Female,0,Yes,No,56,Yes,No phone service,No,No,Yes,Yes,No,Yes,No internet service,Month-to-month,No,Electronic check,80.09,4530.52,1
CUST_00111,Male,0,Yes,No,15,Yes,Yes,DSL,Yes,No internet service,No,No internet service,Yes,No,One year,Yes,Electronic check,94.8,1400.42,1
CUST_00112,Female,0,Yes,No,40,Yes,No,DSL,No,No,Yes,No,Yes,No internet service,One year,Yes,Electronic check,83.99,3332.34,1
CUST_00113,Female,0,No,No,56,Yes,No,No,Yes,No,No,No,Yes,Yes,Month-to-month,Yes,Electronic check,64.34,3588.96,0
CUST_00114,Male,0,Yes,Yes,2,Yes,Yes,No,No,No,No internet service,No,Yes,No,Month-to-month,Yes,Electronic check,101.54,172.05,1
CUST_00115,Female,0,No,No,2,Yes,No,DSL,No,No,No internet service,Yes,No internet service,No,Month-to-month,Yes,Mailed check,51.02,65.63,1
CUST_00116,Female,0,Yes,No,56,Yes,Yes,Fiber optic,No,No,No,Yes,Yes,Yes,Month-to-month,No,Electronic check,112.81,6347.0,1
CUST_00117,Male,0,No,No,19,No,Yes,DSL,No internet service,No,No,No,No,Yes,Month-to-month,Yes,Electronic check,31.62,606.37,1
CUST_00118,Male,0,Yes,Yes,65,Yes,Yes,No,Yes,Yes,No,No,Yes,Yes,Month-to-month,Yes,Bank transfer (automatic),83.77,5377.93,1
CUST_00119,Male,0,No,No,66,Yes,No,Fiber optic,No internet service,No,Yes,Yes,Yes,Yes,One year,No,Bank transfer (automatic),70.05,4646.89,1
CUST_00120,Male,0,Yes,No,63,Yes,No phone service,Fiber optic,Yes,Yes,No,Yes,Yes,No internet service,One year,Yes,Electronic check,62.58,3961.04,1
CUST_00121,Male,0,Yes,No,71,Yes,Yes,DSL,Yes,No internet service,No,Yes,Yes,No internet service,Month-to-month,Yes,Credit card (automatic),62.97,4418.91,1
CUST_00122,Female,1,Yes,Yes,59,Yes,Yes,Fiber optic,Yes,No,Yes,No internet service,No,No internet service,Month-to-month,No,Bank transfer (automatic),24.22,1435.29,1
CUST_00123,Female,0,Yes,No,28,Yes,Yes,DSL,No internet service,No internet service,Yes,No internet service,No,No internet service,Month-to-month,No,Bank transfer (automatic),95.15,2685.92,1
CUST_00124,Male,0,Yes,No,71,Yes,Yes,Fiber optic,No,No,Yes,No internet service,Yes,No internet service,Month-to-month,Yes,Mailed check,55.23,3865.18,1
CUST_00125,Female,1,No,Yes,25,Yes,No phone service,Fiber optic,No internet service,No internet service,Yes,No internet service,Yes,No internet service,Two year,Yes,Electronic check,67.66,1701.48,1
CUST_00126,Female,0,Yes,Yes,42,Yes,Yes,Fiber optic,No,No internet service,Yes,Yes,No internet service,Yes,Month-to-month,Yes,Electronic check,104.76,4376.29,1
CUST_00127,Male,0,Yes,Yes,1,Yes,Yes,No,No,Yes,No,Yes,Yes,Yes,Two year,Yes,Mailed check,77.71,96.69,1
CUST_00128,Female,1,No,No,69,No,No,DSL,No internet service,No,No,No,No internet service,No internet service,One year,Yes,Credit card (automatic),105.14,7221.98,1
CUST_00129,Female,0,Yes,Yes,43,Yes,No,DSL,No internet service,Yes,No,No,No,Yes,Two year,Yes,Credit card (automatic),33.71,1486.01,1
CUST_00130,Female,0,Yes,No,68,Yes,Yes,Fiber optic,No internet service,Yes,Yes,No,Yes,No,Two year,No,Electronic check,48.18,3267.72,1
CUST_00131,Female,0,No,No,26,Yes,No,Fiber optic,No,No,No,Yes,Yes,No,One year,Yes,Credit card (automatic),42.79,1091.02,1
CUST_00132,Female,0,No,No,23,Yes,Yes,DSL,No internet service,No,No internet service,No internet service,Yes,Yes,One year,No,Bank transfer (automatic),108.63,2473.2,1
CUST_00133,Male,0,No,No,38,Yes,No phone service,Fiber optic,Yes,No internet service,Yes,No,No,Yes,Month-to-month,Yes,Bank transfer (automatic),98.16,3760.67,1
CUST_00134,Female,1,Yes,No,62,Yes,No,Fiber optic,No internet service,Yes,No,No,No internet service,No,One year,Yes,Credit card (automatic),103.41,6386.11,1
CUST_00135,Female,1,No,Yes,39,Yes,No,Fiber optic,No internet service,No,No,No internet service,Yes,No,Month-to-month,Yes,Electronic check,76.87,3035.05,1
CUST_00136,Male,0,Yes,No,57,Yes,Yes,Fiber optic,No,Yes,Yes,No,No internet service,Yes,Month-to-month,Yes,Electronic check,42.07,2405.46,1
CUST_00137,Female,0,No,Yes,16,Yes,No,DSL,Yes,Yes,No,No internet service,Yes,No,Two year,Yes,Credit card (automatic),57.7,874.7,0
CUST_00138,Male,0,No,Yes,56,Yes,Yes,DSL,Yes,Yes,No,No,Yes,Yes,One year,Yes,Electronic check,75.03,4202.59,1
CUST_00139,Male,1,No,No,53,Yes,Yes,Fiber optic,No internet service,No,No,No internet service,No,Yes,Month-to-month,No,Bank transfer (automatic),21.9,1162.34,1
CUST_00140,Male,0,Yes,Yes,64,Yes,Yes,Fiber optic,No internet service,No,No internet service,No internet service,No internet service,No,Two year,No,Credit card (automatic),83.96,5323.8,1
CUST_00141,Female,1,Yes,Yes,5,Yes,Yes,Fiber optic,No,Yes,No internet service,No,No,Yes,Month-to-month,Yes,Credit card (automatic),105.49,527.74,1
CUST_00142,Male,1,No,No,28,Yes,Yes,No,No internet service,Yes,No,No,No internet service,No internet service,Two year,Yes,Electronic check,52.56,1490.66,1
CUST_00143,Male,0,Yes,Yes,7,Yes,No,DSL,No,No,No,No internet service,Yes,Yes,One year,No,Bank transfer (automatic),87.98,655.35,1
CUST_00144,Male,0,No,Yes,29,Yes,No,Fiber optic,No internet service,No internet service,No internet service,No,No internet service,No internet service,Month-to-month,Yes,Electronic check,68.36,2020.39,1
CUST_00145,Female,1,No,No,54,Yes,No,DSL,Yes,Yes,No,No,No internet service,No internet service,Month-to-month,Yes,Credit card (automatic),20.4,1185.22,1
CUST_00146,Female,0,No,No,46,Yes,No phone service,DSL,Yes,No,No internet service,No,No,No internet service,Two year,No,Mailed check,48.4,2226.42,0
CUST_00147,Male,0,Yes,No,54,Yes,No,No,No,No,No internet service,Yes,No,No internet service,Month-to-month,Yes,Bank transfer (automatic),72.79,3950.04,1
CUST_00148,Male,1,Yes,Yes,53,Yes,No,No,No,No,Yes,No,No,No,Two year,No,Credit card (automatic),92.49,4880.75,1
CUST_00149,Female,0,Yes,No,71,Yes,No,DSL,No,Yes,Yes,No internet service,No internet service,No,Month-to-month,Yes,Mailed check,60.2,4340.15,0
CUST_00150,Male,0,Yes,No,63,Yes,No,No,No internet service,No internet service,Yes,No,No,No,Month-to-month,No,Mailed check,38.62,2401.88,0
CUST_00151,Female,0,Yes,Yes,42,Yes,No,DSL,Yes,No,No internet service,Yes,Yes,Yes,One year,Yes,Mailed check,26.1,1160.57,1
CUST_00152,Male,0,No,Yes,63,Yes,Yes,No,No,No,No,Yes,No internet service,Yes,Month-to-month,Yes,Bank transfer (automatic),91.47,5822.49,0
CUST_00153,Female,1,No,Yes,4,Yes,No,No,Yes,No internet service,No,No,No,Yes,Month-to-month,No,Bank transfer (automatic),56.5,198.53,1
CUST_00154,Male,0,No,No,52,Yes,Yes,DSL,No internet service,No internet service,No,No,No,No,One year,Yes,Credit card (automatic),84.71,4441.19,0
CUST_00155,Male,0,Yes,Yes,38,Yes,No,Fiber optic,Yes,No,No internet service,No,No,Yes,Month-to-month,Yes,Electronic check,42.18,1618.83,1
CUST_00156,Female,0,No,No,68,Yes,Yes,Fiber optic,No,No internet service,No internet service,Yes,Yes,No,Month-to-month,No,Electronic check,95.47,6477.54,1
CUST_00157,Male,1,No,No,36,Yes,No,DSL,No,Yes,Yes,Yes,Yes,Yes,Two year,Yes,Mailed check,54.44,1955.09,1
CUST_00158,Female,0,No,Yes,13,Yes,Yes,DSL,No,No internet service,No,Yes,Yes,Yes,Month-to-month,Yes,Electronic check,25.24,337.41,0
CUST_00159,Female,1,No,No,52,Yes,No phone service,Fiber optic,Yes,No,No,Yes,No internet service,No,One year,No,Bank transfer (automatic),71.02,3705.66,1
CUST_00160,Female,0,No,Yes,68,Yes,No,DSL,Yes,No internet service,No internet service,No internet service,No,No internet service,One year,No,Mailed check,93.14,6385.82,1
CUST_00161,Female,1,Yes,Yes,2,Yes,No phone service,DSL,No,No,No,No internet service,No internet service,Yes,One year,Yes,Electronic check,113.25,246.49,1
CUST_00162,Female,1,Yes,No,5,Yes,No,DSL,Yes,Yes,No,No internet service,Yes,No internet service,Month-to-month,No,Bank transfer (automatic),117.09,558.5,1
CUST_00163,Male,1,No,No,47,Yes,Yes,Fiber optic,Yes,No,No internet service,No internet service,No internet service,Yes,Two year,No,Electronic check,65.64,3111.11,1
CUST_00164,Male,1,Yes,No,40,Yes,Yes,DSL,No,No internet service,No,Yes,Yes,Yes,Month-to-month,Yes,Bank transfer (automatic),81.19,3186.43,1
CUST_00165,Male,0,Yes,No,39,Yes,No,Fiber optic,Yes,No,Yes,No internet service,Yes,Yes,Two year,No,Electronic check,75.72,2939.55,1
CUST_00166,Female,0,Yes,Yes,7,No,No,DSL,Yes,No internet service,No internet service,No,No internet service,Yes,One year,Yes,Electronic check,73.35,503.29,1
CUST_00167,Male,0,Yes,No,41,Yes,No,DSL,No,Yes,No,No internet service,No,Yes,One year,No,Electronic check,31.45,1312.49,1
CUST_00168,Male,0,No,Yes,41,Yes,Yes,Fiber optic,No,Yes,No internet service,No,No internet service,Yes,Month-to-month,No,Mailed check,87.09,3632.67,1
CUST_00169,Male,1,No,No,61,Yes,No,DSL,No,No,No,No,No,No,Month-to-month,Yes,Bank transfer (automatic),116.53,7115.95,1
CUST_00170,Male,1,Yes,No,28,Yes,No phone service,Fiber optic,No,No,No,Yes,Yes,No,Month-to-month,Yes,Bank transfer (automatic),32.68,902.39,1
CUST_00171,Male,0,Yes,No,25,Yes,No,Fiber optic,No,No,No,Yes,Yes,Yes,One year,Yes,Electronic check,51.19,1255.31,1
CUST_00172,Male,0,No,No,6,Yes,No phone service,Fiber optic,No,No internet service,No,No,No internet service,No internet service,Month-to-month,Yes,Mailed check,27.7,195.43,1
CUST_00173,Female,0,Yes,No,41,Yes,No,Fiber optic,No,No,Yes,No,No,No,Month-to-month,No,Mailed check,60.28,2464.66,1
CUST_00174,Female,0,No,No,47,Yes,Yes,No,Yes,No,No,No internet service,No,Yes,Month-to-month,No,Bank transfer (automatic),68.17,3186.38,1
CUST_00175,Female,0,Yes,Yes,20,Yes,No,DSL,No,No,Yes,Yes,Yes,Yes,Month-to-month,No,Electronic check,55.8,1149.3,1
CUST_00176,Male,0,No,Yes,52,Yes,No,No,No,No internet service,No,No,Yes,Yes,Month-to-month,Yes,Bank transfer (automatic),67.66,3559.24,1
CUST_00177,Female,0,No,Yes,67,Yes,No,DSL,No internet service,No,No,No,No internet service,No internet service,Month-to-month,Yes,Bank transfer (automatic),100.3,6686.52,1
CUST_00178,Male,0,No,No,13,Yes,Yes,DSL,No,No internet service,No,Yes,No internet service,No,Month-to-month,No,Bank transfer (automatic),41.39,485.69,1
CUST_00179,Female,0,Yes,No,41,Yes,No,Fiber optic,No,Yes,No,No,Yes,Yes,Month-to-month,Yes,Electronic check,95.8,3924.38,1
CUST_00180,Female,0,No,Yes,50,Yes,Yes,DSL,No,No,No,No,Yes,Yes,Month-to-month,Yes,Electronic check,99.33,4926.59,1
CUST_00181,Female,1,No,No,2,Yes,No phone service,Fiber optic,No internet service,Yes,No,No,Yes,Yes,One year,Yes,Electronic check,78.11,111.52,1
CUST_00182,Male,0,No,No,13,Yes,No,No,No,No,No,Yes,Yes,Yes,Two year,No,Credit card (automatic),51.53,633.47,1
CUST_00183,Male,0,Yes,Yes,29,Yes,No,Fiber optic,No,No internet service,No,Yes,No internet service,No,Month-to-month,No,Bank transfer (automatic),113.65,3332.48,1
CUST_00184,Female,0,Yes,No,10,Yes,No,Fiber optic,No internet service,No internet service,Yes,No,Yes,No internet service,One year,Yes,Mailed check,56.39,586.66,1
CUST_00185,Male,0,Yes,No,26,Yes,No,No,No,Yes,No,No internet service,Yes,Yes,Month-to-month,No,Mailed check,24.99,735.75,1
CUST_00186,Male,1,Yes,No,11,Yes,Yes,Fiber optic,No,No internet service,No internet service,No internet service,No internet service,Yes,One year,No,Electronic check,33.61,347.24,1
CUST_00187,Male,0,Yes,No,64,Yes,Yes,DSL,Yes,Yes,No,Yes,No internet service,Yes,Month-to-month,Yes,Electronic check,109.16,7032.78,1
CUST_00188,Male,0,No,Yes,43,Yes,No,No,Yes,No,No internet service,No,Yes,Yes,Two year,Yes,Bank transfer (automatic),35.0,1522.27,0
CUST_00189,Male,1,Yes,No,24,Yes,No,DSL,No internet service,No,Yes,No internet service,No internet service,No,One year,Yes,Electronic check,64.74,1534.29,1
CUST_00190,Male,1,Yes,No,56,Yes,Yes,DSL,Yes,No,No,Yes,Yes,No internet service,One year,Yes,Credit card (automatic),89.2,4990.07,1
CUST_00191,Female,0,Yes,No,2,No,No,DSL,Yes,No,No,Yes,Yes,No,Month-to-month,No,Electronic check,77.36,135.08,0
CUST_00192,Female,0,Yes,No,43,Yes,Yes,DSL,Yes,No,No,Yes,No internet service,Yes,Two year,Yes,Bank transfer (automatic),85.34,3678.68,0
CUST_00193,Female,0,Yes,No,49,Yes,No phone service,DSL,No internet service,No,No,Yes,Yes,No internet service,Month-to-month,Yes,Electronic check,54.88,2723.65,1
CUST_00194,Male,0,No,No,58,Yes,No,DSL,No,No,Yes,No internet service,No internet service,No internet service,Month-to-month,Yes,Credit card (automatic),86.22,4987.86,1
CUST_00195,Female,0,Yes,Yes,16,Yes,Yes,Fiber optic,No,No,No,No internet service,No,Yes,One year,Yes,Credit card (automatic),20.91,364.25,1
CUST_00196,Male,0,No,Yes,42,Yes,No phone service,Fiber optic,No internet service,No,No,No,No internet service,No internet service,One year,No,Electronic check,46.33,1990.35,1
CUST_00197,Male,1,Yes,No,55,Yes,Yes,No,No,No,No,No,Yes,No,Two year,Yes,Mailed check,32.36,1832.09,1
CUST_00198,Male,0,Yes,No,57,Yes,Yes,DSL,No internet service,Yes,Yes,No internet service,Yes,No internet service,One year,No,Credit card (automatic),65.53,3694.16,1
CUST_00199,Male,0,No,No,13,Yes,Yes,DSL,No,No,Yes,Yes,No internet service,Yes,One year,No,Bank transfer (automatic),34.58,447.82,0
CUST_00200,Female,0,Yes,No,70,Yes,Yes,Fiber optic,No,No,No internet service,Yes,No internet service,Yes,Month-to-month,No,Electronic check,74.74,5256.63,1
CUST_00201,Male,0,Yes,Yes,20,Yes,Yes,DSL,No internet service,Yes,No,Yes,No internet service,No internet service,Month-to-month,Yes,Bank transfer (automatic),38.07,723.36,1
CUST_00202,Female,0,No,Yes,28,Yes,Yes,DSL,No internet service,Yes,No,No internet service,Yes,Yes,Month-to-month,No,Electronic check,61.43,1674.2,1
CUST_00203,Male,1,No,No,14,Yes,Yes,Fiber optic,Yes,No internet service,Yes,No,No,No internet service,One year,No,Electronic check,27.42,382.96,1
CUST_00204,Female,1,No,Yes,11,Yes,Yes,Fiber optic,Yes,No internet service,No,No,Yes,Yes,One year,No,Credit card (automatic),64.0,689.55,1
CUST_00205,Male,0,Yes,No,19,Yes,No,DSL,No internet service,No,No,No,Yes,Yes,Month-to-month,Yes,Credit card (automatic),100.8,1909.17,1
CUST_00206,Male,0,No,No,10,Yes,No phone service,Fiber optic,No,No internet service,No internet service,Yes,No,No,One year,Yes,Electronic check,51.69,500.4,1
CUST_00207,Female,0,No,No,53,Yes,No,Fiber optic,No,No internet service,No,No,No,No,Month-to-month,Yes,Electronic check,90.63,4878.99,1
CUST_00208,Female,0,No,No,43,Yes,No,No,Yes,No,Yes,No internet service,No,Yes,Month-to-month,Yes,Electronic check,62.6,2675.64,1
CUST_00209,Male,1,Yes,No,28,Yes,No,DSL,No internet service,Yes,Yes,No internet service,Yes,No,Two year,No,Credit card (automatic),43.42,1236.26,1
CUST_00210,Female,0,Yes,No,39,Yes,No,Fiber optic,No,No,Yes,No,No internet service,No,Month-to-month,Yes,Credit card (automatic),50.35,1981.8,1
CUST_00211,Male,0,Yes,Yes,43,Yes,Yes,Fiber optic,No internet service,No internet service,No,Yes,No internet service,No,Month-to-month,No,Credit card (automatic),50.26,2102.07,0
CUST_00212,Female,0,Yes,No,14,Yes,No,DSL,No,No,No internet service,No internet service,Yes,Yes,One year,No,Electronic check,94.24,1370.67,1
CUST_00213,Female,0,No,No,22,Yes,Yes,Fiber optic,No internet service,Yes,Yes,No,No internet service,No,Month-to-month,Yes,Electronic check,40.09,903.88,1
CUST_00214,Male,0,Yes,Yes,63,Yes,Yes,Fiber optic,No,No internet service,No,No,No internet service,No,Month-to-month,Yes,Mailed check,117.78,7425.63,1
CUST_00215,Female,0,Yes,No,1,Yes,No,DSL,No,No internet service,No,Yes,Yes,No internet service,One year,Yes,Electronic check,88.75,125.76,1
CUST_00216,Male,0,Yes,No,68,Yes,No,Fiber optic,No,No,No,Yes,No,No,Month-to-month,Yes,Electronic check,60.12,4086.49,1
CUST_00217,Male,0,Yes,Yes,69,Yes,Yes,Fiber optic,No,No internet service,No,No,No internet service,No,Two year,No,Electronic check,119.8,8297.07,1
CUST_00218,Male,0,Yes,No,18,Yes,Yes,Fiber optic,No,No,No,No,No,Yes,Two year,Yes,Bank transfer (automatic),41.62,683.49,1
CUST_00219,Male,0,Yes,No,23,Yes,No,DSL,Yes,No internet service,Yes,Yes,Yes,Yes,Month-to-month,Yes,Bank transfer (automatic),96.29,2243.28,1
CUST_00220,Female,0,Yes,No,15,Yes,No,Fiber optic,No,No internet service,No,Yes,No,Yes,Two year,Yes,Bank transfer (automatic),47.09,712.78,1
CUST_00221,Male,1,No,No,40,Yes,No,DSL,No,Yes,No,No,No internet service,No,Month-to-month,No,Electronic check,74.36,2981.37,1
CUST_00222,Male,0,Yes,No,16,Yes,No,Fiber optic,Yes,No internet service,No,No,No,No internet service,Month-to-month,No,Bank transfer (automatic),25.44,377.56,1
CUST_00223,Female,0,No,No,57,Yes,No,Fiber optic,No,No,Yes,No,Yes,No internet service,One year,No,Mailed check,104.65,5957.39,1
CUST_00224,Male,0,Yes,No,28,Yes,No phone service,Fiber optic,No,No internet service,No,Yes,Yes,No,One year,Yes,Electronic check,56.62,1576.68,1
CUST_00225,Female,0,Yes,Yes,69,Yes,No,Fiber optic,Yes,No internet service,No internet service,No internet service,No internet service,No,Month-to-month,Yes,Bank transfer (automatic),78.45,5373.18,1
CUST_00226,Male,0,Yes,Yes,61,Yes,No,DSL,No,No internet service,No,No internet service,No,No,Month-to-month,No,Bank transfer (automatic),112.73,6889.07,1
CUST_00227,Female,0,Yes,No,29,Yes,No phone service,DSL,Yes,No internet service,Yes,No,No internet service,Yes,Month-to-month,Yes,Electronic check,23.02,722.64,1
CUST_00228,Female,1,Yes,No,43,Yes,Yes,Fiber optic,No internet service,No internet service,No internet service,No,Yes,No,Month-to-month,Yes,Credit card (automatic),116.8,4972.65,1
CUST_00229,Female,0,Yes,Yes,2,Yes,No,DSL,No internet service,Yes,Yes,No internet service,No internet service,Yes,Month-to-month,No,Mailed check,72.52,162.2,1
CUST_00230,Male,0,No,No,5,Yes,Yes,Fiber optic,No,No,No internet service,Yes,Yes,Yes,Two year,Yes,Bank transfer (automatic),98.07,475.63,1
CUST_00231,Male,0,Yes,No,36,Yes,No phone service,Fiber optic,No,Yes,Yes,No internet service,No internet service,No internet service,Two year,Yes,Credit card (automatic),67.3,2404.04,0
CUST_00232,Female,0,Yes,No,34,Yes,No,No,Yes,No internet service,No internet service,No,No internet service,No,Month-to-month,No,Bank transfer (automatic),101.59,3456.68,1
CUST_00233,Male,0,No,No,29,Yes,No,DSL,No internet service,No,Yes,No,Yes,Yes,Month-to-month,Yes,Mailed check,108.06,3136.89,1
CUST_00234,Female,0,Yes,No,7,Yes,No phone service,Fiber optic,Yes,No,No,No,Yes,No,Month-to-month,Yes,Electronic check,58.17,413.65,1
CUST_00235,Male,0,Yes,No,60,Yes,Yes,DSL,No internet service,Yes,No internet service,Yes,No internet service,No internet service,Month-to-month,Yes,Mailed check,92.26,5496.02,1
CUST_00236,Female,0,Yes,No,29,Yes,No phone service,No,No internet service,No,No,No internet service,No internet service,Yes,One year,Yes,Credit card (automatic),119.86,3514.09,0
CUST_00237,Female,1,Yes,Yes,34,Yes,No,Fiber optic,Yes,No,Yes,No,No,No internet service,One year,Yes,Credit card (automatic),95.71,3256.98,1
CUST_00238,Male,0,Yes,No,29,Yes,No phone service,Fiber optic,No,No internet service,Yes,Yes,Yes,No internet service,Month-to-month,No,Bank transfer (automatic),115.69,3375.79,1
CUST_00239,Male,1,No,Yes,36,Yes,No,Fiber optic,No,No internet service,Yes,No,No internet service,No,Two year,No,Bank transfer (automatic),93.66,3414.27,1
CUST_00240,Female,0,No,No,47,Yes,Yes,DSL,No,No,Yes,No internet service,No,Yes,Two year,No,Bank transfer (automatic),52.99,2423.29,1
CUST_00241,Male,0,No,Yes,55,Yes,No phone service,Fiber optic,Yes,No internet service,No,No internet service,Yes,Yes,Month-to-month,No,Bank transfer (automatic),102.72,5671.67,0
CUST_00242,Female,1,Yes,No,40,Yes,No,No,No,Yes,No,No,No,Yes,Two year,Yes,Electronic check,86.63,3459.45,1
CUST_00243,Male,0,Yes,No,12,Yes,No,DSL,Yes,Yes,No internet service,Yes,Yes,Yes,Month-to-month,Yes,Mailed check,23.31,315.38,0
CUST_00244,Female,0,Yes,Yes,63,Yes,Yes,No,No internet service,No,No internet service,No,No internet service,No internet service,Two year,Yes,Mailed check,37.24,2318.07,1
CUST_00245,Female,0,Yes,No,21,Yes,No phone service,No,No,No,No internet service,Yes,No internet service,No internet service,One year,Yes,Mailed check,46.13,1001.47,1
CUST_00246,Male,0,Yes,Yes,2,Yes,No,No,No,Yes,No,No internet service,Yes,Yes,Month-to-month,Yes,Mailed check,94.36,151.79,1
CUST_00247,Female,1,Yes,No,3,Yes,No phone service,No,No internet service,Yes,No,No internet service,Yes,Yes,Month-to-month,Yes,Credit card (automatic),99.71,313.21,1
CUST_00248,Male,0,Yes,No,55,Yes,No,DSL,No,No,No,No internet service,Yes,No,One year,No,Credit card (automatic),102.69,5657.9,1
CUST_00249,Female,0,Yes,No,28,Yes,No,Fiber optic,No,Yes,No,Yes,Yes,Yes,Two year,Yes,Credit card (automatic),26.72,742.72,1
CUST_00250,Male,0,Yes,No,2,Yes,No,DSL,No,No,Yes,No internet service,No internet service,No,Two year,No,Credit card (automatic),27.22,18.32,1
CUST_00251,Male,0,No,No,58,Yes,No phone service,Fiber optic,No,No,No internet service,No internet service,No internet service,No internet service,Month-to-month,Yes,Bank transfer (automatic),49.94,2883.62,1
CUST_00252,Male,1,Yes,No,22,No,No,DSL,No,No internet service,No,No,Yes,Yes,Two year,Yes,Bank transfer (automatic),88.12,1970.94,1
CUST_00253,Male,0,No,No,70,Yes,Yes,No,No internet service,Yes,No,No internet service,Yes,Yes,Month-to-month,No,Electronic check,104.22,7347.47,1
CUST_00254,Male,0,Yes,No,63,Yes,No,DSL,Yes,Yes,No,No,Yes,No,Month-to-month,Yes,Credit card (automatic),106.94,6805.62,1
CUST_00255,Female,0,No,No,4,Yes,No phone service,DSL,No,Yes,Yes,No,No,Yes,Month-to-month,Yes,Electronic check,40.75,181.44,1
CUST_00256,Male,0,Yes,Yes,50,Yes,Yes,DSL,No internet service,Yes,No,Yes,Yes,No internet service,Two year,Yes,Bank transfer (automatic),96.74,4845.8,0
CUST_00257,Female,0,Yes,No,43,Yes,No,Fiber optic,No,No internet service,No,Yes,Yes,No internet service,One year,Yes,Electronic check,84.08,3631.15,1
CUST_00258,Male,0,Yes,Yes,13,Yes,No,DSL,No internet service,No,No internet service,Yes,No internet service,Yes,Month-to-month,Yes,Mailed check,112.67,1532.21,1
CUST_00259,Male,0,Yes,No,25,Yes,No,DSL,Yes,Yes,No,No,No,No,One year,Yes,Electronic check,97.29,2450.47,1
CUST_00260,Female,0,No,No,35,Yes,No,DSL,Yes,No internet service,No,No,No internet service,No internet service,Two year,Yes,Bank transfer (automatic),72.86,2553.15,0
CUST_00261,Female,0,Yes,No,11,Yes,No phone service,DSL,No,No internet service,No,Yes,Yes,Yes,Month-to-month,Yes,Credit card (automatic),98.32,1071.88,1
CUST_00262,Male,0,Yes,Yes,52,No,Yes,No,No,Yes,No internet service,Yes,Yes,Yes,Month-to-month,No,Electronic check,50.83,2637.57,1
CUST_00263,Male,0,No,Yes,20,Yes,No,Fiber optic,No internet service,Yes,No internet service,No,No internet service,No internet service,Month-to-month,Yes,Electronic check,98.61,1985.72,1
CUST_00264,Female,0,Yes,No,67,Yes,Yes,DSL,No,No internet service,No,No internet service,No internet service,Yes,Month-to-month,Yes,Credit card (automatic),98.12,6547.74,1
CUST_00265,Female,1,No,Yes,57,Yes,Yes,DSL,Yes,No,No,No,No,No,Month-to-month,No,Electronic check,105.52,5992.71,1
CUST_00266,Female,0,No,No,46,Yes,No,DSL,No,No internet service,No,No internet service,No,Yes,One year,No,Bank transfer (automatic),44.24,2032.81,1
CUST_00267,Male,0,Yes,No,9,Yes,No,DSL,No,Yes,No internet service,No internet service,Yes,Yes,Month-to-month,Yes,Credit card (automatic),104.9,928.28,1
CUST_00268,Male,1,Yes,No,2,Yes,No,DSL,No,No internet service,No internet service,No,No,No internet service,Two year,Yes,Bank transfer (automatic),36.91,94.7,1
CUST_00269,Female,0,Yes,Yes,11,Yes,Yes,DSL,Yes,Yes,No,No,Yes,No,Two year,No,Electronic check,97.19,1092.68,1
CUST_00270,Female,0,No,Yes,36,Yes,No,DSL,No,No,No,No,Yes,No,Month-to-month,Yes,Bank transfer (automatic),112.99,4076.83,1
CUST_00271,Male,0,Yes,No,56,Yes,Yes,DSL,No internet service,No internet service,Yes,No internet service,No,Yes,Month-to-month,Yes,Credit card (automatic),23.58,1337.63,1
CUST_00272,Male,0,Yes,No,11,Yes,No,Fiber optic,No,No,Yes,No,Yes,No internet service,Month-to-month,No,Electronic check,82.6,912.72,1
CUST_00273,Male,1,Yes,Yes,51,Yes,Yes,DSL,No,Yes,Yes,No internet service,Yes,Yes,One year,Yes,Bank transfer (automatic),85.96,4251.23,1
CUST_00274,Female,0,No,Yes,4,Yes,No,Fiber optic,Yes,Yes,Yes,No,Yes,No,Month-to-month,Yes,Electronic check,101.51,375.38,1
CUST_00275,Male,0,No,No,19,Yes,Yes,Fiber optic,No internet service,No internet service,No,Yes,Yes,Yes,One year,Yes,Credit card (automatic),30.28,600.08,1
CUST_00276,Male,0,No,No,43,Yes,No,No,Yes,Yes,No,No,No internet service,No,One year,Yes,Electronic check,110.94,4741.06,1
CUST_00277,Male,0,No,Yes,59,Yes,No,DSL,No,No,No,No internet service,No internet service,No,One year,Yes,Electronic check,119.38,7073.36,1
CUST_00278,Female,0,No,Yes,56,Yes,No,Fiber optic,No,Yes,No,No internet service,Yes,Yes,Month-to-month,Yes,Electronic check,87.21,4915.67,1
CUST_00279,Male,0,Yes,No,38,Yes,Yes,No,Yes,Yes,Yes,No internet service,Yes,No,Two year,Yes,Credit card (automatic),62.99,2384.33,1
CUST_00280,Male,0,No,Yes,3,No,Yes,No,No,No internet service,No,No,No internet service,Yes,Two year,Yes,Mailed check,83.5,229.83,1
CUST_00281,Male,0,Yes,Yes,21,Yes,No,No,Yes,Yes,Yes,No,Yes,No,One year,Yes,Electronic check,25.47,535.21,0
CUST_00282,Male,0,Yes,No,56,Yes,Yes,DSL,No internet service,No,Yes,No internet service,No,No,Month-to-month,Yes,Electronic check,95.3,5335.26,1
CUST_00283,Female,0,No,No,6,Yes,Yes,No,Yes,No,No internet service,Yes,Yes,No internet service,One year,No,Credit card (automatic),27.0,183.95,0
CUST_00284,Male,0,No,Yes,51,No,Yes,No,No internet service,Yes,Yes,Yes,No,Yes,Two year,No,Electronic check,52.26,2583.32,0
CUST_00285,Male,0,Yes,No,50,Yes,Yes,DSL,No,No,No,No,Yes,Yes,Month-to-month,Yes,Bank transfer (automatic),33.94,1671.31,1
CUST_00286,Female,0,Yes,Yes,54,Yes,No,DSL,Yes,No,No,No,No,Yes,One year,Yes,Bank transfer (automatic),92.6,4964.97,1
CUST_00287,Male,0,Yes,Yes,16,Yes,Yes,No,No,No internet service,No,No,No,Yes,Month-to-month,Yes,Bank transfer (automatic),79.44,1182.9,1
CUST_00288,Female,0,No,No,18,Yes,Yes,DSL,Yes,No internet service,No,No internet service,Yes,No,Month-to-month,No,Bank transfer (automatic),89.92,1601.24,1
CUST_00289,Female,0,Yes,No,15,Yes,Yes,Fiber optic,No internet service,No internet service,No,Yes,Yes,Yes,One year,Yes,Credit card (automatic),26.46,344.41,1
CUST_00290,Male,0,No,No,28,Yes,No,Fiber optic,Yes,No,No,No internet service,No,Yes,Two year,Yes,Electronic check,57.04,1583.56,1
CUST_00291,Female,1,Yes,No,38,Yes,Yes,Fiber optic,No internet service,No internet service,No,No,No internet service,Yes,Month-to-month,No,Mailed check,60.62,2286.48,1
CUST_00292,Male,0,No,Yes,9,Yes,No,DSL,Yes,No,No internet service,No internet service,No,No,Month-to-month,No,Electronic check,80.24,738.03,1
CUST_00293,Female,0,Yes,No,41,Yes,Yes,Fiber optic,Yes,No,Yes,No,Yes,No,Month-to-month,No,Electronic check,30.23,1230.67,1
CUST_00294,Male,0,No,No,17,Yes,No,Fiber optic,Yes,Yes,No,No,No,Yes,Month-to-month,Yes,Mailed check,84.72,1381.04,1
CUST_00295,Female,0,Yes,Yes,40,Yes,No,No,No,Yes,Yes,No internet service,Yes,No internet service,One year,No,Mailed check,59.47,2390.93,1
CUST_00296,Female,0,Yes,No,22,Yes,Yes,DSL,No,Yes,Yes,No,No internet service,Yes,Month-to-month,Yes,Credit card (automatic),110.59,2517.68,1
CUST_00297,Female,0,Yes,Yes,68,Yes,No phone service,DSL,No internet service,Yes,No internet service,Yes,No internet service,No,One year,No,Credit card (automatic),64.98,4456.27,0
CUST_00298,Male,0,Yes,No,23,Yes,No,DSL,No,No internet service,No,Yes,Yes,Yes,Month-to-month,Yes,Electronic check,30.21,718.6,1
CUST_00299,Male,0,Yes,No,62,Yes,Yes,DSL,Yes,No internet service,Yes,Yes,No,No internet service,One year,No,Bank transfer (automatic),30.34,1874.24,0
CUST_00300,Male,0,No,Yes,13,No,Yes,No,No internet service,Yes,No,No,No,Yes,Month-to-month,No,Bank transfer (automatic),45.43,573.41,1
CUST_00301,Male,0,No,No,7,Yes,No phone service,DSL,No,No internet service,Yes,No,Yes,No internet service,One year,No,Credit card (automatic),43.98,288.25,1
CUST_00302,Female,0,No,Yes,14,Yes,Yes,DSL,No internet service,No,No,No,No,No,Month-to-month,Yes,Electronic check,99.67,1403.8,1
CUST_00303,Male,0,No,No,30,Yes,No,No,No,No,No,No,Yes,No,Month-to-month,Yes,Bank transfer (automatic),92.24,2727.44,0
CUST_00304,Female,0,Yes,Yes,65,Yes,No,DSL,No,No internet service,No internet service,Yes,No,No,One year,Yes,Electronic check,27.67,1806.26,1
CUST_00305,Female,0,No,Yes,13,Yes,Yes,DSL,Yes,No,Yes,Yes,No,Yes,Month-to-month,Yes,Electronic check,105.14,1343.59,1
CUST_00306,Male,0,No,No,56,Yes,No,Fiber optic,No internet service,No,No,No internet service,No,Yes,Month-to-month,No,Bank transfer (automatic),29.61,1598.15,0
CUST_00307,Male,1,Yes,No,50,Yes,No phone service,Fiber optic,Yes,Yes,No internet service,No internet service,No,No internet service,Two year,Yes,Electronic check,98.56,4904.28,1
CUST_00308,Female,0,No,Yes,25,Yes,No phone service,No,No internet service,Yes,No internet service,No,Yes,No internet service,One year,Yes,Electronic check,31.16,822.79,1
CUST_00309,Male,0,Yes,No,24,Yes,No phone service,Fiber optic,Yes,No internet service,Yes,No,No,Yes,Month-to-month,Yes,Bank transfer (automatic),57.64,1388.2,1
CUST_00310,Male,1,No,Yes,68,Yes,No,DSL,No internet service,Yes,No,No internet service,No,Yes,One year,No,Electronic check,95.09,6341.78,1
CUST_00311,Female,1,No,No,51,Yes,Yes,Fiber optic,No internet service,Yes,No internet service,No internet service,No,Yes,Month-to-month,Yes,Electronic check,45.36,2289.78,1
CUST_00312,Female,0,No,No,17,Yes,Yes,No,No internet service,Yes,No,No,Yes,No internet service,Month-to-month,Yes,Mailed check,31.33,564.22,1
CUST_00313,Male,1,Yes,Yes,65,Yes,No,DSL,No,No,No,No,No,No,Month-to-month,Yes,Bank transfer (automatic),98.72,6406.36,1
CUST_00314,Male,1,No,No,29,No,No,Fiber optic,No,No,No,Yes,Yes,No,Month-to-month,Yes,Bank transfer (automatic),89.1,2602.23,1
CUST_00315,Male,0,Yes,No,6,Yes,No,Fiber optic,No internet service,No internet service,No internet service,No,Yes,Yes,Month-to-month,Yes,Credit card (automatic),109.13,640.94,1
CUST_00316,Female,0,No,No,58,Yes,No,Fiber optic,No,No,No,No,Yes,No internet service,Month-to-month,Yes,Electronic check,84.16,4887.72,1
CUST_00317,Female,0,Yes,No,62,Yes,No phone service,Fiber optic,No,No internet service,Yes,Yes,No,Yes,Month-to-month,No,Electronic check,27.4,1700.04,1
CUST_00318,Female,0,No,No,32,Yes,No phone service,DSL,Yes,No,No,Yes,Yes,Yes,Month-to-month,Yes,Electronic check,83.86,2660.91,1
CUST_00319,Female,0,No,No,50,No,No,Fiber optic,No,No,No,No internet service,Yes,No internet service,Month-to-month,No,Mailed check,102.25,5132.5,1
CUST_00320,Female,0,Yes,No,17,Yes,Yes,DSL,No,Yes,No,Yes,Yes,No,Month-to-month,Yes,Electronic check,28.37,535.89,1
CUST_00321,Male,0,Yes,No,61,Yes,No,Fiber optic,No,Yes,No,No internet service,No,No,One year,Yes,Credit card (automatic),33.57,2061.23,1
CUST_00322,Male,0,No,No,27,Yes,No,Fiber optic,Yes,No internet service,No,No internet service,No internet service,No internet service,Month-to-month,No,Mailed check,87.76,2373.16,1
CUST_00323,Female,0,Yes,No,19,Yes,No,DSL,No,No internet service,No,No,No internet service,Yes,Month-to-month,No,Mailed check,99.13,1853.96,1
CUST_00324,Female,1,Yes,No,36,Yes,Yes,DSL,No internet service,No,No internet service,Yes,No internet service,Yes,Month-to-month,Yes,Credit card (automatic),55.32,2024.36,1
CUST_00325,Female,0,Yes,No,19,Yes,Yes,No,No,No internet service,No,No internet service,No internet service,Yes,Month-to-month,Yes,Bank transfer (automatic),93.53,1759.18,1
CUST_00326,Male,0,Yes,No,45,Yes,No phone service,DSL,No internet service,No internet service,No,No,Yes,Yes,One year,Yes,Bank transfer (automatic),36.74,1672.92,1
CUST_00327,Male,0,No,No,54,Yes,No phone service,DSL,Yes,Yes,No,Yes,Yes,No,One year,Yes,Mailed check,64.4,3504.26,0
CUST_00328,Male,1,No,No,29,Yes,No,DSL,No,No,Yes,No,Yes,No,One year,Yes,Electronic check,94.8,2783.76,1
CUST_00329,Male,1,Yes,No,56,Yes,Yes,Fiber optic,No,No internet service,No,Yes,Yes,Yes,Month-to-month,Yes,Mailed check,39.9,2269.61,1
CUST_00330,Female,1,Yes,No,31,Yes,No,DSL,No,No internet service,Yes,No,No internet service,No internet service,Month-to-month,Yes,Electronic check,54.89,1735.54,1
CUST_00331,Female,1,Yes,No,69,Yes,No,No,No,Yes,No internet service,No internet service,No internet service,Yes,One year,Yes,Mailed check,82.91,5676.82,1
CUST_00332,Male,0,Yes,No,19,Yes,Yes,Fiber optic,Yes,Yes,No,No,No,Yes,Two year,No,Credit card (automatic),54.6,1007.33,1
CUST_00333,Male,0,No,No,51,Yes,No,DSL,No,No,Yes,No internet service,No internet service,Yes,Month-to-month,Yes,Mailed check,107.42,5430.38,1
CUST_00334,Female,0,Yes,Yes,39,Yes,No,Fiber optic,Yes,Yes,No,No,No,No internet service,One year,No,Electronic check,115.67,4460.74,1
CUST_00335,Male,0,No,No,67,Yes,No,DSL,No,Yes,No internet service,No internet service,Yes,Yes,Month-to-month,Yes,Electronic check,84.23,5696.8,1
CUST_00336,Female,1,No,Yes,16,Yes,No,DSL,No internet service,No,Yes,No internet service,Yes,No internet service,Two year,No,Credit card (automatic),98.24,1537.33,1
CUST_00337,Female,0,No,Yes,14,Yes,No phone service,Fiber optic,Yes,No,No internet service,Yes,No internet service,No internet service,Month-to-month,No,Electronic check,110.67,1509.95,1
CUST_00338,Male,0,No,No,62,Yes,No,DSL,No,Yes,Yes,No internet service,No,No internet service,Month-to-month,Yes,Mailed check,90.19,5589.82,1
CUST_00339,Male,0,Yes,No,64,Yes,Yes,No,No,No,Yes,No internet service,Yes,No internet service,Month-to-month,Yes,Bank transfer (automatic),97.33,6203.01,1
CUST_00340,Female,0,Yes,No,54,Yes,No phone service,Fiber optic,No,Yes,No,No,Yes,No,One year,Yes,Electronic check,28.02,1592.25,1
CUST_00341,Female,0,Yes,Yes,34,Yes,Yes,DSL,Yes,No,Yes,No internet service,No internet service,No internet service,One year,No,Bank transfer (automatic),102.38,3471.35,0
CUST_00342,Male,0,No,No,30,No,No,No,No,No internet service,No internet service,Yes,No internet service,No,One year,Yes,Electronic check,47.46,1439.38,1
CUST_00343,Female,1,No,No,48,Yes,No phone service,Fiber optic,No internet service,No internet service,No,Yes,No,Yes,One year,No,Bank transfer (automatic),27.08,1272.52,1
CUST_00344,Female,0,Yes,No,54,No,No,DSL,No,Yes,No,Yes,No internet service,Yes,Month-to-month,No,Electronic check,78.95,4205.13,1
CUST_00345,Female,1,Yes,No,20,Yes,No,Fiber optic,No,No internet service,No,No,Yes,No internet service,Month-to-month,Yes,Electronic check,42.68,828.1,1
CUST_00346,Male,0,Yes,No,1,Yes,Yes,No,No,No internet service,No,Yes,No internet service,Yes,Two year,No,Electronic check,27.98,2.85,1
CUST_00347,Female,0,No,Yes,6,Yes,No,Fiber optic,No internet service,No,No,Yes,No,No internet service,Month-to-month,No,Credit card (automatic),80.96,460.39,1
CUST_00348,Female,0,No,Yes,25,Yes,Yes,Fiber optic,Yes,No internet service,No,No internet service,No,No internet service,Month-to-month,No,Mailed check,29.86,690.5,1
CUST_00349,Male,0,No,Yes,49,Yes,No,Fiber optic,Yes,Yes,No internet service,No,No internet service,Yes,Month-to-month,Yes,Credit card (automatic),108.72,5332.04,1
CUST_00350,Male,0,No,No,32,Yes,Yes,DSL,No,Yes,No,No internet service,No internet service,Yes,Month-to-month,Yes,Mailed check,116.93,3729.97,1
CUST_00351,Female,1,Yes,Yes,44,Yes,Yes,DSL,No,No internet service,No,Yes,Yes,Yes,Month-to-month,Yes,Credit card (automatic),93.82,4074.11,1
CUST_00352,Male,0,No,Yes,34,Yes,No phone service,Fiber optic,No,No,No,Yes,No internet service,Yes,One year,Yes,Mailed check,48.77,1661.9,1
CUST_00353,Male,0,No,Yes,18,Yes,No,No,Yes,No,No,No internet service,No,No,One year,Yes,Mailed check,76.25,1399.18,1
CUST_00354,Male,0,Yes,Yes,54,Yes,No,Fiber optic,Yes,Yes,No,No,Yes,Yes,Month-to-month,No,Bank transfer (automatic),23.14,1291.48,1
CUST_00355,Female,0,No,No,52,Yes,No phone service,DSL,No,Yes,No,No,No,Yes,Month-to-month,Yes,Electronic check,82.14,4186.57,1
CUST_00356,Female,0,Yes,Yes,69,Yes,Yes,Fiber optic,Yes,Yes,No,No internet service,No,No,Two year,Yes,Credit card (automatic),46.38,3174.64,0
CUST_00357,Male,1,No,No,59,Yes,No,DSL,No,Yes,Yes,No,No,Yes,One year,Yes,Credit card (automatic),65.5,3816.52,1
CUST_00358,Female,0,No,Yes,27,Yes,No,DSL,No,No internet service,No internet service,No,Yes,Yes,Two year,No,Electronic check,37.89,1000.2,0
CUST_00359,Male,0,No,Yes,51,Yes,Yes,Fiber optic,Yes,Yes,No internet service,No,Yes,Yes,Month-to-month,Yes,Credit card (automatic),118.66,6100.26,1
CUST_00360,Female,0,Yes,Yes,25,Yes,Yes,DSL,No,No internet service,No,Yes,Yes,No internet service,Two year,Yes,Electronic check,40.74,993.05,1
CUST_00361,Female,0,Yes,No,62,Yes,Yes,No,No internet service,Yes,No internet service,No,No internet service,Yes,Two year,Yes,Bank transfer (automatic),61.69,3808.15,1
CUST_00362,Female,0,No,Yes,44,Yes,No phone service,Fiber optic,No internet service,No,No internet service,No,Yes,Yes,Month-to-month,Yes,Credit card (automatic),45.46,1971.22,1
CUST_00363,Male,0,No,No,60,Yes,No,Fiber optic,Yes,No internet service,No internet service,Yes,No,Yes,One year,Yes,Electronic check,74.16,4506.51,1
CUST_00364,Female,0,Yes,Yes,20,Yes,No,No,No,Yes,Yes,No,No,No,Month-to-month,Yes,Electronic check,110.53,2130.11,1
CUST_00365,Male,1,No,No,2,Yes,Yes,Fiber optic,No internet service,Yes,No,No,Yes,No internet service,One year,Yes,Bank transfer (automatic),36.34,53.21,1
CUST_00366,Female,0,Yes,Yes,11,Yes,No phone service,No,No,No internet service,No,No,Yes,Yes,One year,Yes,Mailed check,34.08,344.58,1
CUST_00367,Male,0,No,No,38,Yes,No,No,Yes,Yes,No,No internet service,Yes,No,Month-to-month,Yes,Mailed check,27.41,981.34,1
CUST_00368,Male,0,No,No,69,Yes,Yes,Fiber optic,Yes,Yes,No,No internet service,No internet service,No,Month-to-month,No,Bank transfer (automatic),78.94,5485.44,1
CUST_00369,Male,1,Yes,Yes,45,Yes,No,DSL,No,No internet service,No,No,No internet service,No internet service,Month-to-month,Yes,Electronic check,80.21,3546.34,1
CUST_00370,Female,0,Yes,Yes,58,No,No,DSL,No internet service,No,No internet service,No internet service,Yes,No,One year,No,Electronic check,102.14,5908.04,1
CUST_00371,Male,0,No,No,34,Yes,No phone service,No,No internet service,No,No internet service,No internet service,Yes,No,One year,Yes,Credit card (automatic),103.6,3519.64,1
CUST_00372,Female,0,No,Yes,69,Yes,No,DSL,No internet service,Yes,No,Yes,No,Yes,Month-to-month,Yes,Bank transfer (automatic),30.19,2056.83,0
CUST_00373,Male,0,No,Yes,67,Yes,No,No,No,Yes,No internet service,Yes,Yes,Yes,Two year,No,Bank transfer (automatic),111.05,7379.65,1
CUST_00374,Male,0,Yes,No,16,Yes,Yes,DSL,No,No,No internet service,Yes,No,No internet service,Month-to-month,Yes,Electronic check,102.94,1641.15,1
CUST_00375,Female,0,No,Yes,62,Yes,No,Fiber optic,Yes,No,No,Yes,Yes,Yes,Month-to-month,Yes,Credit card (automatic),84.72,5225.98,1
CUST_00376,Male,0,Yes,No,2,Yes,No,DSL,Yes,Yes,No internet service,No,No,Yes,Month-to-month,Yes,Electronic check,54.71,137.72,1
CUST_00377,Female,0,Yes,No,43,Yes,Yes,No,Yes,No internet service,Yes,No,Yes,No,One year,No,Electronic check,94.56,4084.14,1
CUST_00378,Female,0,Yes,No,32,Yes,No,DSL,No internet service,No internet service,Yes,No internet service,No internet service,No internet service,One year,Yes,Electronic check,82.07,2694.29,1
CUST_00379,Male,0,No,Yes,22,Yes,Yes,DSL,Yes,No,No internet service,No,Yes,Yes,One year,Yes,Bank transfer (automatic),55.3,1220.45,1
CUST_00380,Male,0,No,No,67,Yes,No,No,No,No,No,Yes,Yes,No internet service,Two year,Yes,Electronic check,21.33,1449.73,0
CUST_00381,Male,0,No,No,48,Yes,No,DSL,No,No,No,No internet service,No internet service,Yes,Month-to-month,Yes,Electronic check,79.25,3791.44,1
CUST_00382,Female,1,No,Yes,10,Yes,Yes,DSL,No,No,No internet service,No,Yes,No internet service,Month-to-month,Yes,Mailed check,77.65,836.41,1
CUST_00383,Female,0,Yes,No,10,Yes,No,No,No,Yes,No,Yes,Yes,No internet service,One year,No,Bank transfer (automatic),35.46,354.96,1
CUST_00384,Male,0,Yes,No,9,Yes,No phone service,No,Yes,No internet service,Yes,Yes,Yes,No internet service,Month-to-month,No,Electronic check,110.63,992.08,1
CUST_00385,Male,1,Yes,No,22,Yes,No phone service,DSL,No,No,Yes,No,No,No internet service,Month-to-month,No,Bank transfer (automatic),35.93,809.38,1
CUST_00386,Male,0,Yes,Yes,5,Yes,No phone service,Fiber optic,No,No internet service,No,No,No,No internet service,Month-to-month,Yes,Electronic check,48.71,220.98,1
CUST_00387,Male,0,Yes,Yes,19,Yes,No,DSL,No internet service,No internet service,Yes,No,No,No internet service,Month-to-month,Yes,Electronic check,57.2,1069.31,1
CUST_00388,Female,1,No,No,55,Yes,No,DSL,No,Yes,Yes,No internet service,Yes,No,Month-to-month,Yes,Electronic check,88.3,4875.4,1
CUST_00389,Female,0,No,No,63,Yes,No phone service,Fiber optic,No internet service,No,No internet service,No,Yes,Yes,Month-to-month,Yes,Credit card (automatic),28.16,1799.71,1
CUST_00390,Male,0,No,No,56,Yes,Yes,DSL,No,No,No,No internet service,Yes,Yes,Two year,Yes,Bank transfer (automatic),90.24,5074.34,0
CUST_00391,Female,0,Yes,Yes,36,Yes,Yes,Fiber optic,Yes,No,No,No,Yes,Yes,Month-to-month,Yes,Electronic check,61.45,2209.39,1
CUST_00392,Male,0,No,No,50,Yes,No phone service,DSL,No,No internet service,Yes,No,Yes,No,Two year,Yes,Electronic check,38.29,1923.96,0
CUST_00393,Male,0,Yes,Yes,68,Yes,No,No,No internet service,Yes,No,Yes,No,Yes,Month-to-month,No,Electronic check,31.21,2155.89,0
CUST_00394,Female,0,Yes,No,4,Yes,No,Fiber optic,Yes,No,No,No,No,No internet service,Two year,No,Mailed check,61.23,206.63,1
CUST_00395,Female,0,Yes,No,65,Yes,Yes,DSL,Yes,No internet service,No,No,No,Yes,Month-to-month,No,Bank transfer (automatic),64.6,4199.05,1
CUST_00396,Female,0,Yes,Yes,52,Yes,Yes,No,No internet service,No internet service,No,No,No,Yes,Month-to-month,Yes,Electronic check,33.73,1652.06,0
CUST_00397,Male,0,Yes,Yes,28,Yes,No,No,No internet service,Yes,No,No,No,Yes,Month-to-month,No,Credit card (automatic),68.25,1936.91,1
CUST_00398,Male,0,No,Yes,32,Yes,Yes,DSL,Yes,No internet service,Yes,No,Yes,Yes,Month-to-month,Yes,Electronic check,70.24,2220.29,1
CUST_00399,Male,1,Yes,No,32,Yes,Yes,No,No internet service,Yes,Yes,No,No,Yes,One year,Yes,Electronic check,118.1,3752.74,1
CUST_00400,Male,0,Yes,Yes,12,Yes,No,DSL,No,No,No,No,Yes,No,Month-to-month,Yes,Electronic check,91.33,1091.69,1
CUST_00401,Female,0,Yes,No,17,Yes,No,DSL,No,Yes,Yes,No,No,Yes,Month-to-month,Yes,Electronic check,21.22,382.41,1
CUST_00402,Female,0,No,No,21,Yes,Yes,Fiber optic,No,No,Yes,No internet service,Yes,No internet service,One year,Yes,Credit card (automatic),67.69,1505.2,1
CUST_00403,Male,0,Yes,No,1,Yes,Yes,DSL,No internet service,Yes,Yes,No,No,Yes,One year,No,Mailed check,22.16,0.0,0
CUST_00404,Female,0,Yes,No,36,Yes,No phone service,Fiber optic,Yes,Yes,No internet service,No,No internet service,No,Month-to-month,Yes,Bank transfer (automatic),71.12,2530.59,1
CUST_00405,Male,1,No,No,34,Yes,No,Fiber optic,No internet service,Yes,No,No,Yes,No,Month-to-month,No,Electronic check,53.79,1836.86,1
CUST_00406,Female,0,Yes,No,24,Yes,No phone service,No,Yes,No internet service,No,No,Yes,Yes,Month-to-month,Yes,Electronic check,110.35,2622.96,1
CUST_00407,Male,0,No,No,13,Yes,Yes,DSL,No,No,No,No internet service,No internet service,Yes,Month-to-month,No,Electronic check,69.33,930.55,1
CUST_00408,Male,1,Yes,No,69,Yes,Yes,DSL,No,No,No,No internet service,Yes,No internet service,One year,No,Mailed check,104.99,7238.44,1
CUST_00409,Female,0,Yes,No,49,Yes,No,DSL,No internet service,No,Yes,No internet service,Yes,No,Month-to-month,Yes,Electronic check,78.39,3872.1,1
CUST_00410,Male,0,Yes,No,34,Yes,No,DSL,No internet service,No,No,No internet service,Yes,Yes,Two year,No,Electronic check,59.65,2019.4,1
CUST_00411,Male,0,No,No,52,Yes,Yes,No,No internet service,Yes,No,No,Yes,No,One year,No,Credit card (automatic),42.97,2253.51,1
CUST_00412,Male,0,Yes,No,27,Yes,No,Fiber optic,No,Yes,No,No internet service,No,Yes,One year,Yes,Bank transfer (automatic),38.32,1001.14,1
CUST_00413,Male,0,No,Yes,16,Yes,No,Fiber optic,Yes,No,Yes,No internet service,No internet service,Yes,Two year,No,Electronic check,99.45,1659.01,1
CUST_00414,Male,0,Yes,No,48,Yes,No phone service,Fiber optic,No internet service,No internet service,No internet service,No internet service,No,Yes,Two year,No,Bank transfer (automatic),108.3,5138.91,1
CUST_00415,Male,1,No,Yes,55,Yes,No,DSL,No,Yes,No,No internet service,No,No internet service,One year,Yes,Electronic check,52.41,2857.78,1
CUST_00416,Female,1,Yes,No,47,No,No phone service,DSL,No,No,Yes,No,No internet service,Yes,One year,Yes,Bank transfer (automatic),69.46,3214.91,1
CUST_00417,Female,1,Yes,No,41,Yes,Yes,Fiber optic,No,No internet service,No internet service,No,No internet service,No,Two year,Yes,Credit card (automatic),48.75,2026.76,1
CUST_00418,Male,0,Yes,No,1,Yes,No phone service,No,No,No internet service,Yes,No,Yes,Yes,Month-to-month,Yes,Electronic check,65.53,84.42,1
CUST_00419,Male,0,No,Yes,46,Yes,No,DSL,No,Yes,Yes,No,No,Yes,One year,No,Credit card (automatic),106.95,4877.06,1
CUST_00420,Female,1,Yes,No,44,Yes,Yes,DSL,No,No internet service,Yes,No,Yes,Yes,One year,No,Electronic check,33.8,1522.1,0
CUST_00421,Female,0,No,No,30,Yes,Yes,Fiber optic,Yes,No,No internet service,No,Yes,Yes,One year,No,Electronic check,49.15,1450.05,1
CUST_00422,Female,0,No,No,18,Yes,No phone service,DSL,No internet service,No,Yes,No,No internet service,No internet service,Two year,Yes,Bank transfer (automatic),89.53,1625.1,1
CUST_00423,Female,0,No,No,70,Yes,No,Fiber optic,No internet service,No internet service,No internet service,No,No internet service,No internet service,One year,Yes,Bank transfer (automatic),51.06,3595.97,1
CUST_00424,Female,0,Yes,No,27,Yes,No,DSL,No,Yes,No,No,No internet service,Yes,One year,Yes,Electronic check,28.12,750.67,1
CUST_00425,Male,0,No,No,20,Yes,No phone service,Fiber optic,No internet service,No internet service,No,Yes,No,Yes,Two year,Yes,Electronic check,57.44,1180.64,1
CUST_00426,Male,1,No,Yes,51,Yes,No,Fiber optic,No,No,No,Yes,Yes,Yes,One year,No,Electronic check,87.64,4464.6,1
CUST_00427,Female,0,No,No,35,Yes,Yes,No,No,No internet service,Yes,No,Yes,No internet service,Month-to-month,Yes,Electronic check,118.4,4155.86,1
CUST_00428,Female,0,No,No,40,Yes,No,Fiber optic,No internet service,No internet service,No,No,Yes,No,Month-to-month,Yes,Electronic check,109.21,4358.81,1
CUST_00429,Male,1,No,Yes,47,Yes,No,DSL,No,No,No,Yes,Yes,No internet service,Month-to-month,Yes,Electronic check,76.19,3515.54,0
CUST_00430,Female,0,No,No,27,Yes,Yes,Fiber optic,No internet service,Yes,No,No,No,Yes,Month-to-month,No,Credit card (automatic),97.73,2634.39,1
CUST_00431,Male,0,No,No,11,Yes,Yes,Fiber optic,No,Yes,Yes,No,No,No,One year,Yes,Bank transfer (automatic),77.14,817.96,1
CUST_00432,Female,1,Yes,No,12,Yes,Yes,Fiber optic,No,No internet service,No internet service,Yes,Yes,No,Two year,Yes,Credit card (automatic),69.39,881.41,1
CUST_00433,Female,0,No,No,67,Yes,Yes,No,Yes,No,No,No,Yes,No,Month-to-month,Yes,Electronic check,37.06,2435.27,1
CUST_00434,Male,0,Yes,No,36,Yes,Yes,No,No internet service,No internet service,No,No,Yes,Yes,Two year,Yes,Electronic check,49.22,1814.8,1
CUST_00435,Male,0,No,Yes,30,Yes,No phone service,DSL,Yes,No,No,No,No internet service,Yes,One year,Yes,Mailed check,65.21,1950.04,0
CUST_00436,Male,0,No,No,23,No,No,Fiber optic,No,No,No,No internet service,Yes,Yes,Two year,No,Bank transfer (automatic),118.56,2741.1,1
CUST_00437,Female,0,Yes,No,52,Yes,No,DSL,Yes,No internet service,No,Yes,Yes,No internet service,Month-to-month,Yes,Bank transfer (automatic),80.86,4156.42,1
CUST_00438,Female,0,Yes,No,65,Yes,No,Fiber optic,No,No internet service,Yes,No,Yes,Yes,Month-to-month,Yes,Electronic check,114.49,7431.04,1
CUST_00439,Male,0,Yes,No,55,Yes,Yes,No,No,No,No,Yes,Yes,No,One year,No,Credit card (automatic),45.87,2499.59,0
CUST_00440,Male,0,Yes,No,38,Yes,No,Fiber optic,No internet service,Yes,Yes,No,Yes,No internet service,One year,No,Mailed check,26.9,1095.81,1
CUST_00441,Female,0,Yes,No,34,Yes,Yes,DSL,No,No internet service,Yes,Yes,No internet service,No,Two year,No,Electronic check,117.84,3982.43,1
CUST_00442,Male,1,No,Yes,62,Yes,No,No,Yes,No internet service,Yes,Yes,Yes,Yes,Two year,Yes,Mailed check,52.96,3323.89,0
CUST_00443,Male,0,No,No,61,No,Yes,Fiber optic,Yes,No,Yes,No,Yes,Yes,Month-to-month,No,Electronic check,73.53,4526.19,1
CUST_00444,Male,0,No,No,28,Yes,No phone service,DSL,Yes,No,No,No,Yes,No internet service,Month-to-month,No,Electronic check,27.11,798.95,1
CUST_00445,Female,0,Yes,No,69,Yes,Yes,No,No,Yes,No,No,Yes,No internet service,One year,Yes,Credit card (automatic),106.04,7295.97,1
CUST_00446,Female,0,Yes,Yes,59,Yes,Yes,DSL,No internet service,No,No,No,No internet service,No internet service,Month-to-month,Yes,Mailed check,20.07,1247.3,1
CUST_00447,Male,0,Yes,No,61,Yes,No,Fiber optic,No,Yes,No,No internet service,No,Yes,Two year,Yes,Electronic check,110.6,6817.03,1
CUST_00448,Female,0,No,Yes,5,Yes,Yes,Fiber optic,No,Yes,No,No,Yes,No internet service,One year,No,Electronic check,36.54,195.55,1
CUST_00449,Female,1,Yes,No,10,Yes,No,No,Yes,No internet service,No,Yes,No,Yes,Two year,Yes,Electronic check,38.35,367.21,1
CUST_00450,Male,0,Yes,No,22,Yes,No phone service,DSL,No internet service,No,No internet service,No,Yes,No,Two year,No,Credit card (automatic),102.58,2226.64,1
CUST_00451,Female,1,Yes,Yes,55,Yes,No,DSL,No internet service,No internet service,No internet service,Yes,Yes,Yes,Month-to-month,No,Credit card (automatic),58.62,3240.61,1
CUST_00452,Female,1,No,No,6,Yes,No,Fiber optic,No internet service,No,No internet service,Yes,Yes,Yes,Month-to-month,No,Mailed check,45.6,275.87,1
CUST_00453,Male,0,Yes,No,6,Yes,No,No,Yes,Yes,No internet service,No,No internet service,No,One year,Yes,Credit card (automatic),79.64,484.24,1
CUST_00454,Male,0,No,Yes,3,Yes,Yes,DSL,No,No,No internet service,Yes,No,Yes,Two year,No,Electronic check,45.44,89.14,1
CUST_00455,Female,0,No,No,14,Yes,No phone service,DSL,No internet service,Yes,No,Yes,Yes,No internet service,One year,Yes,Credit card (automatic),48.65,682.25,1
CUST_00456,Female,1,No,No,66,Yes,No,No,Yes,No,No,No,No internet service,Yes,Month-to-month,No,Mailed check,24.56,1660.99,0
CUST_00457,Male,0,Yes,Yes,52,Yes,No,Fiber optic,No,No internet service,No,No internet service,Yes,No internet service,One year,Yes,Credit card (automatic),73.94,3873.41,1
CUST_00458,Female,0,Yes,No,51,Yes,No,DSL,No internet service,No internet service,Yes,Yes,Yes,Yes,Month-to-month,Yes,Credit card (automatic),32.94,1665.45,1
CUST_00459,Female,1,Yes,No,21,Yes,No phone service,DSL,No internet service,No internet service,No,No,Yes,Yes,Month-to-month,Yes,Mailed check,103.71,2174.09,0
CUST_00460,Male,0,Yes,Yes,45,Yes,No phone service,Fiber optic,No,No internet service,No internet service,No internet service,Yes,Yes,Two year,No,Electronic check,95.1,4228.11,1
CUST_00461,Female,0,No,Yes,56,No,No,Fiber optic,No,No internet service,No,Yes,Yes,No internet service,Month-to-month,No,Electronic check,48.55,2695.52,1
CUST_00462,Male,0,Yes,No,38,Yes,Yes,Fiber optic,No internet service,No,Yes,No,No internet service,No internet service,Month-to-month,Yes,Electronic check,73.38,2776.54,1
CUST_00463,Female,1,Yes,Yes,61,Yes,Yes,Fiber optic,No,No,No,Yes,Yes,Yes,Month-to-month,Yes,Electronic check,77.74,4764.31,1
CUST_00464,Male,1,Yes,No,41,Yes,Yes,DSL,No internet service,No,Yes,No internet service,Yes,Yes,Two year,No,Electronic check,86.65,3527.93,1
CUST_00465,Male,0,No,No,24,Yes,Yes,No,No,Yes,No,Yes,Yes,No,Month-to-month,Yes,Mailed check,61.89,1449.1,1
CUST_00466,Female,0,Yes,No,46,Yes,Yes,DSL,No internet service,No,No,No,Yes,No,Month-to-month,Yes,Electronic check,85.25,3948.02,1
CUST_00467,Male,0,No,No,67,Yes,Yes,No,No internet service,No,No,No internet service,Yes,No,Month-to-month,No,Credit card (automatic),36.94,2460.19,0
CUST_00468,Female,0,Yes,No,59,Yes,No,DSL,No,Yes,No,No,Yes,No internet service,One year,Yes,Electronic check,67.1,3929.54,1
CUST_00469,Male,0,No,No,36,Yes,No,DSL,No,No internet service,Yes,Yes,Yes,Yes,Month-to-month,Yes,Electronic check,29.4,1086.83,1
CUST_00470,Female,1,No,No,43,Yes,No,DSL,Yes,Yes,No,No internet service,Yes,Yes,One year,Yes,Electronic check,114.11,4922.79,1
CUST_00471,Female,0,Yes,No,70,Yes,No,DSL,No internet service,No,Yes,No internet service,Yes,Yes,Two year,Yes,Credit card (automatic),60.14,4202.54,1
CUST_00472,Female,0,Yes,No,54,Yes,No,Fiber optic,No,No internet service,No,No,No,No internet service,Month-to-month,Yes,Electronic check,81.74,4401.67,1
CUST_00473,Male,0,Yes,No,36,Yes,No phone service,Fiber optic,Yes,Yes,No,Yes,No internet service,No,Month-to-month,Yes,Electronic check,68.98,2496.56,1
CUST_00474,Male,0,Yes,Yes,20,Yes,No phone service,No,No internet service,No internet service,Yes,Yes,Yes,Yes,Month-to-month,Yes,Electronic check,22.68,472.46,0
CUST_00475,Female,0,Yes,No,65,Yes,No,Fiber optic,No internet service,No internet service,No internet service,No internet service,No,No internet service,Month-to-month,Yes,Electronic check,26.27,1714.86,1
CUST_00476,Female,0,No,No,70,Yes,No,Fiber optic,No internet service,No,No,Yes,No,No,Month-to-month,Yes,Credit card (automatic),46.46,3256.42,1
CUST_00477,Female,0,No,Yes,6,Yes,Yes,DSL,No,No internet service,Yes,No,No,Yes,One year,Yes,Mailed check,87.49,503.71,1
CUST_00478,Male,1,Yes,Yes,3,Yes,Yes,No,No internet service,No,No,Yes,No,Yes,Month-to-month,Yes,Electronic check,84.14,233.29,1
CUST_00479,Female,0,No,No,9,Yes,No,DSL,No internet service,No,Yes,Yes,No,No internet service,Month-to-month,No,Electronic check,38.79,343.1,1
CUST_00480,Male,0,Yes,No,28,Yes,No phone service,DSL,Yes,No,Yes,No,No internet service,No,Month-to-month,Yes,Electronic check,68.86,1894.44,1
CUST_00481,Male,1,No,No,12,No,No,DSL,No internet service,No,No internet service,No,Yes,Yes,Month-to-month,No,Mailed check,56.71,642.79,1
CUST_00482,Female,0,Yes,No,63,Yes,No,DSL,No,No,No,Yes,Yes,Yes,Month-to-month,No,Mailed check,76.85,4838.41,1
CUST_00483,Male,0,No,No,65,Yes,Yes,Fiber optic,No internet service,Yes,No internet service,Yes,No,Yes,Month-to-month,Yes,Bank transfer (automatic),53.47,3510.18,1
CUST_00484,Female,0,No,No,13,Yes,Yes,DSL,No internet service,No,No,Yes,No internet service,No,One year,No,Electronic check,109.62,1352.51,1
CUST_00485,Male,1,Yes,Yes,59,Yes,No,DSL,No,No internet service,No internet service,Yes,No,Yes,Month-to-month,No,Electronic check,67.24,3953.46,1
CUST_00486,Male,0,Yes,No,11,Yes,Yes,No,No,No internet service,No internet service,Yes,No internet service,Yes,Month-to-month,Yes,Mailed check,62.66,698.8,1
CUST_00487,Male,1,Yes,Yes,56,Yes,No phone service,DSL,Yes,No internet service,Yes,No,No,Yes,Two year,Yes,Bank transfer (automatic),90.33,5096.01,1
CUST_00488,Female,0,No,No,26,Yes,No,Fiber optic,Yes,Yes,Yes,Yes,No,No internet service,One year,No,Mailed check,98.07,2612.82,1
CUST_00489,Female,0,No,No,3,No,Yes,DSL,No,No,No,No,No internet service,Yes,Two year,Yes,Bank transfer (automatic),63.76,182.26,1
CUST_00490,Female,0,No,No,31,Yes,No,No,No internet service,No,No,No,No,Yes,Month-to-month,Yes,Credit card (automatic),30.9,1026.94,1
CUST_00491,Female,0,No,No,59,Yes,Yes,Fiber optic,Yes,Yes,No,No,No,Yes,Month-to-month,Yes,Credit card (automatic),28.51,1698.03,1
CUST_00492,Female,0,No,No,67,Yes,No,DSL,Yes,No,Yes,No,No internet service,No,Month-to-month,Yes,Electronic check,52.69,3558.73,1
CUST_00493,Female,0,Yes,Yes,9,No,No,No,No,No,No internet service,No internet service,Yes,No internet service,One year,Yes,Credit card (automatic),93.26,802.05,1
CUST_00494,Female,1,Yes,Yes,60,Yes,No,Fiber optic,Yes,No internet service,Yes,Yes,No internet service,No internet service,Two year,No,Bank transfer (automatic),85.36,5137.47,0
CUST_00495,Male,0,No,Yes,21,Yes,No phone service,DSL,Yes,Yes,No internet service,Yes,No internet service,Yes,Month-to-month,Yes,Bank transfer (automatic),48.77,1055.69,1
CUST_00496,Male,0,Yes,Yes,33,Yes,No,Fiber optic,Yes,No internet service,No,Yes,No,Yes,Month-to-month,Yes,Mailed check,20.44,650.39,1
CUST_00497,Male,0,No,No,8,Yes,No phone service,Fiber optic,No,No internet service,Yes,Yes,Yes,Yes,Month-to-month,Yes,Electronic check,84.27,582.96,1
CUST_00498,Male,0,Yes,No,70,Yes,No,DSL,No,No,No internet service,No internet service,Yes,No internet service,Month-to-month,No,Mailed check,76.44,5356.02,1
CUST_00499,Female,0,Yes,No,57,Yes,No phone service,DSL,No internet service,Yes,No,No,Yes,No,Month-to-month,Yes,Bank transfer (automatic),97.25,5535.73,1
CUST_00500,Male,0,No,No,46,Yes,Yes,DSL,No,Yes,No,No internet service,Yes,Yes,Two year,Yes,Credit card (automatic),88.62,4123.57,1
CUST_00501,Male,0,Yes,Yes,52,Yes,No,Fiber optic,Yes,No internet service,No internet service,No internet service,No,No,Month-to-month,No,Mailed check,44.69,2305.04,1
CUST_00502,Female,0,Yes,Yes,63,Yes,Yes,No,No internet service,Yes,Yes,No internet service,No internet service,Yes,Month-to-month,No,Credit card (automatic),93.29,5852.59,1
CUST_00503,Female,1,Yes,No,11,Yes,Yes,Fiber optic,No internet service,Yes,Yes,No,No,No,One year,Yes,Electronic check,68.64,714.04,1
CUST_00504,Female,0,No,No,18,Yes,Yes,No,No,No internet service,Yes,No internet service,Yes,Yes,Month-to-month,No,Credit card (automatic),77.48,1372.59,1
CUST_00505,Male,0,No,No,3,Yes,No,DSL,No internet service,No internet service,Yes,No,No internet service,Yes,Two year,Yes,Mailed check,55.7,260.44,1
CUST_00506,Male,0,Yes,Yes,35,Yes,Yes,Fiber optic,No internet service,No,No internet service,Yes,No internet service,Yes,Month-to-month,Yes,Bank transfer (automatic),99.06,3411.57,1
CUST_00507,Female,0,Yes,No,36,Yes,Yes,No,No internet service,Yes,No internet service,No,No,Yes,Two year,Yes,Mailed check,39.61,1379.22,1
CUST_00508,Male,1,Yes,No,3,Yes,No,Fiber optic,No,No,No,No internet service,Yes,Yes,Month-to-month,Yes,Credit card (automatic),40.45,119.45,1
CUST_00509,Male,1,No,No,47,Yes,Yes,DSL,Yes,No internet service,No,No internet service,No,No,Month-to-month,No,Electronic check,43.74,2124.89,1
CUST_00510,Male,1,Yes,Yes,1,Yes,No,DSL,Yes,No,No internet service,No,Yes,No,Month-to-month,Yes,Electronic check,98.96,124.91,1
CUST_00511,Female,0,No,Yes,57,Yes,Yes,DSL,No internet service,Yes,Yes,No internet service,Yes,No,Two year,No,Credit card (automatic),92.81,5344.5,0
CUST_00512,Female,0,No,No,51,Yes,Yes,Fiber optic,No internet service,Yes,Yes,No,No,Yes,Month-to-month,Yes,Electronic check,46.96,2381.48,1
CUST_00513,Female,0,Yes,No,58,Yes,No phone service,No,No,No,No internet service,No,No,No internet service,Month-to-month,Yes,Mailed check,34.39,1945.97,1
CUST_00514,Female,0,No,No,9,Yes,No,DSL,Yes,Yes,No,No,Yes,No internet service,Month-to-month,No,Mailed check,22.82,189.66,1
CUST_00515,Female,0,No,Yes,62,Yes,No,DSL,Yes,No internet service,Yes,Yes,No internet service,No,Month-to-month,No,Credit card (automatic),88.38,5475.2,1
CUST_00516,Male,0,Yes,No,39,Yes,No,DSL,No,Yes,No,No,No internet service,No,Two year,Yes,Credit card (automatic),73.89,2882.09,1
CUST_00517,Female,1,Yes,No,62,Yes,Yes,Fiber optic,No internet service,Yes,Yes,No internet service,No,No internet service,Two year,Yes,Electronic check,90.23,5586.77,1
CUST_00518,Male,0,No,No,50,Yes,No,Fiber optic,No,No internet service,No,No internet service,Yes,No,One year,Yes,Bank transfer (automatic),90.83,4562.18,1
CUST_00519,Male,0,No,No,47,Yes,No,DSL,No,No internet service,No,Yes,Yes,Yes,Month-to-month,No,Mailed check,104.48,4885.64,1
CUST_00520,Female,1,No,No,3,No,No,Fiber optic,No,No,Yes,Yes,No,No,One year,Yes,Bank transfer (automatic),61.6,152.35,1
CUST_00521,Male,0,No,No,50,Yes,No phone service,DSL,No internet service,No internet service,No internet service,Yes,No internet service,Yes,Month-to-month,Yes,Electronic check,102.73,5094.34,1
CUST_00522,Male,0,Yes,No,32,Yes,No,Fiber optic,No internet service,Yes,No,No internet service,No,No internet service,Month-to-month,No,Electronic check,63.58,2041.74,1
CUST_00523,Male,0,No,No,61,Yes,Yes,Fiber optic,Yes,No,No,No,Yes,No,Month-to-month,No,Mailed check,90.78,5541.28,1
CUST_00524,Female,1,No,No,49,Yes,No,DSL,No,Yes,No,No,Yes,No internet service,One year,Yes,Electronic check,75.11,3718.59,1
CUST_00525,Male,0,Yes,No,6,Yes,No,Fiber optic,No internet service,No,No,Yes,Yes,Yes,Two year,No,Bank transfer (automatic),112.14,726.98,1
CUST_00526,Male,0,Yes,No,64,Yes,No,Fiber optic,No internet service,No internet service,Yes,Yes,No,No,Month-to-month,Yes,Electronic check,57.01,3606.38,1
CUST_00527,Female,0,Yes,No,5,No,No,Fiber optic,No,No internet service,Yes,No internet service,No,No,Two year,No,Credit card (automatic),88.98,445.72,1
CUST_00528,Male,0,No,No,22,Yes,Yes,Fiber optic,Yes,Yes,No,No,Yes,No internet service,One year,Yes,Credit card (automatic),79.81,1748.63,1
CUST_00529,Female,0,Yes,No,16,Yes,No,Fiber optic,No,No,No,Yes,No,No internet service,Two year,No,Bank transfer (automatic),119.87,1864.13,1
CUST_00530,Female,0,No,No,70,Yes,No,DSL,No,No internet service,Yes,Yes,No internet service,Yes,Two year,No,Credit card (automatic),27.73,1922.61,0
CUST_00531,Female,0,Yes,No,11,Yes,No,No,Yes,No,No internet service,Yes,Yes,No internet service,Month-to-month,No,Credit card (automatic),79.81,932.74,1
CUST_00532,Male,0,Yes,No,60,Yes,No,No,No internet service,Yes,No internet service,Yes,Yes,No internet service,Month-to-month,Yes,Bank transfer (automatic),43.24,2572.26,1
CUST_00533,Male,0,No,No,16,Yes,No,DSL,Yes,No,Yes,Yes,No,No internet service,One year,No,Bank transfer (automatic),108.42,1706.76,1
CUST_00534,Male,0,Yes,Yes,47,Yes,No,No,No internet service,No,Yes,No,No internet service,No,Two year,Yes,Mailed check,99.45,4672.33,1
CUST_00535,Female,0,No,No,7,Yes,No,Fiber optic,No,No,No,Yes,Yes,No internet service,Month-to-month,Yes,Credit card (automatic),86.18,635.17,1
CUST_00536,Male,1,Yes,No,28,Yes,Yes,DSL,Yes,No,Yes,No,Yes,Yes,One year,Yes,Bank transfer (automatic),68.03,1894.18,1
CUST_00537,Male,0,No,No,45,Yes,No phone service,Fiber optic,No,No,No internet service,No,No,Yes,Two year,No,Mailed check,88.13,3970.32,1
CUST_00538,Male,0,Yes,No,51,Yes,Yes,DSL,No,No,No,No,Yes,Yes,Month-to-month,Yes,Mailed check,75.43,3766.97,1
CUST_00539,Female,1,No,No,62,Yes,No,Fiber optic,No internet service,No,Yes,No,No internet service,No,Month-to-month,Yes,Electronic check,48.73,3041.29,1
CUST_00540,Male,0,No,No,58,No,No phone service,No,No,Yes,No,No internet service,No,No internet service,Month-to-month,No,Bank transfer (automatic),101.94,5920.26,1
CUST_00541,Female,0,Yes,No,37,Yes,No phone service,DSL,Yes,Yes,Yes,Yes,Yes,No,Month-to-month,No,Credit card (automatic),71.26,2667.58,1
CUST_00542,Male,0,Yes,No,22,Yes,Yes,Fiber optic,No internet service,No,No,No internet service,No internet service,Yes,One year,Yes,Electronic check,45.71,940.25,1
CUST_00543,Male,0,Yes,No,19,Yes,No,DSL,No,No internet service,Yes,Yes,No,No internet service,Month-to-month,No,Electronic check,86.44,1631.77,0
CUST_00544,Male,0,No,No,71,Yes,Yes,Fiber optic,Yes,No internet service,No internet service,Yes,No,No,One year,Yes,Credit card (automatic),21.86,1585.81,1
CUST_00545,Female,1,No,No,44,Yes,No phone service,No,No internet service,Yes,No,Yes,Yes,Yes,Month-to-month,No,Electronic check,92.01,4028.95,1
CUST_00546,Male,0,Yes,No,65,Yes,Yes,DSL,Yes,No,No internet service,No,No,No,Two year,Yes,Bank transfer (automatic),67.03,4358.74,0
CUST_00547,Male,0,Yes,No,31,Yes,Yes,Fiber optic,Yes,No,Yes,No,No internet service,No,Month-to-month,No,Mailed check,83.43,2571.99,1
CUST_00548,Female,0,No,Yes,35,Yes,Yes,DSL,No,No,No,No internet service,Yes,No,One year,No,Mailed check,35.72,1236.72,0
CUST_00549,Female,0,No,No,59,Yes,No phone service,Fiber optic,No,No,No internet service,Yes,Yes,No internet service,Month-to-month,Yes,Electronic check,91.83,5458.82,1
CUST_00550,Female,0,No,Yes,52,Yes,No,Fiber optic,No,No internet service,No,No,No internet service,Yes,One year,Yes,Electronic check,92.33,4751.34,1
CUST_00551,Female,0,Yes,No,15,Yes,No,Fiber optic,No internet service,Yes,No,Yes,Yes,Yes,Month-to-month,Yes,Mailed check,94.16,1410.64,1
CUST_00552,Male,0,No,No,38,Yes,No phone service,DSL,Yes,No,No internet service,Yes,Yes,No,Month-to-month,No,Electronic check,66.72,2544.17,1
CUST_00553,Female,0,No,No,16,Yes,No,Fiber optic,No internet service,No,No internet service,No,Yes,No internet service,Month-to-month,No,Bank transfer (automatic),84.05,1377.63,1
CUST_00554,Male,0,Yes,No,55,Yes,No,Fiber optic,Yes,No,No internet service,Yes,No,Yes,Month-to-month,Yes,Credit card (automatic),74.93,4116.88,1
CUST_00555,Female,0,Yes,No,3,Yes,No,Fiber optic,Yes,Yes,No,No,No,No internet service,One year,No,Credit card (automatic),43.31,163.84,1
CUST_00556,Female,0,Yes,No,59,Yes,No,Fiber optic,Yes,No,No,No,Yes,No,Month-to-month,Yes,Electronic check,22.3,1313.79,1
CUST_00557,Female,0,No,No,66,Yes,No,No,Yes,Yes,No,No,Yes,Yes,Two year,No,Mailed check,61.36,4053.94,0
CUST_00558,Female,0,Yes,No,2,Yes,Yes,DSL,No,No,No,No,No,Yes,Month-to-month,No,Electronic check,101.49,205.83,1
CUST_00559,Female,0,No,No,45,Yes,No,DSL,No internet service,No,Yes,Yes,No,Yes,Month-to-month,Yes,Bank transfer (automatic),52.22,2372.83,1
CUST_00560,Female,0,No,No,6,Yes,Yes,No,No internet service,No,No internet service,Yes,Yes,Yes,Two year,No,Mailed check,94.9,588.36,1
CUST_00561,Female,0,No,Yes,26,Yes,No,DSL,No,No internet service,No,No,Yes,Yes,Month-to-month,Yes,Credit card (automatic),83.97,2144.26,1
CUST_00562,Male,0,No,Yes,24,Yes,No phone service,No,Yes,No internet service,No,Yes,No,No,Two year,Yes,Bank transfer (automatic),55.33,1335.52,0
CUST_00563,Male,0,Yes,No,37,Yes,Yes,Fiber optic,No internet service,No,No internet service,No,Yes,No,Month-to-month,No,Electronic check,20.06,761.14,1
CUST_00564,Male,0,No,Yes,66,Yes,No phone service,No,No,No internet service,No internet service,No,Yes,No,One year,Yes,Electronic check,63.1,4215.76,1
CUST_00565,Female,1,Yes,No,33,Yes,No,Fiber optic,No,No internet service,Yes,No,No internet service,No,Two year,Yes,Bank transfer (automatic),59.29,1921.27,1
CUST_00566,Male,0,No,Yes,29,Yes,No,No,No,Yes,No,No,No internet service,Yes,Month-to-month,Yes,Credit card (automatic),33.87,1001.08,1
CUST_00567,Male,0,No,No,7,Yes,Yes,Fiber optic,Yes,No,No,Yes,Yes,No internet service,One year,No,Electronic check,101.87,700.91,1
CUST_00568,Male,0,No,Yes,64,Yes,No phone service,Fiber optic,No,No,Yes,No,No internet service,No internet service,Month-to-month,No,Bank transfer (automatic),115.55,7401.92,1
CUST_00569,Female,0,No,Yes,23,Yes,No,DSL,No internet service,No,Yes,Yes,No,No internet service,One year,No,Electronic check,32.12,701.19,1
CUST_00570,Female,0,Yes,No,33,Yes,Yes,DSL,Yes,No internet service,No,Yes,No internet service,Yes,Month-to-month,No,Credit card (automatic),43.09,1421.5,1
CUST_00571,Female,1,No,No,7,Yes,Yes,DSL,No,No,No internet service,No internet service,No internet service,No internet service,Month-to-month,No,Mailed check,83.25,593.91,1
CUST_00572,Male,0,No,No,21,Yes,No,No,No internet service,Yes,No internet service,Yes,No,No internet service,Month-to-month,No,Bank transfer (automatic),115.09,2382.94,1
CUST_00573,Male,0,No,No,40,Yes,Yes,DSL,No,No,No,Yes,Yes,Yes,One year,No,Electronic check,113.4,4586.71,1
CUST_00574,Male,0,Yes,Yes,64,Yes,No,Fiber optic,No,No internet service,No,No internet service,Yes,Yes,Two year,Yes,Credit card (automatic),113.13,7186.27,0
CUST_00575,Male,0,Yes,No,24,Yes,No,Fiber optic,No,No,Yes,No,No,Yes,Two year,No,Bank transfer (automatic),64.01,1555.05,1
CUST_00576,Male,0,No,No,40,Yes,No phone service,DSL,No internet service,Yes,No internet service,Yes,Yes,No,One year,Yes,Electronic check,118.59,4658.6,1
CUST_00577,Female,0,Yes,Yes,63,Yes,Yes,No,No,Yes,No internet service,No internet service,No,No,Two year,Yes,Mailed check,56.47,3548.69,1
CUST_00578,Female,0,No,No,26,Yes,Yes,DSL,No,No,No internet service,No,Yes,Yes,Two year,Yes,Electronic check,28.67,762.21,1
CUST_00579,Female,1,No,No,21,Yes,Yes,Fiber optic,Yes,Yes,No,No internet service,No internet service,Yes,Month-to-month,Yes,Credit card (automatic),90.44,1924.18,1
CUST_00580,Male,0,No,No,4,Yes,No phone service,Fiber optic,No internet service,No,Yes,No internet service,No internet service,Yes,Month-to-month,No,Bank transfer (automatic),75.62,298.79,1
CUST_00581,Male,0,Yes,No,65,Yes,No,DSL,No internet service,Yes,No,No,Yes,No,One year,Yes,Mailed check,99.94,6487.64,1
CUST_00582,Female,1,No,No,8,Yes,No,DSL,No,No,No,Yes,No,No,Month-to-month,No,Electronic check,82.11,676.74,1
CUST_00583,Male,0,Yes,Yes,16,Yes,No,Fiber optic,No internet service,Yes,No,No,No internet service,Yes,Two year,Yes,Credit card (automatic),102.06,1666.23,1
CUST_00584,Male,0,Yes,No,10,Yes,Yes,DSL,No,Yes,Yes,Yes,No,No,Month-to-month,No,Credit card (automatic),54.39,592.19,1
CUST_00585,Male,0,No,No,51,Yes,Yes,No,No internet service,No,Yes,No,No internet service,No internet service,Month-to-month,Yes,Mailed check,48.79,2443.11,1
CUST_00586,Female,0,Yes,Yes,26,Yes,Yes,Fiber optic,Yes,Yes,No,No internet service,No,Yes,Two year,No,Bank transfer (automatic),95.72,2481.7,1
CUST_00587,Female,0,Yes,Yes,51,Yes,No,DSL,Yes,Yes,No internet service,Yes,Yes,No,Month-to-month,Yes,Electronic check,69.77,3481.5,1
CUST_00588,Male,0,Yes,No,44,No,No,DSL,No internet service,No,No,No internet service,Yes,Yes,Two year,No,Electronic check,37.94,1621.5,0
CUST_00589,Female,0,Yes,No,2,Yes,No phone service,DSL,No,Yes,No internet service,No,No,Yes,Two year,No,Credit card (automatic),57.5,90.36,1
CUST_00590,Female,0,No,No,22,Yes,No phone service,Fiber optic,No,Yes,Yes,Yes,Yes,No internet service,One year,No,Bank transfer (automatic),100.07,2231.82,1
CUST_00591,Female,0,Yes,No,1,Yes,No,Fiber optic,No internet service,No,No,No internet service,No internet service,No internet service,One year,No,Electronic check,112.39,95.56,1
CUST_00592,Female,0,Yes,No,5,Yes,Yes,DSL,No,No,No,No,No,Yes,Month-to-month,Yes,Mailed check,96.03,470.04,1
CUST_00593,Male,0,No,No,34,Yes,Yes,Fiber optic,No,No,Yes,No,Yes,Yes,Month-to-month,Yes,Electronic check,91.81,3132.04,1
CUST_00594,Female,1,Yes,No,19,Yes,Yes,Fiber optic,No,No internet service,No,No,Yes,Yes,Two year,Yes,Electronic check,101.16,1898.57,1
CUST_00595,Male,0,No,No,7,Yes,No,Fiber optic,No,No,Yes,Yes,Yes,No,Month-to-month,Yes,Credit card (automatic),40.05,210.54,1
CUST_00596,Female,0,No,Yes,30,Yes,Yes,DSL,Yes,No,No internet service,Yes,Yes,Yes,Month-to-month,Yes,Electronic check,77.96,2312.69,1
CUST_00597,Female,0,No,Yes,33,Yes,No,DSL,Yes,No internet service,No internet service,No,No,No,Month-to-month,No,Electronic check,79.42,2616.63,1
CUST_00598,Female,0,No,No,71,Yes,No,DSL,No,No,Yes,No internet service,Yes,Yes,One year,No,Credit card (automatic),114.59,8152.29,1
CUST_00599,Female,0,Yes,Yes,47,Yes,Yes,Fiber optic,No internet service,No internet service,No,No,No internet service,No,One year,No,Electronic check,21.53,1004.69,1
CUST_00600,Female,0,No,No,28,Yes,No,Fiber optic,No,No,No,No internet service,No internet service,No internet service,Month-to-month,No,Electronic check,117.05,3293.21,1
CUST_00601,Female,0,Yes,No,34,Yes,No,DSL,No,No,Yes,No internet service,No,Yes,Month-to-month,Yes,Bank transfer (automatic),92.61,3181.1,1
CUST_00602,Female,1,Yes,No,7,Yes,No,DSL,No,No internet service,No,Yes,No,No internet service,Two year,Yes,Electronic check,22.24,194.9,1
CUST_00603,Female,0,No,No,28,Yes,No,Fiber optic,Yes,Yes,No internet service,No internet service,No internet service,No internet service,Month-to-month,No,Electronic check,71.88,2018.67,1
CUST_00604,Male,0,Yes,No,42,Yes,Yes,DSL,No,No internet service,No internet service,No internet service,Yes,Yes,Month-to-month,Yes,Mailed check,26.98,1093.36,1
CUST_00605,Female,1,No,Yes,2,Yes,No,Fiber optic,Yes,No,Yes,No,Yes,No internet service,Month-to-month,Yes,Credit card (automatic),80.34,117.1,1
CUST_00606,Female,1,No,No,66,Yes,Yes,Fiber optic,No,No,No,No,Yes,No,One year,No,Credit card (automatic),65.16,4260.24,1
CUST_00607,Male,0,No,Yes,37,Yes,No phone service,DSL,Yes,No,Yes,No,Yes,No,Month-to-month,Yes,Electronic check,97.24,3560.26,1
CUST_00608,Female,0,Yes,No,56,Yes,No,Fiber optic,No,Yes,Yes,No internet service,Yes,No,Month-to-month,Yes,Mailed check,77.94,4368.12,1
CUST_00609,Female,0,Yes,Yes,20,No,No phone service,DSL,No,Yes,Yes,No internet service,No,Yes,Month-to-month,Yes,Bank transfer (automatic),98.64,2038.86,1
CUST_00610,Female,0,No,Yes,60,Yes,No,Fiber optic,No internet service,No internet service,Yes,No,Yes,Yes,Month-to-month,No,Electronic check,56.88,3420.22,1
CUST_00611,Female,0,Yes,Yes,27,Yes,No,DSL,No,No,No,No internet service,Yes,Yes,Two year,Yes,Electronic check,105.69,2850.69,1
CUST_00612,Male,1,No,No,66,Yes,No,Fiber optic,No internet service,No internet service,No,No,Yes,No,Two year,No,Mailed check,106.63,7071.25,1
CUST_00613,Female,1,No,Yes,38,Yes,No,Fiber optic,No,Yes,No,No internet service,Yes,No internet service,One year,Yes,Electronic check,85.54,3221.52,1
CUST_00614,Male,0,No,No,46,Yes,No,DSL,No,Yes,No,No,No,Yes,Month-to-month,No,Credit card (automatic),46.37,2169.49,1
CUST_00615,Female,0,No,No,15,Yes,No,Fiber optic,Yes,No,Yes,No internet service,Yes,Yes,Month-to-month,No,Electronic check,119.14,1820.98,1
CUST_00616,Female,1,Yes,No,71,Yes,No phone service,Fiber optic,Yes,Yes,No internet service,No internet service,Yes,Yes,Month-to-month,Yes,Electronic check,101.77,7227.73,1
CUST_00617,Male,1,Yes,No,14,Yes,Yes,No,Yes,No,No internet service,No,Yes,No internet service,Month-to-month,No,Credit card (automatic),105.17,1545.66,1
CUST_00618,Male,0,No,Yes,3,Yes,No phone service,DSL,Yes,No internet service,Yes,No internet service,No,Yes,One year,Yes,Credit card (automatic),21.16,102.51,1
CUST_00619,Male,0,Yes,No,32,No,Yes,DSL,No,No internet service,No,No,Yes,No internet service,Month-to-month,Yes,Electronic check,102.61,3285.11,1
CUST_00620,Male,1,Yes,No,60,Yes,Yes,DSL,No,No,Yes,Yes,No,Yes,One year,Yes,Bank transfer (automatic),41.78,2501.77,1
CUST_00621,Male,0,Yes,No,66,Yes,No,No,No,No,No internet service,Yes,No internet service,Yes,Month-to-month,Yes,Credit card (automatic),70.83,4659.66,1
CUST_00622,Male,0,Yes,No,61,Yes,Yes,Fiber optic,No,No,No,No,No,Yes,Month-to-month,No,Electronic check,90.43,5511.65,1
CUST_00623,Male,1,Yes,No,40,Yes,No,DSL,No,No,Yes,Yes,Yes,No,Month-to-month,No,Bank transfer (automatic),61.03,2437.64,1
CUST_00624,Male,1,Yes,No,66,Yes,No phone service,Fiber optic,Yes,No,No,Yes,No,Yes,Month-to-month,No,Bank transfer (automatic),44.36,2916.58,1
CUST_00625,Female,1,No,Yes,35,Yes,No phone service,DSL,No,No,No,No,Yes,No internet service,Month-to-month,Yes,Electronic check,70.02,2443.21,1
CUST_00626,Male,0,Yes,No,34,Yes,No,Fiber optic,No,Yes,Yes,Yes,No internet service,No,Month-to-month,No,Credit card (automatic),49.98,1657.58,1
CUST_00627,Male,0,No,Yes,13,Yes,Yes,Fiber optic,No,Yes,No,No,No internet service,Yes,Two year,Yes,Credit card (automatic),81.53,1040.01,1
CUST_00628,Male,0,Yes,No,56,Yes,Yes,Fiber optic,Yes,No internet service,No,No internet service,Yes,No,Month-to-month,Yes,Mailed check,30.97,1678.42,1
CUST_00629,Female,0,No,No,23,Yes,Yes,Fiber optic,No internet service,No,Yes,Yes,Yes,Yes,Month-to-month,No,Electronic check,60.83,1413.6,1
CUST_00630,Male,0,Yes,Yes,14,Yes,No,DSL,No,No internet service,Yes,No,No,No,Month-to-month,No,Credit card (automatic),79.16,1111.04,1
CUST_00631,Female,0,No,Yes,27,Yes,Yes,Fiber optic,No,No,No internet service,Yes,No,No internet service,Month-to-month,No,Mailed check,119.05,3210.06,1
CUST_00632,Male,0,Yes,No,43,Yes,Yes,Fiber optic,Yes,No,No internet service,No internet service,Yes,No internet service,Two year,No,Electronic check,69.55,3021.67,1
CUST_00633,Male,0,Yes,No,20,No,No,DSL,Yes,No,No,No,No internet service,No,Month-to-month,Yes,Bank transfer (automatic),62.59,1221.58,1
CUST_00634,Male,0,Yes,No,26,Yes,Yes,No,No,No internet service,No,No internet service,Yes,Yes,Two year,No,Bank transfer (automatic),118.92,3067.04,0
CUST_00635,Male,0,No,No,24,Yes,No,Fiber optic,No internet service,Yes,No,No,No internet service,Yes,One year,No,Electronic check,112.54,2649.12,1
CUST_00636,Female,0,No,No,43,Yes,No phone service,No,Yes,No,No,No internet service,No internet service,Yes,Month-to-month,No,Electronic check,87.3,3789.71,1
CUST_00637,Male,0,Yes,No,51,No,No,Fiber optic,No,Yes,No,No,Yes,Yes,Month-to-month,Yes,Credit card (automatic),74.48,3819.67,1
CUST_00638,Male,0,Yes,Yes,48,Yes,No,DSL,No internet service,Yes,Yes,No,Yes,Yes,Month-to-month,Yes,Credit card (automatic),47.09,2306.86,0
CUST_00639,Female,1,No,No,11,Yes,No,Fiber optic,No,Yes,Yes,Yes,Yes,Yes,Month-to-month,Yes,Electronic check,82.39,961.68,1
CUST_00640,Female,0,No,No,25,Yes,No phone service,Fiber optic,No,No,Yes,No,No internet service,No internet service,Month-to-month,Yes,Electronic check,103.4,2570.15,1
CUST_00641,Female,0,Yes,No,47,Yes,Yes,DSL,No,No internet service,No,No,Yes,No internet service,One year,No,Electronic check,118.16,5528.63,1
CUST_00642,Female,0,No,No,16,Yes,No,Fiber optic,No,No internet service,No,No,Yes,Yes,One year,No,Mailed check,37.1,530.76,1
CUST_00643,Female,0,Yes,Yes,5,Yes,No,DSL,No internet service,No,No,Yes,No,No internet service,Month-to-month,No,Electronic check,47.41,198.62,0
CUST_00644,Male,0,No,Yes,23,No,Yes,DSL,Yes,No,No,No,Yes,No internet service,One year,Yes,Bank transfer (automatic),108.44,2482.75,1
CUST_00645,Female,0,Yes,Yes,49,Yes,No,No,No internet service,No internet service,No internet service,No,Yes,Yes,Two year,No,Electronic check,106.1,5126.77,1
CUST_00646,Male,0,Yes,Yes,48,Yes,No,DSL,Yes,Yes,Yes,No,No internet service,No internet service,Month-to-month,Yes,Credit card (automatic),91.67,4362.45,1
CUST_00647,Male,0,Yes,No,10,Yes,No phone service,Fiber optic,No internet service,No internet service,No,No,No,No internet service,Month-to-month,Yes,Credit card (automatic),30.37,300.8,1
CUST_00648,Female,0,No,Yes,49,Yes,No,Fiber optic,No internet service,No internet service,No internet service,No,No,No,Month-to-month,Yes,Bank transfer (automatic),90.63,4472.14,1
CUST_00649,Female,0,Yes,No,14,Yes,Yes,Fiber optic,No internet service,No,No,No,Yes,No internet service,Month-to-month,No,Electronic check,66.91,911.64,1
CUST_00650,Female,0,No,No,53,Yes,No,DSL,No internet service,Yes,No,No,No,Yes,Month-to-month,No,Bank transfer (automatic),57.13,3032.37,1
CUST_00651,Male,0,No,No,41,Yes,Yes,Fiber optic,No,Yes,Yes,No internet service,No,No,Month-to-month,No,Electronic check,45.07,1913.1,1
CUST_00652,Female,0,No,No,9,Yes,Yes,Fiber optic,Yes,No,No internet service,No internet service,Yes,No,One year,Yes,Electronic check,51.8,402.99,1
CUST_00653,Male,1,Yes,No,25,Yes,No,No,Yes,No internet service,No,No,No internet service,No,Month-to-month,Yes,Bank transfer (automatic),73.58,1877.51,1
CUST_00654,Female,0,Yes,Yes,59,Yes,Yes,DSL,No,No,No internet service,Yes,Yes,Yes,One year,Yes,Credit card (automatic),36.19,2148.54,0
CUST_00655,Female,0,Yes,No,31,Yes,No phone service,DSL,No,No,No internet service,No,Yes,No,Month-to-month,No,Credit card (automatic),70.93,2243.16,1
CUST_00656,Female,0,No,No,49,Yes,No phone service,Fiber optic,No,No,No internet service,No internet service,No internet service,No internet service,Month-to-month,No,Electronic check,24.82,1250.02,1
CUST_00657,Female,0,No,No,54,Yes,No,DSL,No,No internet service,Yes,Yes,Yes,No internet service,Month-to-month,Yes,Bank transfer (automatic),61.06,3274.03,1
CUST_00658,Female,0,Yes,No,3,Yes,No,Fiber optic,No,No,No,No,No internet service,Yes,Month-to-month,Yes,Electronic check,116.0,348.06,1
CUST_00659,Male,0,No,No,67,Yes,No phone service,Fiber optic,No internet service,Yes,Yes,No,Yes,Yes,Month-to-month,No,Bank transfer (automatic),93.9,6240.18,1
CUST_00660,Male,1,Yes,No,24,Yes,No,Fiber optic,No,No,Yes,No internet service,Yes,Yes,Month-to-month,Yes,Electronic check,26.86,626.34,1
CUST_00661,Male,0,Yes,No,57,Yes,No,No,No internet service,No,Yes,Yes,Yes,No,One year,Yes,Bank transfer (automatic),88.78,5061.48,0
CUST_00662,Female,0,Yes,No,34,Yes,No,Fiber optic,No,No,No,No internet service,Yes,Yes,Month-to-month,No,Credit card (automatic),39.61,1357.37,1
CUST_00663,Male,1,No,No,41,No,No phone service,No,No internet service,No,No,No,No internet service,No internet service,Month-to-month,No,Electronic check,67.42,2791.85,1
CUST_00664,Male,0,Yes,No,26,Yes,No,Fiber optic,No internet service,Yes,No,No internet service,No internet service,No,Month-to-month,No,Credit card (automatic),49.42,1340.32,1
CUST_00665,Female,0,Yes,No,61,Yes,No,DSL,Yes,No internet service,No,No internet service,No,Yes,Month-to-month,Yes,Bank transfer (automatic),113.42,6903.38,1
CUST_00666,Female,0,No,No,9,Yes,Yes,Fiber optic,Yes,No internet service,Yes,No,Yes,No,Month-to-month,No,Mailed check,25.44,269.03,1
CUST_00667,Female,0,No,No,64,Yes,No,Fiber optic,No internet service,No internet service,No,No,Yes,Yes,Month-to-month,Yes,Mailed check,108.1,6927.76,1
CUST_00668,Female,0,Yes,No,15,Yes,No,No,No,No internet service,No,No,Yes,Yes,Month-to-month,No,Electronic check,90.14,1306.34,1
CUST_00669,Female,0,Yes,Yes,63,Yes,Yes,DSL,No internet service,Yes,Yes,No internet service,Yes,Yes,Month-to-month,Yes,Electronic check,56.28,3540.38,1
CUST_00670,Male,1,Yes,No,2,Yes,No,DSL,No internet service,No,No,No,Yes,No,Two year,Yes,Electronic check,107.96,219.98,1
CUST_00671,Female,0,Yes,No,1,Yes,No phone service,No,No,No,No,Yes,Yes,No internet service,Two year,Yes,Bank transfer (automatic),60.63,31.35,1
CUST_00672,Female,0,Yes,No,7,Yes,No,DSL,No internet service,Yes,No,No internet service,Yes,Yes,Month-to-month,Yes,Electronic check,89.84,592.46,1
CUST_00673,Female,0,No,No,39,Yes,No phone service,Fiber optic,No internet service,No internet service,No internet service,Yes,No,No internet service,Month-to-month,Yes,Mailed check,98.79,3815.21,1
CUST_00674,Male,0,Yes,No,19,Yes,Yes,Fiber optic,No internet service,Yes,No,No internet service,Yes,Yes,Two year,Yes,Credit card (automatic),48.64,905.14,1
CUST_00675,Female,0,No,No,43,No,No,DSL,No,No,No,Yes,Yes,Yes,Month-to-month,No,Bank transfer (automatic),27.23,1140.63,0
CUST_00676,Female,0,Yes,Yes,59,Yes,No,DSL,Yes,No,No internet service,No,Yes,No,Month-to-month,Yes,Electronic check,106.81,6344.85,1
CUST_00677,Female,0,Yes,Yes,2,Yes,Yes,No,Yes,No internet service,Yes,No internet service,No,No internet service,One year,Yes,Bank transfer (automatic),43.13,0.47,1
CUST_00678,Male,0,Yes,No,38,Yes,No,DSL,No,No,No,No,No,No internet service,Month-to-month,No,Electronic check,113.18,4304.73,1
CUST_00679,Female,0,Yes,Yes,53,Yes,No,Fiber optic,No internet service,No,No internet service,No,Yes,No,Month-to-month,No,Bank transfer (automatic),51.5,2747.99,1
CUST_00680,Female,0,Yes,No,31,Yes,No phone service,Fiber optic,No internet service,Yes,No internet service,No,No internet service,Yes,Month-to-month,Yes,Electronic check,61.49,1872.49,1
CUST_00681,Female,0,Yes,Yes,66,Yes,Yes,Fiber optic,No,No,No,No,No,Yes,Month-to-month,Yes,Electronic check,63.03,4151.86,1
CUST_00682,Male,0,No,No,48,Yes,No phone service,Fiber optic,No,No,Yes,Yes,Yes,Yes,Month-to-month,Yes,Credit card (automatic),66.79,3193.95,1
CUST_00683,Female,0,No,No,3,Yes,No,DSL,No,No,No,No,Yes,No internet service,Month-to-month,Yes,Electronic check,116.28,346.13,1
CUST_00684,Female,0,Yes,No,39,Yes,No,No,No internet service,No internet service,No internet service,No,No internet service,No,One year,Yes,Electronic check,44.51,1759.09,1
CUST_00685,Male,0,No,No,28,Yes,Yes,DSL,No,Yes,No,Yes,Yes,Yes,Month-to-month,Yes,Electronic check,80.83,2283.31,1
CUST_00686,Female,0,No,No,10,Yes,No,DSL,Yes,No,Yes,No,Yes,Yes,Month-to-month,Yes,Electronic check,49.41,473.1,1
CUST_00687,Male,0,No,No,68,Yes,No,No,No,No internet service,Yes,No internet service,No,Yes,Month-to-month,Yes,Credit card (automatic),33.09,2197.46,0
CUST_00688,Female,0,Yes,No,16,Yes,No,DSL,No,No,No internet service,No internet service,Yes,No internet service,Two year,No,Electronic check,48.88,787.86,1
CUST_00689,Male,0,Yes,Yes,6,Yes,No,DSL,No,No,No,No,No internet service,Yes,Month-to-month,Yes,Electronic check,75.24,428.46,1
CUST_00690,Female,0,Yes,Yes,16,No,Yes,No,No internet service,No,No internet service,No internet service,No internet service,No internet service,Month-to-month,No,Credit card (automatic),80.7,1272.73,1
CUST_00691,Female,0,Yes,No,59,Yes,No,DSL,No internet service,No internet service,No,No,No internet service,Yes,One year,Yes,Electronic check,46.37,2743.65,1
CUST_00692,Female,0,Yes,No,43,Yes,No phone service,DSL,Yes,Yes,No,No,No,No internet service,Month-to-month,Yes,Electronic check,118.73,5090.16,1
CUST_00693,Female,0,No,No,59,Yes,No,Fiber optic,Yes,Yes,Yes,No,No,Yes,Month-to-month,Yes,Electronic check,56.27,3330.67,1
CUST_00694,Female,0,No,No,33,Yes,No,Fiber optic,No,No internet service,No,No internet service,Yes,Yes,Month-to-month,Yes,Credit card (automatic),103.2,3493.55,1
CUST_00695,Male,1,Yes,No,9,Yes,No,No,Yes,No,No,Yes,No internet service,Yes,Two year,Yes,Mailed check,23.5,235.5,0
CUST_00696,Male,1,Yes,No,28,Yes,Yes,Fiber optic,No,No,Yes,Yes,Yes,Yes,One year,No,Bank transfer (automatic),89.52,2553.63,1
CUST_00697,Female,0,Yes,No,15,Yes,No phone service,No,Yes,No,No,No internet service,Yes,No internet service,Month-to-month,Yes,Bank transfer (automatic),50.35,773.13,1
CUST_00698,Female,1,Yes,No,40,Yes,No phone service,DSL,Yes,No,Yes,No,No internet service,No internet service,Two year,Yes,Mailed check,73.69,2950.3,1
CUST_00699,Male,0,No,No,20,Yes,No,Fiber optic,No internet service,No internet service,No internet service,No internet service,No internet service,Yes,One year,No,Bank transfer (automatic),103.66,2091.61,1
CUST_00700,Male,1,Yes,No,69,Yes,No,DSL,Yes,No,Yes,No,No,No,Month-to-month,Yes,Credit card (automatic),92.48,6397.83,1
CUST_00701,Female,1,No,No,27,Yes,No phone service,No,No internet service,No internet service,No,No,No,No,Month-to-month,Yes,Bank transfer (automatic),55.96,1541.12,1
CUST_00702,Female,0,No,No,23,Yes,No,No,No,No internet service,No,Yes,Yes,No,Month-to-month,No,Credit card (automatic),93.25,2146.83,1
CUST_00703,Male,0,No,Yes,70,Yes,Yes,DSL,No,No,Yes,No internet service,No,Yes,Month-to-month,Yes,Electronic check,61.4,4252.21,1
CUST_00704,Male,1,No,No,37,Yes,No,No,Yes,No,No,Yes,Yes,Yes,One year,Yes,Mailed check,26.35,923.57,0
CUST_00705,Male,1,No,No,13,Yes,No,Fiber optic,Yes,No,No internet service,Yes,Yes,Yes,Month-to-month,No,Bank transfer (automatic),86.56,1141.42,1
CUST_00706,Female,1,Yes,No,35,Yes,No,DSL,No,No internet service,No,No internet service,Yes,No internet service,Month-to-month,Yes,Electronic check,113.68,3939.38,1
CUST_00707,Male,0,Yes,Yes,19,No,No,Fiber optic,No internet service,No,No,Yes,No internet service,Yes,Month-to-month,No,Electronic check,28.37,563.05,1
CUST_00708,Female,0,No,No,51,Yes,No phone service,No,No internet service,Yes,No internet service,Yes,No internet service,No,Month-to-month,Yes,Electronic check,88.76,4573.61,1
CUST_00709,Male,1,Yes,No,41,Yes,Yes,DSL,Yes,No internet service,No internet service,No,No internet service,No internet service,Two year,Yes,Electronic check,103.97,4255.05,1
CUST_00710,Male,0,No,No,52,Yes,No phone service,DSL,Yes,No,No internet service,No internet service,No internet service,Yes,Month-to-month,Yes,Credit card (automatic),79.66,4184.72,1
CUST_00711,Female,0,Yes,No,67,Yes,Yes,No,Yes,No internet service,No,No internet service,Yes,Yes,Month-to-month,No,Electronic check,68.54,4601.24,1
CUST_00712,Female,0,Yes,Yes,52,Yes,No,Fiber optic,No internet service,No,No,Yes,Yes,Yes,One year,Yes,Bank transfer (automatic),43.72,2274.35,0
CUST_00713,Female,0,Yes,No,25,Yes,Yes,Fiber optic,Yes,No,No,No,Yes,No,One year,Yes,Electronic check,39.39,987.3,1
CUST_00714,Female,0,No,No,15,Yes,No,Fiber optic,Yes,No,No,No,Yes,No,Month-to-month,Yes,Mailed check,59.63,865.37,1
CUST_00715,Female,0,Yes,Yes,38,Yes,No phone service,Fiber optic,No internet service,No internet service,No,No,No,Yes,Month-to-month,Yes,Electronic check,84.13,3163.39,1
CUST_00716,Female,0,Yes,No,32,Yes,No,DSL,No internet service,Yes,No internet service,Yes,Yes,Yes,One year,Yes,Electronic check,51.47,1589.5,1
CUST_00717,Female,0,Yes,No,23,Yes,No phone service,DSL,No,No,No,No,No internet service,No,Month-to-month,No,Mailed check,68.84,1557.66,1
CUST_00718,Male,1,No,Yes,58,Yes,Yes,No,Yes,No internet service,No internet service,No,Yes,No,One year,No,Electronic check,80.0,4714.88,1
CUST_00719,Male,0,No,No,65,Yes,Yes,Fiber optic,No,No internet service,No internet service,Yes,Yes,Yes,One year,Yes,Electronic check,41.0,2612.73,1
CUST_00720,Female,0,Yes,No,28,Yes,Yes,Fiber optic,Yes,Yes,No,No internet service,No internet service,No internet service,One year,Yes,Bank transfer (automatic),94.14,2594.74,1
CUST_00721,Male,0,No,No,49,Yes,Yes,No,No,Yes,Yes,Yes,No,Yes,Two year,Yes,Credit card (automatic),82.86,4031.94,1
CUST_00722,Female,1,Yes,No,70,Yes,Yes,DSL,No internet service,No,No internet service,No internet service,Yes,Yes,Two year,Yes,Bank transfer (automatic),79.18,5516.05,0
CUST_00723,Female,0,No,Yes,1,Yes,Yes,No,Yes,Yes,Yes,No,No,Yes,Month-to-month,Yes,Mailed check,67.81,77.24,1
CUST_00724,Male,0,Yes,No,26,Yes,No,Fiber optic,No internet service,Yes,No internet service,No,No,No,Two year,No,Mailed check,56.48,1447.07,1
CUST_00725,Female,0,Yes,No,53,No,Yes,No,No,No,Yes,No internet service,Yes,No,One year,Yes,Mailed check,74.88,3961.69,0
CUST_00726,Male,0,No,Yes,36,No,No,DSL,No internet service,No,Yes,Yes,Yes,Yes,Month-to-month,Yes,Mailed check,96.57,3446.79,1
CUST_00727,Female,0,No,No,57,Yes,Yes,DSL,Yes,No,Yes,Yes,No internet service,Yes,Two year,No,Mailed check,90.6,5147.57,0
CUST_00728,Male,1,Yes,Yes,34,Yes,Yes,Fiber optic,No,No,Yes,No,Yes,Yes,Two year,Yes,Mailed check,93.77,3186.09,1
CUST_00729,Male,0,No,No,5,Yes,No,No,Yes,No internet service,No internet service,No internet service,Yes,Yes,One year,No,Bank transfer (automatic),40.94,199.99,1
CUST_00730,Female,0,No,No,31,Yes,Yes,No,No,No,Yes,No internet service,Yes,Yes,Month-to-month,No,Electronic check,97.97,3106.4,1
CUST_00731,Female,1,Yes,No,29,Yes,Yes,Fiber optic,Yes,No internet service,Yes,No,No,Yes,Month-to-month,Yes,Electronic check,53.54,1551.67,1
CUST_00732,Male,0,No,No,61,Yes,Yes,Fiber optic,No,Yes,No,No internet service,No internet service,Yes,Two year,No,Bank transfer (automatic),43.31,2634.57,0
CUST_00733,Female,1,No,Yes,11,Yes,Yes,DSL,No internet service,No internet service,No internet service,Yes,Yes,Yes,Two year,Yes,Bank transfer (automatic),32.16,266.37,1
CUST_00734,Female,0,Yes,No,12,No,Yes,Fiber optic,No,No internet service,No,Yes,No internet service,Yes,Month-to-month,Yes,Bank transfer (automatic),103.03,1244.76,1
CUST_00735,Male,0,No,Yes,11,Yes,Yes,No,No,Yes,No internet service,Yes,No internet service,Yes,Month-to-month,No,Electronic check,82.32,836.39,1
CUST_00736,Female,1,Yes,No,41,Yes,No,Fiber optic,No,No,Yes,No internet service,Yes,No,One year,No,Bank transfer (automatic),104.13,4288.64,1
CUST_00737,Female,0,No,No,71,Yes,No,DSL,No,No,No internet service,No,No internet service,Yes,Month-to-month,Yes,Credit card (automatic),76.14,5410.92,1
CUST_00738,Male,0,Yes,Yes,44,Yes,Yes,No,No,No,No,No,No internet service,No,One year,Yes,Electronic check,106.03,4693.25,1
CUST_00739,Female,1,Yes,Yes,58,Yes,No,DSL,No,No internet service,No internet service,No,No internet service,Yes,Two year,No,Mailed check,75.66,4366.07,1
CUST_00740,Female,0,No,Yes,61,Yes,No,Fiber optic,Yes,Yes,No,Yes,No,Yes,Month-to-month,No,Electronic check,84.58,5160.32,1
CUST_00741,Female,0,No,Yes,43,No,No,Fiber optic,No,No,No internet service,Yes,Yes,Yes,One year,Yes,Bank transfer (automatic),25.64,1126.17,1
CUST_00742,Female,0,No,Yes,44,Yes,No,Fiber optic,Yes,No internet service,No,Yes,Yes,Yes,Month-to-month,Yes,Electronic check,86.97,3794.15,1
CUST_00743,Female,0,No,No,18,Yes,No phone service,Fiber optic,No,Yes,No,Yes,Yes,No internet service,Month-to-month,Yes,Bank transfer (automatic),79.77,1457.21,1
CUST_00744,Male,0,Yes,No,69,Yes,No,Fiber optic,No,Yes,No,No,No,Yes,Month-to-month,No,Electronic check,44.21,3070.24,1
CUST_00745,Female,0,Yes,No,56,Yes,No,DSL,Yes,Yes,Yes,No,Yes,Yes,Month-to-month,Yes,Electronic check,31.27,1746.4,1
CUST_00746,Male,0,Yes,No,62,Yes,No phone service,DSL,No internet service,No internet service,No internet service,No internet service,No,Yes,One year,Yes,Electronic check,54.72,3447.89,0
CUST_00747,Female,0,Yes,No,70,Yes,No phone service,Fiber optic,No,Yes,No internet service,No internet service,No internet service,Yes,Month-to-month,Yes,Electronic check,26.02,1839.44,1
CUST_00748,Male,0,Yes,No,25,Yes,No,Fiber optic,No,Yes,No internet service,No internet service,Yes,No internet service,Two year,No,Credit card (automatic),80.08,1943.4,0
CUST_00749,Male,1,No,No,11,Yes,No phone service,Fiber optic,No internet service,No,No,Yes,No internet service,No internet service,Month-to-month,No,Electronic check,74.59,855.09,1
CUST_00750,Male,0,No,No,62,Yes,No,DSL,Yes,No internet service,No internet service,No,Yes,Yes,Two year,Yes,Electronic check,111.78,6907.33,1
CUST_00751,Female,1,Yes,No,34,Yes,Yes,DSL,Yes,No,No,Yes,Yes,Yes,Month-to-month,Yes,Credit card (automatic),71.76,2467.76,0
CUST_00752,Male,0,Yes,No,69,Yes,No,Fiber optic,Yes,No internet service,No internet service,Yes,No internet service,No,Month-to-month,Yes,Electronic check,92.97,6425.27,1
CUST_00753,Male,1,No,No,50,Yes,No,Fiber optic,No,Yes,Yes,No,Yes,No,Month-to-month,No,Mailed check,86.4,4227.54,1
CUST_00754,Female,0,Yes,No,19,Yes,No,Fiber optic,Yes,No,No,No,Yes,Yes,Month-to-month,No,Electronic check,89.97,1730.6,1
CUST_00755,Female,0,Yes,No,26,Yes,Yes,Fiber optic,No internet service,No,Yes,No,No internet service,Yes,Month-to-month,No,Credit card (automatic),51.37,1327.86,1
CUST_00756,Male,1,Yes,No,44,Yes,No,DSL,No,No,No,No internet service,No internet service,Yes,Two year,No,Mailed check,61.54,2691.68,0
CUST_00757,Female,0,Yes,No,28,Yes,Yes,DSL,No,No internet service,No,Yes,No internet service,Yes,One year,No,Electronic check,31.98,880.66,1
CUST_00758,Male,0,Yes,Yes,21,Yes,Yes,DSL,No,No,No internet service,No internet service,Yes,Yes,Month-to-month,Yes,Bank transfer (automatic),85.05,1813.66,1
CUST_00759,Male,0,No,Yes,15,Yes,No,Fiber optic,No,Yes,No internet service,Yes,Yes,No,Month-to-month,Yes,Electronic check,50.24,721.36,1
CUST_00760,Female,0,Yes,No,47,Yes,No phone service,DSL,No,Yes,No,No internet service,Yes,No internet service,Month-to-month,Yes,Electronic check,74.88,3558.32,1
CUST_00761,Male,0,No,Yes,3,Yes,No,DSL,No,Yes,No internet service,No,Yes,Yes,Two year,Yes,Electronic check,112.15,283.26,1
CUST_00762,Female,0,Yes,No,7,Yes,No,No,No internet service,No internet service,No,Yes,No internet service,No internet service,One year,No,Mailed check,88.29,628.38,0
CUST_00763,Female,0,No,Yes,4,Yes,No,Fiber optic,No,Yes,No,No,Yes,Yes,Month-to-month,Yes,Bank transfer (automatic),46.77,214.12,1
CUST_00764,Female,0,Yes,No,53,Yes,No,Fiber optic,No,No internet service,No,Yes,No,Yes,Month-to-month,Yes,Electronic check,71.46,3813.56,1
CUST_00765,Male,0,Yes,Yes,3,Yes,No,Fiber optic,No,Yes,Yes,No internet service,Yes,No,Month-to-month,Yes,Bank transfer (automatic),80.22,247.1,1
CUST_00766,Female,0,Yes,No,30,Yes,Yes,DSL,No,No internet service,Yes,Yes,No,Yes,Month-to-month,Yes,Electronic check,105.02,3143.36,1
CUST_00767,Female,0,Yes,No,9,Yes,Yes,DSL,No,No internet service,No,No internet service,Yes,No internet service,Month-to-month,Yes,Bank transfer (automatic),99.38,875.17,1
CUST_00768,Male,0,Yes,Yes,42,Yes,No,No,No,Yes,No,No,Yes,No internet service,Month-to-month,Yes,Electronic check,51.52,2121.06,1
CUST_00769,Male,0,No,Yes,3,Yes,No,Fiber optic,Yes,Yes,No,No internet service,Yes,Yes,Two year,Yes,Mailed check,111.96,311.88,1
CUST_00770,Male,0,Yes,No,2,Yes,Yes,Fiber optic,No,No internet service,No internet service,Yes,No internet service,Yes,Month-to-month,Yes,Mailed check,34.74,35.83,1
CUST_00771,Female,0,Yes,No,30,Yes,No,No,Yes,Yes,Yes,No,No,Yes,Two year,Yes,Bank transfer (automatic),47.61,1388.91,1
CUST_00772,Female,0,Yes,No,50,Yes,Yes,DSL,No internet service,Yes,No internet service,No internet service,No,No internet service,One year,Yes,Bank transfer (automatic),23.39,1232.63,1
CUST_00773,Male,0,No,No,8,Yes,No phone service,Fiber optic,Yes,No internet service,No internet service,Yes,Yes,Yes,Month-to-month,Yes,Mailed check,51.13,348.86,1
CUST_00774,Female,0,No,No,36,Yes,No,DSL,No,No internet service,No internet service,Yes,No,No internet service,Month-to-month,No,Credit card (automatic),61.4,2249.79,1
CUST_00775,Female,0,No,Yes,58,Yes,Yes,Fiber optic,Yes,No internet service,No,No,No,Yes,Month-to-month,Yes,Credit card (automatic),44.13,2516.26,1
CUST_00776,Female,0,No,No,45,Yes,No phone service,No,Yes,No internet service,Yes,No,Yes,No,One year,No,Credit card (automatic),21.26,920.93,0
CUST_00777,Male,0,No,No,54,Yes,Yes,DSL,No,No,No internet service,No internet service,No,Yes,Month-to-month,No,Electronic check,21.05,1100.35,1
CUST_00778,Male,0,No,Yes,23,Yes,No phone service,No,No,No internet service,No,Yes,No internet service,No internet service,Two year,No,Electronic check,112.4,2546.33,1
CUST_00779,Male,0,Yes,No,67,Yes,No,Fiber optic,Yes,No,No internet service,No internet service,No internet service,No,One year,Yes,Bank transfer (automatic),93.48,6295.46,1
CUST_00780,Female,0,No,No,11,Yes,Yes,Fiber optic,Yes,No internet service,Yes,No internet service,No internet service,Yes,Month-to-month,Yes,Electronic check,89.84,1008.83,1
CUST_00781,Female,0,No,Yes,43,Yes,No,DSL,Yes,No,No,No internet service,No,Yes,Month-to-month,No,Bank transfer (automatic),98.57,4230.37,1
CUST_00782,Female,0,Yes,Yes,31,Yes,No,Fiber optic,No,No,No,Yes,Yes,Yes,Month-to-month,No,Electronic check,89.42,2866.78,1
CUST_00783,Male,0,No,Yes,3,Yes,No phone service,Fiber optic,No internet service,No internet service,No,Yes,Yes,No,Month-to-month,No,Bank transfer (automatic),26.15,77.86,1
CUST_00784,Male,0,Yes,Yes,68,Yes,No,DSL,No,No,No internet service,No internet service,Yes,No internet service,Month-to-month,Yes,Electronic check,112.57,7656.86,1
CUST_00785,Male,0,Yes,Yes,50,No,No phone service,Fiber optic,No internet service,No,Yes,No,Yes,Yes,Two year,No,Credit card (automatic),62.88,3120.0,1
CUST_00786,Female,0,Yes,No,17,Yes,Yes,DSL,No,No,Yes,No,Yes,No internet service,Month-to-month,No,Bank transfer (automatic),65.34,1082.61,1
CUST_00787,Male,1,No,Yes,4,Yes,No phone service,No,No,Yes,Yes,No internet service,No,Yes,Month-to-month,No,Electronic check,108.66,415.98,1
CUST_00788,Female,0,No,No,48,Yes,No phone service,DSL,No internet service,No,Yes,Yes,No,No internet service,One year,No,Mailed check,40.45,1971.41,0
CUST_00789,Female,0,Yes,No,39,Yes,Yes,Fiber optic,Yes,No internet service,Yes,No internet service,No,No internet service,One year,Yes,Mailed check,51.28,2019.91,1
CUST_00790,Male,0,Yes,No,4,Yes,No phone service,Fiber optic,No internet service,No,Yes,No,No internet service,No,Month-to-month,Yes,Credit card (automatic),105.5,467.17,1
CUST_00791,Male,0,Yes,No,71,Yes,Yes,Fiber optic,No,No,No,No internet service,Yes,No internet service,Month-to-month,No,Mailed check,71.97,5084.77,1
CUST_00792,Male,0,Yes,Yes,51,Yes,Yes,No,No,No,No,No internet service,Yes,Yes,One year,No,Mailed check,62.01,3183.14,1
CUST_00793,Female,0,No,Yes,33,Yes,Yes,No,No internet service,No internet service,No internet service,No,No,No,Month-to-month,Yes,Electronic check,115.46,3820.87,1
CUST_00794,Female,1,Yes,Yes,17,No,No,DSL,No,No internet service,No,Yes,No,Yes,Month-to-month,Yes,Bank transfer (automatic),108.87,1865.99,1
CUST_00795,Male,1,Yes,No,20,Yes,No,Fiber optic,No internet service,Yes,Yes,No internet service,No,Yes,One year,No,Electronic check,108.74,2144.57,1
CUST_00796,Male,0,Yes,No,33,Yes,No,Fiber optic,No internet service,No,No internet service,No internet service,No internet service,No,One year,Yes,Credit card (automatic),41.22,1323.9,1
CUST_00797,Female,0,No,No,5,Yes,No,DSL,Yes,No,No,No,Yes,No internet service,Month-to-month,No,Bank transfer (automatic),104.39,540.82,1
CUST_00798,Male,0,Yes,No,27,Yes,No,Fiber optic,No,Yes,Yes,No internet service,No,No internet service,Month-to-month,No,Credit card (automatic),85.67,2343.64,1
CUST_00799,Male,0,No,No,16,No,Yes,DSL,No internet service,No,No,No,No internet service,No,One year,Yes,Bank transfer (automatic),89.15,1404.76,1
CUST_00800,Male,0,Yes,Yes,9,Yes,Yes,No,Yes,Yes,No internet service,No,Yes,No internet service,Month-to-month,No,Electronic check,24.78,244.34,1
CUST_00801,Male,1,Yes,No,9,Yes,Yes,Fiber optic,No,Yes,No,No internet service,No,No internet service,Two year,Yes,Electronic check,75.57,722.11,1
CUST_00802,Male,0,No,Yes,25,Yes,No phone service,Fiber optic,Yes,No internet service,No internet service,No,Yes,No internet service,Month-to-month,Yes,Electronic check,41.86,1033.84,1
CUST_00803,Female,0,Yes,No,28,Yes,No phone service,Fiber optic,Yes,No internet service,Yes,No internet service,Yes,Yes,One year,No,Electronic check,112.71,3105.52,1
CUST_00804,Female,1,No,No,25,Yes,No phone service,No,No,No,Yes,No internet service,Yes,Yes,Two year,Yes,Electronic check,76.16,1858.02,1
CUST_00805,Female,0,Yes,Yes,49,Yes,Yes,Fiber optic,No,Yes,Yes,No,No,Yes,Month-to-month,Yes,Credit card (automatic),81.74,3981.58,1
CUST_00806,Female,0,No,No,38,Yes,No,No,No,No internet service,No internet service,Yes,No,No internet service,One year,No,Mailed check,44.33,1668.93,1
CUST_00807,Female,1,No,No,14,Yes,No phone service,No,No,No,No,No internet service,No internet service,No,Month-to-month,Yes,Mailed check,62.14,868.7,1
CUST_00808,Male,0,No,Yes,70,Yes,No,DSL,Yes,No internet service,No,No,No,No internet service,One year,Yes,Mailed check,72.94,5105.25,0
CUST_00809,Male,0,Yes,No,52,Yes,No,DSL,No,Yes,No internet service,No,Yes,No internet service,Two year,Yes,Electronic check,101.2,5252.87,1
CUST_00810,Female,0,No,No,34,Yes,No,DSL,Yes,Yes,No,No,No internet service,No,Two year,Yes,Mailed check,81.16,2783.21,1
CUST_00811,Male,1,No,Yes,4,Yes,Yes,Fiber optic,Yes,No,Yes,Yes,Yes,No internet service,Month-to-month,Yes,Electronic check,31.3,98.57,1
CUST_00812,Female,0,Yes,Yes,65,Yes,Yes,Fiber optic,No,No internet service,No,Yes,No,No,Two year,No,Credit card (automatic),65.08,4274.46,0
CUST_00813,Female,0,Yes,Yes,53,Yes,No,DSL,No,Yes,Yes,No,Yes,No,Two year,Yes,Bank transfer (automatic),49.55,2659.05,1
CUST_00814,Male,0,No,Yes,33,Yes,Yes,No,Yes,Yes,No,No internet service,No internet service,Yes,Month-to-month,Yes,Electronic check,73.89,2468.71,1
CUST_00815,Female,0,Yes,No,12,Yes,No,DSL,Yes,No,No internet service,No,No internet service,No internet service,Two year,No,Bank transfer (automatic),66.98,780.68,1
CUST_00816,Female,1,No,No,8,Yes,No,Fiber optic,No,No internet service,No,Yes,Yes,No internet service,Month-to-month,Yes,Mailed check,22.23,173.77,1
CUST_00817,Male,0,No,No,21,Yes,No,Fiber optic,Yes,No internet service,No,No,No,No internet service,Two year,Yes,Electronic check,40.75,881.05,1
CUST_00818,Male,1,Yes,No,17,Yes,No,Fiber optic,No internet service,No internet service,No,No internet service,No,Yes,Two year,No,Electronic check,86.01,1455.17,1
CUST_00819,Female,0,No,No,15,Yes,Yes,DSL,No,No,Yes,Yes,Yes,Yes,Month-to-month,No,Electronic check,74.43,1091.98,1
CUST_00820,Female,0,No,No,29,Yes,No,Fiber optic,Yes,No internet service,No,No,Yes,No internet service,Month-to-month,Yes,Credit card (automatic),25.33,708.7,1
CUST_00821,Male,1,Yes,No,4,No,No,Fiber optic,No internet service,No,No,No,No,No internet service,Two year,Yes,Credit card (automatic),79.77,294.91,1
CUST_00822,Female,0,No,Yes,24,Yes,No,DSL,No,Yes,Yes,No,Yes,No internet service,Month-to-month,No,Bank transfer (automatic),70.33,1647.29,1
CUST_00823,Male,0,Yes,Yes,62,Yes,Yes,Fiber optic,No internet service,No,Yes,No,Yes,No,Month-to-month,Yes,Electronic check,35.02,2271.7,1
CUST_00824,Female,1,Yes,No,62,Yes,No phone service,Fiber optic,No,No,No,No internet service,No internet service,No,Month-to-month,Yes,Electronic check,20.2,1184.07,1
CUST_00825,Female,0,No,No,1,Yes,Yes,DSL,No,No,No,Yes,No,Yes,Month-to-month,Yes,Electronic check,53.54,19.21,1
CUST_00826,Male,0,Yes,No,49,Yes,Yes,Fiber optic,No,Yes,No,Yes,Yes,No internet service,Month-to-month,Yes,Electronic check,97.97,4821.39,1
CUST_00827,Female,1,No,Yes,71,Yes,No phone service,Fiber optic,No,No internet service,No internet service,Yes,No internet service,Yes,Month-to-month,No,Mailed check,33.3,2340.45,1
CUST_00828,Female,0,Yes,No,42,Yes,No,No,No,No internet service,Yes,No,No internet service,No internet service,Two year,No,Electronic check,114.44,4794.17,1
CUST_00829,Female,0,Yes,Yes,28,Yes,No,Fiber optic,Yes,No,Yes,No internet service,No internet service,Yes,One year,Yes,Electronic check,74.25,2092.83,1
CUST_00830,Male,0,Yes,No,35,Yes,Yes,DSL,No,No internet service,No internet service,No,No,No internet service,Two year,Yes,Mailed check,95.84,3390.53,0
CUST_00831,Male,0,No,No,16,Yes,No,Fiber optic,Yes,No,Yes,No internet service,Yes,Yes,Month-to-month,No,Electronic check,117.69,1873.47,1
CUST_00832,Male,0,No,No,29,Yes,Yes,DSL,No internet service,Yes,No internet service,No,Yes,Yes,One year,Yes,Bank transfer (automatic),46.27,1374.1,0
CUST_00833,Male,0,No,No,67,Yes,Yes,No,No,Yes,No,No,No internet service,No,Month-to-month,No,Bank transfer (automatic),78.29,5186.02,1
CUST_00834,Male,0,No,Yes,44,Yes,No,Fiber optic,No internet service,No,No,Yes,No internet service,No,One year,No,Bank transfer (automatic),54.07,2357.87,1
CUST_00835,Female,0,No,No,31,Yes,Yes,DSL,Yes,Yes,Yes,No,No,No internet service,Two year,No,Credit card (automatic),28.45,899.27,0
CUST_00836,Female,0,No,No,9,Yes,No,Fiber optic,No,No,No,No,No,No,Month-to-month,Yes,Bank transfer (automatic),99.35,963.21,1
CUST_00837,Female,0,Yes,No,65,Yes,No,DSL,No,No internet service,No internet service,No,Yes,No,Two year,No,Bank transfer (automatic),21.21,1344.86,0
CUST_00838,Male,0,No,Yes,12,Yes,No phone service,No,No,No,Yes,No,No,Yes,Two year,Yes,Bank transfer (automatic),106.88,1242.61,1
CUST_00839,Male,0,No,Yes,52,Yes,Yes,No,No internet service,No internet service,No internet service,No,Yes,No internet service,Month-to-month,No,Credit card (automatic),99.46,5183.87,1
CUST_00840,Female,0,No,No,22,Yes,No,Fiber optic,No,No internet service,No internet service,No,No,No internet service,Two year,Yes,Electronic check,83.84,1846.34,1
CUST_00841,Male,0,Yes,No,20,Yes,No,Fiber optic,No,No,No,No,No,No internet service,Two year,Yes,Mailed check,79.11,1557.05,0
CUST_00842,Female,1,Yes,No,13,Yes,No,Fiber optic,No,Yes,Yes,No,No internet service,Yes,Month-to-month,Yes,Electronic check,104.57,1316.83,1
CUST_00843,Female,0,No,No,27,Yes,No,Fiber optic,Yes,Yes,No,No internet service,Yes,No internet service,Month-to-month,No,Mailed check,25.57,672.4,1
CUST_00844,Male,0,Yes,No,49,Yes,No,DSL,No,No,No,No,No,Yes,One year,Yes,Electronic check,93.64,4606.6,1
CUST_00845,Male,1,Yes,No,30,Yes,No,No,No,No,Yes,No internet service,Yes,No internet service,One year,Yes,Credit card (automatic),38.04,1129.54,1
CUST_00846,Male,0,No,Yes,2,Yes,No phone service,DSL,Yes,No,No internet service,No,Yes,Yes,Month-to-month,No,Bank transfer (automatic),22.04,85.07,1
CUST_00847,Male,0,Yes,No,19,Yes,No phone service,DSL,No,No,Yes,No,Yes,Yes,Month-to-month,Yes,Electronic check,51.23,968.61,1
CUST_00848,Male,0,Yes,No,12,Yes,Yes,DSL,No,No,No internet service,No internet service,Yes,Yes,Month-to-month,Yes,Mailed check,52.72,653.69,1
CUST_00849,Female,0,Yes,Yes,29,Yes,Yes,No,Yes,Yes,Yes,No internet service,Yes,No internet service,Month-to-month,Yes,Bank transfer (automatic),39.26,1148.29,1
CUST_00850,Female,0,Yes,Yes,65,Yes,Yes,No,No,Yes,Yes,No internet service,Yes,No,Month-to-month,No,Credit card (automatic),91.08,5906.07,1
CUST_00851,Female,0,No,No,69,Yes,Yes,DSL,No,No,No,Yes,Yes,No,Month-to-month,No,Bank transfer (automatic),75.89,5265.57,1
CUST_00852,Female,0,No,Yes,71,Yes,No phone service,DSL,No internet service,No internet service,Yes,No,Yes,Yes,Two year,No,Electronic check,112.01,7910.11,1
CUST_00853,Female,0,No,No,8,Yes,Yes,No,No,No,Yes,No internet service,No,No internet service,Month-to-month,No,Credit card (automatic),96.17,749.99,1
CUST_00854,Male,1,No,Yes,35,Yes,Yes,Fiber optic,No,No,Yes,No internet service,No internet service,Yes,One year,No,Credit card (automatic),102.61,3576.86,1
CUST_00855,Male,0,No,Yes,4,Yes,No phone service,No,No,No,No internet service,No,Yes,Yes,One year,Yes,Credit card (automatic),110.25,454.35,1
CUST_00856,Female,0,Yes,Yes,36,Yes,Yes,No,Yes,No,Yes,Yes,Yes,No internet service,Two year,Yes,Bank transfer (automatic),100.64,3645.12,1
CUST_00857,Male,0,No,No,41,Yes,No,Fiber optic,Yes,Yes,No,No,Yes,No,Two year,No,Electronic check,31.81,1275.68,1
CUST_00858,Male,1,Yes,No,55,Yes,No,DSL,Yes,Yes,No,Yes,Yes,No,Two year,No,Credit card (automatic),38.55,2086.79,0
CUST_00859,Female,0,Yes,No,24,Yes,No,Fiber optic,Yes,Yes,No,No,No,Yes,Month-to-month,Yes,Electronic check,60.18,1447.07,1
CUST_00860,Female,0,No,Yes,3,Yes,No,No,Yes,Yes,No,No,No internet service,No,Month-to-month,No,Electronic check,53.21,105.81,1
CUST_00861,Female,0,No,No,33,Yes,No,DSL,No,Yes,Yes,Yes,Yes,Yes,Month-to-month,Yes,Bank transfer (automatic),108.54,3617.09,1
CUST_00862,Female,0,Yes,No,31,Yes,No,No,No,No internet service,No internet service,No,Yes,No,Month-to-month,Yes,Mailed check,72.42,2237.19,1
CUST_00863,Male,0,No,No,45,Yes,No,Fiber optic,Yes,Yes,No internet service,No,Yes,Yes,Month-to-month,Yes,Bank transfer (automatic),107.59,4800.62,1
CUST_00864,Female,0,Yes,No,8,Yes,No phone service,No,No,Yes,No internet service,No,Yes,No,Month-to-month,No,Bank transfer (automatic),58.72,428.13,1
CUST_00865,Female,0,Yes,No,44,Yes,No,Fiber optic,Yes,Yes,No,No,No internet service,Yes,Month-to-month,Yes,Electronic check,110.65,4879.56,1
CUST_00866,Female,1,Yes,No,29,Yes,No,DSL,No,Yes,No internet service,No internet service,No,Yes,Month-to-month,Yes,Bank transfer (automatic),27.17,797.94,1
CUST_00867,Female,0,Yes,No,53,Yes,No,Fiber optic,No internet service,Yes,No internet service,No,No,Yes,One year,Yes,Credit card (automatic),64.55,3394.25,1
CUST_00868,Female,0,No,No,70,Yes,No,DSL,No,Yes,No,No internet service,No internet service,Yes,Two year,No,Credit card (automatic),110.11,7703.71,1
CUST_00869,Male,0,Yes,Yes,17,Yes,Yes,Fiber optic,Yes,Yes,No internet service,No,No,Yes,Month-to-month,Yes,Electronic check,64.96,1064.8,1
CUST_00870,Male,0,Yes,No,54,No,Yes,No,No,No internet service,Yes,No,Yes,No,Month-to-month,Yes,Electronic check,93.27,5027.54,1
CUST_00871,Male,0,Yes,No,10,Yes,No,DSL,No,No,Yes,No internet service,No,Yes,Month-to-month,No,Electronic check,56.09,612.54,1
CUST_00872,Male,0,No,Yes,70,Yes,Yes,No,Yes,Yes,No,Yes,No,Yes,Month-to-month,No,Bank transfer (automatic),102.92,7278.97,0
CUST_00873,Male,0,No,No,35,Yes,No,DSL,No internet service,No,No,Yes,Yes,No,Two year,Yes,Bank transfer (automatic),83.14,2902.49,1
CUST_00874,Male,0,No,No,53,Yes,Yes,Fiber optic,No,Yes,No,No internet service,No,Yes,Month-to-month,Yes,Mailed check,101.19,5378.18,1
CUST_00875,Female,0,Yes,Yes,56,No,No phone service,No,Yes,No,No,No,No,No,Month-to-month,No,Electronic check,73.65,4138.13,1
CUST_00876,Female,0,No,No,44,Yes,No phone service,Fiber optic,No,No,No,Yes,Yes,No,One year,Yes,Bank transfer (automatic),83.76,3625.2,1
CUST_00877,Female,0,No,Yes,28,Yes,No,No,No,No internet service,No internet service,No internet service,No,No internet service,Month-to-month,Yes,Bank transfer (automatic),72.87,2000.12,1
CUST_00878,Female,0,Yes,No,54,Yes,Yes,No,No,No internet service,No,Yes,Yes,No,Month-to-month,Yes,Mailed check,76.73,4062.37,1
CUST_00879,Female,0,Yes,No,34,Yes,Yes,Fiber optic,No internet service,No,No,No,Yes,Yes,Month-to-month,No,Electronic check,88.92,3039.0,1
CUST_00880,Female,0,Yes,Yes,47,Yes,No phone service,Fiber optic,No internet service,Yes,No,No internet service,Yes,Yes,Month-to-month,No,Mailed check,32.08,1575.85,1
CUST_00881,Male,0,Yes,No,44,Yes,No,DSL,Yes,No,No,No internet service,No,Yes,Month-to-month,Yes,Credit card (automatic),96.86,4299.14,1
CUST_00882,Female,0,Yes,No,33,Yes,Yes,Fiber optic,Yes,Yes,No internet service,No,No internet service,No internet service,One year,Yes,Mailed check,55.52,1833.72,1
CUST_00883,Male,1,Yes,Yes,9,Yes,No,DSL,No,No internet service,No,Yes,No,Yes,Month-to-month,Yes,Bank transfer (automatic),21.26,187.96,1
CUST_00884,Male,1,Yes,No,21,Yes,No,No,No,Yes,Yes,No internet service,No,Yes,Month-to-month,No,Electronic check,84.37,1759.44,1
CUST_00885,Female,0,No,Yes,67,Yes,Yes,Fiber optic,No,No,No internet service,No internet service,Yes,No,One year,No,Electronic check,81.36,5488.21,1
CUST_00886,Female,0,Yes,No,37,Yes,No,Fiber optic,Yes,No,Yes,Yes,No,No,One year,Yes,Electronic check,92.58,3433.01,1
CUST_00887,Male,0,Yes,Yes,46,Yes,No,No,No internet service,No,No,No,Yes,No internet service,Month-to-month,No,Electronic check,119.83,5514.37,1
CUST_00888,Male,0,No,Yes,19,Yes,No phone service,DSL,No,No,No,No,Yes,Yes,Two year,Yes,Electronic check,66.14,1218.05,1
CUST_00889,Male,0,Yes,No,51,Yes,Yes,No,No internet service,No,No,Yes,No,No internet service,One year,Yes,Mailed check,117.33,6004.87,1
CUST_00890,Male,1,Yes,Yes,35,Yes,No phone service,DSL,No internet service,No,No internet service,No internet service,Yes,No,Two year,Yes,Electronic check,77.78,2717.05,1
CUST_00891,Male,1,Yes,No,16,Yes,Yes,DSL,Yes,No,No,No internet service,No internet service,No internet service,Month-to-month,No,Credit card (automatic),55.79,906.53,1
CUST_00892,Female,0,Yes,No,11,Yes,No phone service,Fiber optic,Yes,Yes,Yes,No,Yes,Yes,Month-to-month,No,Electronic check,87.78,1000.55,1
CUST_00893,Female,0,Yes,No,29,Yes,Yes,DSL,Yes,Yes,No internet service,No internet service,No,Yes,Month-to-month,Yes,Electronic check,39.65,1092.63,0
CUST_00894,Female,0,Yes,Yes,41,Yes,No,Fiber optic,No internet service,No internet service,Yes,No internet service,Yes,Yes,Month-to-month,Yes,Electronic check,116.63,4771.48,1
CUST_00895,Female,0,Yes,No,20,Yes,No,Fiber optic,No,No,Yes,No,No,No internet service,Month-to-month,No,Electronic check,64.11,1266.78,1
CUST_00896,Female,1,No,No,18,No,No phone service,No,No internet service,No,No,No internet service,No,Yes,Month-to-month,Yes,Bank transfer (automatic),21.06,360.57,1
CUST_00897,Female,0,No,No,20,Yes,No,DSL,No,No,No,No,Yes,Yes,Two year,Yes,Bank transfer (automatic),85.53,1671.51,1
CUST_00898,Male,1,Yes,No,21,Yes,No,DSL,No,No,No,No internet service,No internet service,Yes,Two year,No,Bank transfer (automatic),32.03,647.17,0
CUST_00899,Male,0,Yes,No,53,Yes,Yes,DSL,No internet service,No,No,Yes,No,No internet service,Month-to-month,No,Credit card (automatic),28.89,1492.72,0
CUST_00900,Female,0,Yes,No,36,Yes,No,Fiber optic,No,Yes,No,No,Yes,Yes,Month-to-month,Yes,Electronic check,22.36,833.83,1
CUST_00901,Male,0,No,No,34,Yes,No,DSL,No,No,No,No,No,Yes,Month-to-month,Yes,Mailed check,108.3,3695.41,1
CUST_00902,Male,0,No,No,12,Yes,Yes,DSL,No,No,No internet service,Yes,Yes,No,One year,No,Electronic check,23.37,291.22,1
CUST_00903,Male,0,Yes,No,39,Yes,No,No,Yes,Yes,Yes,No,No internet service,No internet service,Month-to-month,Yes,Electronic check,73.72,2807.64,1
CUST_00904,Female,0,Yes,No,69,Yes,Yes,No,Yes,No,No internet service,No,Yes,No internet service,One year,No,Electronic check,68.94,4825.07,1
CUST_00905,Male,0,Yes,No,53,Yes,No,No,Yes,Yes,No,No,No internet service,No,Month-to-month,No,Bank transfer (automatic),111.1,5874.0,1
CUST_00906,Female,1,No,No,32,Yes,Yes,DSL,No,Yes,No,No,Yes,Yes,One year,No,Credit card (automatic),111.11,3616.58,1
CUST_00907,Male,0,No,No,22,Yes,No,Fiber optic,No,No internet service,No,Yes,No internet service,Yes,Two year,Yes,Electronic check,112.09,2492.2,1
CUST_00908,Male,0,Yes,No,26,Yes,Yes,DSL,No,No internet service,No,Yes,No internet service,Yes,Month-to-month,No,Electronic check,60.0,1551.89,1
CUST_00909,Male,0,No,Yes,2,Yes,No,DSL,Yes,Yes,No,Yes,No internet service,Yes,Two year,No,Credit card (automatic),67.35,206.21,1
CUST_00910,Male,0,Yes,Yes,3,Yes,No,Fiber optic,No,No,No internet service,No internet service,No internet service,Yes,Two year,No,Bank transfer (automatic),102.57,327.57,0
CUST_00911,Female,0,No,No,56,Yes,No phone service,No,No internet service,Yes,No internet service,No internet service,No,No,Month-to-month,Yes,Bank transfer (automatic),32.02,1785.13,0
CUST_00912,Male,0,No,No,60,Yes,No,Fiber optic,No,No,No,No,No,Yes,Month-to-month,No,Electronic check,31.44,1872.71,1
CUST_00913,Male,0,Yes,No,69,Yes,Yes,DSL,No internet service,No,No,No,Yes,No,One year,Yes,Electronic check,112.17,7775.85,1
CUST_00914,Female,0,Yes,No,45,Yes,No,Fiber optic,Yes,No internet service,No,No,No,Yes,Month-to-month,Yes,Bank transfer (automatic),22.94,1013.52,1
CUST_00915,Female,1,No,No,66,Yes,No,No,Yes,No,No internet service,Yes,No,No internet service,Two year,Yes,Electronic check,58.29,3833.89,1
CUST_00916,Male,0,Yes,No,30,No,No,DSL,No,No,Yes,Yes,Yes,No internet service,Month-to-month,Yes,Mailed check,39.49,1163.81,1
CUST_00917,Female,1,No,No,19,Yes,No phone service,No,Yes,No internet service,Yes,No,No,Yes,One year,Yes,Electronic check,28.4,513.15,0
CUST_00918,Female,0,Yes,Yes,18,Yes,No,DSL,No,Yes,No,Yes,Yes,Yes,One year,No,Bank transfer (automatic),117.39,2088.71,1
CUST_00919,Male,0,No,No,17,Yes,No,DSL,No internet service,Yes,Yes,No internet service,No,No internet service,Month-to-month,Yes,Mailed check,36.6,684.24,0
CUST_00920,Female,0,Yes,Yes,53,Yes,Yes,No,Yes,No,No,Yes,Yes,No internet service,Month-to-month,Yes,Electronic check,63.2,3384.87,1
CUST_00921,Female,0,Yes,No,1,Yes,No,DSL,No internet service,No,Yes,No,No internet service,Yes,Two year,No,Electronic check,45.62,53.86,1
CUST_00922,Female,0,Yes,No,68,Yes,Yes,Fiber optic,Yes,Yes,Yes,No,Yes,Yes,Month-to-month,Yes,Electronic check,69.12,4681.0,1
CUST_00923,Male,0,Yes,No,56,Yes,No phone service,DSL,No,No,No,No,Yes,No internet service,Month-to-month,Yes,Bank transfer (automatic),96.69,5395.34,1
CUST_00924,Male,0,Yes,No,28,Yes,Yes,Fiber optic,No,No,No,No internet service,No,No,Two year,No,Credit card (automatic),85.97,2394.33,1
CUST_00925,Male,0,No,No,50,Yes,Yes,Fiber optic,No,No,No internet service,No,Yes,No,Month-to-month,Yes,Electronic check,77.17,3921.11,1
CUST_00926,Female,0,Yes,Yes,10,Yes,No,No,Yes,No internet service,Yes,Yes,Yes,Yes,Two year,Yes,Electronic check,71.07,720.88,1
CUST_00927,Female,0,Yes,Yes,31,Yes,No phone service,No,No internet service,No,Yes,No,No,No internet service,Month-to-month,Yes,Credit card (automatic),33.19,1055.05,1
CUST_00928,Male,1,Yes,No,8,Yes,Yes,Fiber optic,No internet service,No,Yes,Yes,No internet service,No,One year,No,Credit card (automatic),60.25,488.99,1
CUST_00929,Male,0,Yes,No,8,Yes,No,Fiber optic,No,No,No,Yes,No,Yes,One year,Yes,Bank transfer (automatic),110.53,853.24,1
CUST_00930,Female,1,No,No,1,Yes,No phone service,DSL,No,Yes,Yes,No,Yes,No,Month-to-month,No,Electronic check,102.05,105.64,1
CUST_00931,Female,0,No,Yes,57,Yes,No phone service,Fiber optic,No,No internet service,No internet service,Yes,Yes,Yes,Month-to-month,No,Electronic check,26.47,1471.14,1
CUST_00932,Female,1,Yes,No,53,Yes,No,Fiber optic,No,No internet service,Yes,Yes,No,Yes,Month-to-month,Yes,Credit card (automatic),104.04,5555.96,1
CUST_00933,Male,1,No,No,64,Yes,No,DSL,No,No internet service,No internet service,No,No,No,One year,No,Mailed check,102.8,6553.0,1
CUST_00934,Female,0,No,No,70,Yes,Yes,No,No,No internet service,No,No,No internet service,No,Month-to-month,Yes,Electronic check,100.2,6993.98,1
CUST_00935,Male,0,No,Yes,69,Yes,No phone service,DSL,No internet service,No,No,No internet service,Yes,No internet service,Month-to-month,No,Bank transfer (automatic),101.48,7030.58,1
CUST_00936,Female,0,Yes,No,71,Yes,Yes,DSL,No,No,Yes,Yes,No,No,One year,No,Bank transfer (automatic),118.3,8374.86,1
CUST_00937,Male,0,Yes,Yes,2,Yes,No,No,Yes,Yes,Yes,No,No internet service,Yes,Two year,No,Electronic check,25.52,43.37,1
CUST_00938,Male,0,Yes,No,56,Yes,No,Fiber optic,No internet service,No internet service,No,No,Yes,Yes,Month-to-month,No,Credit card (automatic),58.38,3176.96,1
CUST_00939,Male,0,No,Yes,52,Yes,No,Fiber optic,Yes,No,No,No internet service,No internet service,No,One year,Yes,Mailed check,116.84,6064.39,1
CUST_00940,Female,1,No,No,12,Yes,No,DSL,Yes,Yes,No,No,Yes,Yes,Two year,No,Electronic check,75.27,924.04,1
CUST_00941,Female,0,Yes,No,10,Yes,Yes,Fiber optic,No internet service,No internet service,No,No,No,No,Month-to-month,No,Electronic check,88.23,860.38,1
CUST_00942,Male,0,Yes,Yes,70,Yes,No,Fiber optic,Yes,No,Yes,No,Yes,Yes,Two year,No,Mailed check,56.19,3952.87,0
CUST_00943,Female,0,No,No,63,Yes,No,DSL,Yes,No internet service,No internet service,No,No internet service,Yes,One year,No,Mailed check,41.19,2594.4,0
CUST_00944,Male,0,No,No,24,Yes,No phone service,Fiber optic,No,No internet service,Yes,Yes,No internet service,Yes,One year,Yes,Electronic check,117.84,2866.23,1
CUST_00945,Male,0,Yes,No,6,Yes,No,DSL,No internet service,No internet service,Yes,No,Yes,No,One year,No,Mailed check,56.17,311.3,0
CUST_00946,Male,0,No,No,24,No,No,DSL,Yes,No,No,Yes,No,Yes,Month-to-month,Yes,Mailed check,76.09,1817.71,1
CUST_00947,Female,0,Yes,Yes,1,No,No phone service,DSL,No,No,No,No,Yes,No,One year,Yes,Mailed check,44.38,0.0,1
CUST_00948,Male,0,Yes,No,49,Yes,No,DSL,Yes,No internet service,No,No,Yes,Yes,One year,Yes,Credit card (automatic),116.7,5715.08,1
CUST_00949,Female,0,No,No,27,Yes,No phone service,DSL,No,Yes,No,Yes,No,No internet service,Month-to-month,Yes,Electronic check,45.84,1222.93,1
CUST_00950,Male,0,No,No,4,Yes,No,Fiber optic,No,Yes,No,Yes,No,No,Month-to-month,Yes,Credit card (automatic),111.39,479.16,1
CUST_00951,Male,0,No,No,70,Yes,No,Fiber optic,Yes,No internet service,No,No,Yes,No internet service,One year,Yes,Electronic check,49.18,3420.73,1
CUST_00952,Male,1,Yes,No,59,Yes,Yes,DSL,No internet service,No internet service,Yes,No internet service,Yes,No internet service,Month-to-month,No,Electronic check,114.69,6751.88,1
CUST_00953,Female,1,Yes,Yes,65,Yes,No,Fiber optic,No,No internet service,Yes,No internet service,Yes,No internet service,Month-to-month,No,Electronic check,56.73,3663.82,1
CUST_00954,Male,0,Yes,No,71,Yes,Yes,DSL,No internet service,Yes,No internet service,No,Yes,No internet service,Month-to-month,No,Credit card (automatic),107.21,7612.86,1
CUST_00955,Female,0,Yes,No,2,Yes,No,Fiber optic,No internet service,Yes,Yes,No,Yes,Yes,Month-to-month,Yes,Electronic check,79.98,229.56,1
CUST_00956,Female,0,Yes,No,56,No,Yes,No,No internet service,No internet service,No,No internet service,Yes,Yes,Month-to-month,No,Electronic check,31.38,1634.86,1
CUST_00957,Male,0,Yes,No,56,No,No,Fiber optic,No,Yes,No,No,No internet service,No,Month-to-month,No,Electronic check,49.56,2773.69,1
CUST_00958,Female,0,Yes,Yes,56,Yes,Yes,Fiber optic,No,No,No,No,Yes,No,Month-to-month,No,Bank transfer (automatic),96.09,5422.14,1
CUST_00959,Female,0,Yes,Yes,19,Yes,Yes,DSL,No internet service,No,Yes,Yes,No internet service,No,Month-to-month,Yes,Electronic check,86.75,1630.24,1
CUST_00960,Male,0,Yes,No,28,No,Yes,DSL,No,No internet service,No internet service,Yes,Yes,No,Two year,No,Electronic check,55.61,1575.52,0
CUST_00961,Male,1,No,No,66,Yes,No,Fiber optic,Yes,No,No,No,No,Yes,Two year,Yes,Mailed check,39.53,2650.19,1
CUST_00962,Male,0,Yes,No,5,Yes,Yes,Fiber optic,No,Yes,No internet service,No internet service,Yes,Yes,Month-to-month,Yes,Credit card (automatic),102.88,504.73,1
CUST_00963,Female,1,No,No,46,No,Yes,Fiber optic,No,No,Yes,No internet service,Yes,No,Month-to-month,Yes,Credit card (automatic),82.24,3760.2,1
CUST_00964,Male,0,No,No,57,Yes,No,No,No,Yes,No,Yes,No,No,Month-to-month,No,Credit card (automatic),88.2,5060.14,1
CUST_00965,Female,1,No,No,57,Yes,Yes,DSL,No internet service,No,No,No,Yes,No internet service,Month-to-month,Yes,Electronic check,67.91,3888.21,1
CUST_00966,Female,0,Yes,Yes,43,Yes,No,No,No,No,No internet service,No internet service,Yes,No,One year,Yes,Electronic check,55.03,2364.11,0
CUST_00967,Female,0,Yes,No,55,Yes,No,Fiber optic,Yes,No,No,No internet service,Yes,Yes,One year,No,Electronic check,58.22,3223.49,1
CUST_00968,Male,1,No,No,65,No,Yes,DSL,Yes,No,No internet service,No,No internet service,Yes,Month-to-month,Yes,Credit card (automatic),23.11,1535.76,0
CUST_00969,Female,1,Yes,Yes,55,Yes,No,DSL,No internet service,Yes,No internet service,Yes,Yes,Yes,Two year,Yes,Bank transfer (automatic),114.38,6289.04,0
CUST_00970,Male,0,Yes,Yes,9,Yes,No,Fiber optic,No,Yes,No,No internet service,Yes,Yes,One year,No,Bank transfer (automatic),56.65,520.54,1
CUST_00971,Male,0,Yes,Yes,18,Yes,Yes,DSL,No,No internet service,Yes,Yes,Yes,No internet service,Month-to-month,No,Mailed check,68.3,1247.69,1
CUST_00972,Male,0,No,Yes,22,Yes,Yes,Fiber optic,No internet service,No,Yes,Yes,No,No,One year,No,Mailed check,55.72,1209.67,1
CUST_00973,Male,0,Yes,No,25,Yes,No,Fiber optic,No internet service,No,No internet service,Yes,No internet service,No internet service,Month-to-month,No,Mailed check,55.52,1429.58,1
CUST_00974,Male,0,No,Yes,26,Yes,No,Fiber optic,No,No,No internet service,No,Yes,No,One year,Yes,Electronic check,88.56,2266.48,1
CUST_00975,Male,1,Yes,No,16,Yes,No,Fiber optic,No,No internet service,Yes,Yes,Yes,Yes,Month-to-month,Yes,Mailed check,87.04,1388.05,1
CUST_00976,Male,0,Yes,Yes,49,Yes,Yes,Fiber optic,Yes,No internet service,Yes,No,No,No,Month-to-month,Yes,Electronic check,101.02,4976.84,1
CUST_00977,Male,0,No,Yes,8,Yes,Yes,Fiber optic,No internet service,Yes,Yes,No internet service,No internet service,Yes,Month-to-month,No,Electronic check,27.18,180.46,1
CUST_00978,Female,0,Yes,Yes,56,Yes,Yes,No,No,No,Yes,No,Yes,Yes,Month-to-month,Yes,Electronic check,107.41,6045.46,1
CUST_00979,Male,0,No,Yes,47,Yes,Yes,DSL,No,No,Yes,No internet service,No internet service,No,Month-to-month,Yes,Credit card (automatic),115.67,5443.15,1
CUST_00980,Female,0,Yes,No,69,Yes,No phone service,No,Yes,No internet service,No internet service,No internet service,No,Yes,One year,No,Credit card (automatic),118.91,8251.17,1
CUST_00981,Female,0,Yes,Yes,1,Yes,No,DSL,No,No internet service,Yes,No internet service,Yes,Yes,Month-to-month,Yes,Bank transfer (automatic),32.88,54.33,1
CUST_00982,Female,0,No,Yes,21,Yes,No,DSL,No,No,No internet service,No,No internet service,No,Two year,Yes,Credit card (automatic),68.67,1436.37,1
CUST_00983,Female,0,Yes,Yes,64,Yes,No,Fiber optic,No,No internet service,No internet service,No internet service,No,No,Month-to-month,No,Electronic check,113.9,7297.71,1
CUST_00984,Female,1,Yes,No,36,Yes,No,DSL,No,No,Yes,No,Yes,Yes,Two year,Yes,Electronic check,95.89,3461.4,1
CUST_00985,Female,0,No,No,40,Yes,No,DSL,No internet service,No,No,Yes,Yes,No,Month-to-month,No,Electronic check,26.02,1111.61,0
CUST_00986,Female,1,No,No,3,Yes,No phone service,DSL,No,No,No,No internet service,Yes,Yes,Month-to-month,Yes,Electronic check,107.03,324.05,1
CUST_00987,Female,0,No,No,55,Yes,No,Fiber optic,No internet service,No,Yes,No,Yes,No,Month-to-month,Yes,Bank transfer (automatic),103.85,5706.92,1
CUST_00988,Male,0,Yes,No,18,No,No,Fiber optic,Yes,Yes,No,No internet service,No,No,Month-to-month,Yes,Electronic check,98.02,1757.52,1
CUST_00989,Male,0,Yes,No,69,Yes,Yes,DSL,No,No,No,No,No,No,Month-to-month,Yes,Credit card (automatic),61.18,4228.03,0
CUST_00990,Female,0,No,No,27,Yes,No phone service,Fiber optic,Yes,Yes,Yes,No,No internet service,No,One year,Yes,Bank transfer (automatic),83.23,2207.51,1
CUST_00991,Male,0,Yes,No,14,Yes,No,DSL,Yes,Yes,No internet service,No internet service,No,Yes,Month-to-month,Yes,Electronic check,91.59,1268.86,1
CUST_00992,Female,0,Yes,Yes,43,Yes,Yes,No,No internet service,No internet service,No,No,Yes,Yes,Month-to-month,Yes,Credit card (automatic),59.66,2529.96,1
CUST_00993,Male,0,No,No,34,Yes,No phone service,DSL,Yes,Yes,Yes,No,Yes,Yes,Month-to-month,Yes,Credit card (automatic),98.4,3314.75,1
CUST_00994,Male,0,Yes,No,34,Yes,No,Fiber optic,No internet service,No internet service,No internet service,No internet service,No internet service,Yes,One year,Yes,Mailed check,47.33,1637.36,1
CUST_00995,Female,0,Yes,No,68,Yes,Yes,Fiber optic,No,No,Yes,No,Yes,Yes,Month-to-month,Yes,Electronic check,38.36,2609.4,1
CUST_00996,Female,0,Yes,No,26,Yes,No,Fiber optic,No,No,Yes,Yes,Yes,Yes,Month-to-month,Yes,Electronic check,105.89,2727.18,1
CUST_00997,Female,0,Yes,No,29,Yes,No,No,Yes,No internet service,Yes,No,No,Yes,Month-to-month,Yes,Mailed check,53.93,1558.71,1
CUST_00998,Male,0,No,Yes,45,Yes,No,DSL,No,No internet service,No,Yes,No internet service,Yes,One year,Yes,Bank transfer (automatic),25.68,1146.99,0
CUST_00999,Female,0,No,No,13,Yes,No,Fiber optic,No internet service,No internet service,No,No,Yes,No,One year,No,Electronic check,103.27,1344.35,1
CUST_01000,Female,0,Yes,No,59,Yes,Yes,Fiber optic,No,Yes,No,Yes,No,No internet service,Month-to-month,Yes,Credit card (automatic),99.9,5841.35,1
CUST_01001,Female,0,Yes,No,17,Yes,No phone service,Fiber optic,No,No,No,Yes,Yes,No internet service,Month-to-month,No,Electronic check,100.24,1665.89,1
CUST_01002,Female,0,No,No,18,Yes,No,DSL,No internet service,No,No,No internet service,No internet service,No,Month-to-month,Yes,Credit card (automatic),54.09,923.17,1
CUST_01003,Female,0,Yes,No,1,Yes,Yes,DSL,No,No internet service,Yes,Yes,No,No internet service,Month-to-month,Yes,Electronic check,80.32,48.83,1
CUST_01004,Female,0,Yes,No,25,No,No,DSL,Yes,No internet service,No,No internet service,No,No,One year,Yes,Credit card (automatic),21.39,509.45,0
CUST_01005,Male,1,No,No,42,Yes,No,DSL,No,No,No internet service,No,Yes,No,One year,Yes,Electronic check,20.23,813.45,1
CUST_01006,Female,0,No,Yes,51,Yes,Yes,No,No,Yes,No internet service,Yes,No,No internet service,Month-to-month,No,Bank transfer (automatic),45.93,2369.18,1
CUST_01007,Female,1,Yes,No,64,Yes,No,Fiber optic,No internet service,Yes,No,No internet service,Yes,No internet service,One year,No,Credit card (automatic),72.53,4706.32,1
CUST_01008,Female,0,No,No,56,Yes,Yes,DSL,No,No internet service,No,Yes,No,No internet service,Month-to-month,Yes,Electronic check,80.03,4510.58,1
CUST_01009,Female,0,Yes,No,23,Yes,No,Fiber optic,No,No,No,No,No internet service,No internet service,One year,Yes,Electronic check,33.34,747.03,1
CUST_01010,Female,0,No,Yes,59,Yes,No phone service,Fiber optic,No internet service,No internet service,No internet service,No internet service,Yes,Yes,One year,No,Credit card (automatic),106.77,6306.79,1
CUST_01011,Male,0,Yes,No,14,Yes,No,DSL,No,No,No internet service,No internet service,No,No internet service,One year,No,Credit card (automatic),115.96,1621.12,1
CUST_01012,Female,1,Yes,No,15,Yes,No,Fiber optic,No,No internet service,No,No,Yes,Yes,Month-to-month,Yes,Bank transfer (automatic),31.92,457.49,1
CUST_01013,Male,0,No,No,26,Yes,Yes,Fiber optic,No internet service,No internet service,No,No internet service,No,Yes,Month-to-month,Yes,Electronic check,102.39,2708.51,1
CUST_01014,Male,0,Yes,Yes,39,Yes,Yes,DSL,Yes,Yes,Yes,No internet service,No,Yes,Month-to-month,Yes,Electronic check,81.42,3245.63,1
CUST_01015,Female,0,Yes,No,15,No,No,Fiber optic,No,No internet service,Yes,No,Yes,No,Month-to-month,Yes,Electronic check,70.24,1002.15,1
CUST_01016,Female,0,Yes,Yes,64,Yes,No phone service,DSL,No internet service,Yes,Yes,No,No,Yes,Month-to-month,Yes,Bank transfer (automatic),68.91,4460.65,0
CUST_01017,Male,0,No,No,20,Yes,No,DSL,No,No,No,No,No internet service,Yes,One year,Yes,Electronic check,94.98,1878.92,1
CUST_01018,Male,0,No,No,28,Yes,No,Fiber optic,No internet service,No internet service,Yes,No,No internet service,Yes,One year,Yes,Electronic check,40.89,1135.74,1
CUST_01019,Male,0,Yes,No,43,Yes,No,Fiber optic,No,No,No,No,No internet service,No,One year,Yes,Credit card (automatic),80.9,3488.59,1
CUST_01020,Male,1,No,No,31,Yes,Yes,No,No,Yes,No,Yes,Yes,Yes,One year,Yes,Bank transfer (automatic),46.14,1484.51,1
CUST_01021,Male,0,No,No,29,Yes,Yes,DSL,No,No,No,No,No internet service,No,Month-to-month,Yes,Bank transfer (automatic),28.52,836.92,1
CUST_01022,Male,0,Yes,No,70,Yes,No phone service,Fiber optic,Yes,No internet service,No,Yes,Yes,No,Month-to-month,No,Credit card (automatic),75.29,5284.74,1
CUST_01023,Female,0,Yes,Yes,31,No,Yes,No,No internet service,Yes,Yes,Yes,Yes,No internet service,Month-to-month,Yes,Mailed check,46.86,1482.53,0
CUST_01024,Female,1,Yes,Yes,9,Yes,No,Fiber optic,Yes,No,No,No,Yes,No,One year,Yes,Electronic check,94.27,883.82,1
CUST_01025,Female,1,Yes,No,52,Yes,No,No,No,No,No internet service,Yes,Yes,Yes,Month-to-month,Yes,Credit card (automatic),85.04,4439.97,1
CUST_01026,Male,0,Yes,No,51,Yes,No,No,No,No,No,No,No internet service,No internet service,Month-to-month,Yes,Credit card (automatic),42.43,2199.54,1
CUST_01027,Male,0,Yes,No,16,Yes,Yes,No,Yes,No,No internet service,No,Yes,No internet service,Month-to-month,Yes,Electronic check,106.16,1677.63,1
CUST_01028,Male,0,Yes,No,61,Yes,No,No,Yes,No,No,Yes,No,Yes,One year,Yes,Electronic check,54.7,3275.99,0
CUST_01029,Female,1,Yes,No,28,Yes,Yes,Fiber optic,No,No internet service,No,Yes,Yes,Yes,Two year,Yes,Electronic check,90.91,2609.35,1
CUST_01030,Male,0,No,No,11,Yes,Yes,Fiber optic,Yes,No,No,Yes,Yes,No,Two year,Yes,Electronic check,46.73,477.71,1
CUST_01031,Male,0,Yes,No,13,Yes,Yes,No,No internet service,No internet service,No,No,No internet service,No internet service,Month-to-month,Yes,Electronic check,39.66,496.9,1
CUST_01032,Male,0,No,Yes,51,Yes,No,No,No internet service,No internet service,No internet service,No,No,No internet service,Month-to-month,Yes,Electronic check,106.03,5395.93,1
CUST_01033,Female,0,No,Yes,16,No,No,DSL,Yes,Yes,No,No,Yes,No internet service,Month-to-month,Yes,Bank transfer (automatic),111.87,1772.28,1
CUST_01034,Male,0,No,Yes,34,Yes,No phone service,DSL,No internet service,No internet service,No internet service,No,No,No internet service,One year,No,Electronic check,55.21,1851.72,1
CUST_01035,Male,0,No,No,53,Yes,Yes,DSL,No,No,No internet service,No,No internet service,No,Month-to-month,Yes,Credit card (automatic),51.5,2745.73,1
CUST_01036,Female,0,No,No,61,Yes,Yes,No,Yes,Yes,No internet service,Yes,Yes,Yes,Month-to-month,No,Mailed check,90.26,5522.46,1
CUST_01037,Female,1,Yes,No,35,Yes,Yes,DSL,No,No,Yes,No,Yes,Yes,Month-to-month,Yes,Electronic check,42.74,1517.6,1
CUST_01038,Male,0,No,Yes,65,Yes,No phone service,DSL,No internet service,No internet service,Yes,No,No internet service,Yes,Month-to-month,No,Credit card (automatic),106.42,6936.8,1
CUST_01039,Male,0,Yes,No,22,Yes,No,Fiber optic,No,Yes,No internet service,No,Yes,Yes,Two year,Yes,Bank transfer (automatic),20.85,444.12,1
CUST_01040,Female,0,No,Yes,62,Yes,No phone service,DSL,Yes,No,No,No internet service,Yes,Yes,Month-to-month,Yes,Bank transfer (automatic),34.21,2106.38,0
CUST_01041,Female,1,Yes,No,18,No,No,No,No,No,No internet service,Yes,Yes,Yes,Two year,No,Credit card (automatic),32.07,616.43,1
CUST_01042,Female,0,Yes,Yes,5,Yes,No phone service,Fiber optic,No,No,Yes,Yes,Yes,No internet service,Month-to-month,Yes,Credit card (automatic),51.78,240.65,1
CUST_01043,Male,0,Yes,No,52,Yes,No,DSL,No,No internet service,No internet service,No internet service,No internet service,Yes,Month-to-month,No,Bank transfer (automatic),106.61,5524.78,1
CUST_01044,Male,0,No,Yes,54,Yes,No,DSL,No,Yes,No internet service,No internet service,No internet service,No internet service,One year,Yes,Bank transfer (automatic),84.0,4568.53,0
CUST_01045,Female,0,Yes,No,66,Yes,No,Fiber optic,No internet service,No internet service,No internet service,No,No,No internet service,Month-to-month,No,Electronic check,30.75,2028.85,1
CUST_01046,Male,0,Yes,No,66,Yes,No phone service,Fiber optic,No,No internet service,No,No,No,Yes,Two year,No,Bank transfer (automatic),27.89,1823.06,0
CUST_01047,Male,0,Yes,No,8,Yes,No phone service,Fiber optic,Yes,No,Yes,Yes,No internet service,Yes,Month-to-month,Yes,Mailed check,48.84,373.37,1
CUST_01048,Female,0,Yes,Yes,45,Yes,No,DSL,No internet service,No,No,No internet service,No,Yes,Month-to-month,No,Credit card (automatic),81.98,3728.44,0
CUST_01049,Female,0,No,No,51,Yes,No,No,No,Yes,No,No,No,No internet service,Month-to-month,Yes,Mailed check,79.38,4068.89,1
CUST_01050,Male,0,No,No,43,Yes,No,Fiber optic,No,Yes,No,No,No internet service,No,Two year,No,Electronic check,31.42,1359.34,0
CUST_01051,Female,1,Yes,No,2,Yes,No,Fiber optic,No,No,Yes,No,Yes,Yes,One year,Yes,Mailed check,96.08,151.34,1
CUST_01052,Male,0,Yes,No,4,Yes,Yes,Fiber optic,No,Yes,No internet service,No,Yes,No,One year,Yes,Electronic check,83.23,341.35,1
CUST_01053,Female,0,Yes,No,48,Yes,No,No,Yes,No internet service,Yes,No,No internet service,No internet service,One year,Yes,Mailed check,118.31,5671.43,1
CUST_01054,Female,0,Yes,No,61,Yes,No phone service,Fiber optic,No,No,No,Yes,No,Yes,Month-to-month,Yes,Mailed check,75.26,4558.92,0
CUST_01055,Male,0,No,No,13,Yes,No phone service,Fiber optic,No internet service,Yes,No,No,Yes,No,Two year,No,Credit card (automatic),52.73,664.43,1
CUST_01056,Female,0,No,No,4,Yes,No,No,No internet service,No,No internet service,Yes,Yes,No,Month-to-month,Yes,Electronic check,31.94,152.13,1
CUST_01057,Male,0,Yes,Yes,29,Yes,Yes,No,No,No internet service,No,No internet service,No,Yes,One year,Yes,Credit card (automatic),111.91,3288.87,1
CUST_01058,Female,0,No,No,23,Yes,No phone service,Fiber optic,Yes,Yes,No,Yes,No,No internet service,One year,Yes,Bank transfer (automatic),23.77,509.7,1
CUST_01059,Male,0,Yes,Yes,70,Yes,No phone service,Fiber optic,No,No,Yes,No internet service,No internet service,Yes,Month-to-month,No,Electronic check,54.87,3808.31,1
CUST_01060,Male,1,No,No,66,Yes,Yes,Fiber optic,No internet service,Yes,No,No,No internet service,No internet service,One year,Yes,Electronic check,73.07,4846.91,1
CUST_01061,Female,1,Yes,No,40,Yes,No,Fiber optic,No,No internet service,Yes,No,No,No,One year,Yes,Credit card (automatic),76.98,3064.88,1
CUST_01062,Female,0,No,Yes,68,Yes,No,DSL,No,No,No internet service,No,No,Yes,Month-to-month,No,Credit card (automatic),78.23,5338.99,1
CUST_01063,Male,0,Yes,No,17,Yes,Yes,Fiber optic,No,No,No,No,No,No,One year,No,Electronic check,91.71,1544.28,1
CUST_01064,Female,0,No,No,71,Yes,No,DSL,Yes,No,Yes,No,Yes,Yes,Month-to-month,Yes,Mailed check,32.83,2351.12,0
CUST_01065,Female,0,Yes,Yes,32,Yes,Yes,DSL,No,No,No internet service,No,Yes,Yes,Two year,Yes,Electronic check,91.93,2893.68,1
CUST_01066,Male,0,Yes,Yes,34,Yes,Yes,No,No,No,Yes,Yes,Yes,Yes,One year,Yes,Bank transfer (automatic),108.95,3723.53,1
CUST_01067,Female,0,Yes,No,4,Yes,No,DSL,No,Yes,Yes,No,No internet service,No internet service,Month-to-month,Yes,Electronic check,23.04,18.69,1
CUST_01068,Female,0,Yes,No,13,Yes,No,No,Yes,Yes,No,No internet service,No internet service,No internet service,Month-to-month,Yes,Electronic check,23.58,338.93,1
CUST_01069,Male,0,No,No,14,Yes,No,DSL,No internet service,Yes,Yes,Yes,Yes,Yes,Month-to-month,No,Electronic check,119.14,1666.77,1
CUST_01070,Male,1,No,No,35,Yes,No phone service,DSL,No,No,Yes,No internet service,No internet service,Yes,One year,Yes,Mailed check,51.19,1807.09,1
CUST_01071,Female,0,No,Yes,14,No,No,DSL,No internet service,No internet service,No internet service,No internet service,No,No internet service,Two year,Yes,Electronic check,65.51,925.44,1
CUST_01072,Male,0,Yes,Yes,8,Yes,No,Fiber optic,No,Yes,No internet service,No,Yes,No,One year,Yes,Bank transfer (automatic),51.01,348.38,0
CUST_01073,Female,0,No,No,43,Yes,No phone service,Fiber optic,No,No internet service,No internet service,Yes,Yes,Yes,Two year,No,Credit card (automatic),75.65,3300.79,1
CUST_01074,Female,0,No,No,62,Yes,Yes,DSL,No,No internet service,No,No,No internet service,Yes,One year,No,Bank transfer (automatic),91.15,5663.01,0
CUST_01075,Male,0,Yes,No,5,No,Yes,Fiber optic,No,Yes,Yes,No internet service,Yes,Yes,Month-to-month,Yes,Credit card (automatic),95.99,506.42,1
CUST_01076,Male,1,Yes,No,40,Yes,No phone service,Fiber optic,No,Yes,No internet service,No,No,Yes,Two year,No,Bank transfer (automatic),55.54,2193.63,1
CUST_01077,Female,0,Yes,No,69,Yes,No,DSL,No,No,No,No,No,No,Month-to-month,No,Electronic check,46.06,3186.57,1
CUST_01078,Male,0,Yes,No,29,Yes,No phone service,DSL,Yes,Yes,Yes,No,No,No,Month-to-month,No,Electronic check,74.66,2119.29,1
CUST_01079,Male,0,No,Yes,13,Yes,No phone service,DSL,No internet service,No internet service,No,No,No,No,Month-to-month,Yes,Bank transfer (automatic),58.43,764.81,1
CUST_01080,Female,0,No,No,6,Yes,No,DSL,No,No,No,Yes,No,Yes,Month-to-month,Yes,Bank transfer (automatic),82.21,460.38,1
CUST_01081,Female,0,No,Yes,67,Yes,No,DSL,Yes,No,Yes,Yes,No internet service,No,One year,No,Credit card (automatic),81.16,5612.97,1
CUST_01082,Female,0,Yes,No,29,Yes,No,Fiber optic,No internet service,No,Yes,No,Yes,No,Month-to-month,Yes,Electronic check,109.45,3195.23,1
CUST_01083,Female,1,No,No,8,Yes,Yes,Fiber optic,Yes,Yes,No,No,Yes,No internet service,Month-to-month,Yes,Electronic check,20.39,209.7,1
CUST_01084,Female,0,No,No,62,Yes,Yes,No,No internet service,No internet service,No,Yes,Yes,Yes,Month-to-month,No,Credit card (automatic),30.18,1862.42,0
CUST_01085,Male,0,Yes,No,57,Yes,Yes,Fiber optic,No,No,Yes,No internet service,No,Yes,Month-to-month,No,Credit card (automatic),98.67,5638.16,1
CUST_01086,Female,0,No,No,50,No,No phone service,Fiber optic,Yes,No,No,No,Yes,Yes,Month-to-month,Yes,Mailed check,78.36,3949.69,1
CUST_01087,Female,1,Yes,No,6,Yes,Yes,DSL,Yes,No,Yes,Yes,No,Yes,Two year,Yes,Mailed check,26.25,119.95,0
CUST_01088,Female,0,Yes,No,6,Yes,Yes,DSL,Yes,Yes,No,Yes,Yes,No,Month-to-month,Yes,Credit card (automatic),114.26,662.02,1
CUST_01089,Female,0,Yes,Yes,16,Yes,Yes,Fiber optic,Yes,No internet service,Yes,No,No,No,One year,Yes,Mailed check,85.04,1394.68,1
CUST_01090,Male,0,Yes,No,12,Yes,Yes,DSL,Yes,No,No,No,No internet service,Yes,Month-to-month,Yes,Bank transfer (automatic),68.6,815.57,1
CUST_01091,Female,0,No,No,38,Yes,No,DSL,No,No internet service,No,Yes,No,No,Month-to-month,Yes,Credit card (automatic),97.96,3696.31,1
CUST_01092,Male,0,Yes,Yes,28,Yes,Yes,No,No,No internet service,No,No internet service,No,No,One year,Yes,Electronic check,79.6,2206.72,1
CUST_01093,Female,0,Yes,No,55,Yes,Yes,DSL,No,No,Yes,No internet service,No,No,Month-to-month,Yes,Electronic check,57.33,3110.36,0
CUST_01094,Male,0,Yes,Yes,8,Yes,No,DSL,Yes,No,No,No,No,No internet service,Month-to-month,No,Credit card (automatic),49.66,328.7,1
CUST_01095,Male,0,Yes,Yes,52,Yes,Yes,No,Yes,No,No internet service,No internet service,Yes,No internet service,Month-to-month,Yes,Mailed check,65.34,3338.32,1
CUST_01096,Male,0,Yes,No,67,Yes,Yes,DSL,Yes,Yes,Yes,No,No,No,One year,Yes,Electronic check,67.52,4525.44,0
CUST_01097,Female,1,Yes,No,10,Yes,No,Fiber optic,Yes,No internet service,No,No internet service,Yes,Yes,Two year,Yes,Mailed check,91.2,935.51,1
CUST_01098,Female,1,No,No,47,Yes,No phone service,DSL,No,No,No,Yes,Yes,No internet service,Month-to-month,Yes,Bank transfer (automatic),67.3,3251.26,1
CUST_01099,Male,0,Yes,Yes,37,Yes,No,Fiber optic,Yes,No internet service,No internet service,No,Yes,Yes,One year,Yes,Electronic check,21.83,806.26,1
CUST_01100,Male,0,No,Yes,7,Yes,Yes,No,No,No,No,Yes,Yes,No,Month-to-month,No,Bank transfer (automatic),88.47,574.49,1
CUST_01101,Male,0,Yes,Yes,21,Yes,Yes,Fiber optic,No internet service,Yes,No internet service,Yes,Yes,No internet service,One year,No,Electronic check,26.96,565.16,1
CUST_01102,Male,1,No,Yes,56,Yes,No,Fiber optic,Yes,No,No,No internet service,No,Yes,Two year,Yes,Electronic check,104.63,5883.88,1
CUST_01103,Female,0,No,No,62,Yes,No,DSL,Yes,Yes,No,No,No,Yes,Month-to-month,Yes,Electronic check,90.83,5667.52,1
CUST_01104,Male,0,Yes,No,27,Yes,No,DSL,No,Yes,Yes,No,Yes,Yes,Month-to-month,Yes,Mailed check,79.78,2186.72,1
CUST_01105,Male,0,Yes,No,8,Yes,No,Fiber optic,No,No,No,Yes,Yes,No internet service,One year,Yes,Credit card (automatic),65.42,543.41,1
CUST_01106,Male,0,No,No,18,Yes,Yes,DSL,Yes,Yes,Yes,No internet service,No,Yes,Month-to-month,Yes,Mailed check,37.21,673.12,1
CUST_01107,Male,0,Yes,No,60,Yes,No,DSL,No internet service,No internet service,No,No,No,No internet service,Two year,Yes,Credit card (automatic),85.5,5155.79,1
CUST_01108,Female,0,No,Yes,41,Yes,No phone service,Fiber optic,No,No,Yes,Yes,No,Yes,One year,Yes,Electronic check,30.95,1227.48,1
CUST_01109,Female,1,Yes,Yes,31,Yes,No,No,No internet service,No,No,No,No,Yes,Two year,Yes,Electronic check,80.45,2423.66,1
CUST_01110,Male,0,Yes,No,1,Yes,No,No,No internet service,Yes,No internet service,Yes,No internet service,Yes,Month-to-month,No,Mailed check,38.33,111.59,1
CUST_01111,Female,1,Yes,No,56,Yes,No phone service,No,No,Yes,No internet service,Yes,Yes,No internet service,One year,Yes,Credit card (automatic),79.69,4460.99,1
CUST_01112,Male,0,No,No,34,Yes,Yes,Fiber optic,No,No,Yes,No,No,Yes,Month-to-month,No,Bank transfer (automatic),35.12,1212.77,1
CUST_01113,Male,0,Yes,No,39,Yes,Yes,Fiber optic,No,No,No internet service,No internet service,Yes,No internet service,One year,Yes,Bank transfer (automatic),29.45,1050.49,1
CUST_01114,Male,1,No,No,60,Yes,Yes,No,No internet service,No,No internet service,No internet service,Yes,No,Two year,No,Electronic check,67.09,4079.47,1
CUST_01115,Male,0,No,Yes,40,Yes,No phone service,DSL,No,No,No internet service,Yes,No internet service,No internet service,One year,No,Credit card (automatic),90.98,3679.66,1
CUST_01116,Male,0,Yes,Yes,66,Yes,No,Fiber optic,No,Yes,No,No,No internet service,Yes,One year,No,Credit card (automatic),43.85,2839.3,1
CUST_01117,Female,0,Yes,Yes,40,Yes,No,DSL,Yes,No,Yes,No internet service,Yes,No,Month-to-month,No,Credit card (automatic),69.77,2779.69,1
CUST_01118,Female,0,Yes,No,25,Yes,No phone service,No,No,Yes,No internet service,Yes,Yes,Yes,Month-to-month,Yes,Electronic check,99.89,2506.57,1
CUST_01119,Female,0,Yes,No,66,Yes,No,No,No,Yes,No,No,No internet service,Yes,One year,Yes,Electronic check,74.94,4901.81,1
CUST_01120,Male,0,No,No,46,Yes,Yes,No,No internet service,No internet service,No,No,Yes,No,Month-to-month,No,Bank transfer (automatic),79.71,3683.77,1
CUST_01121,Male,0,Yes,Yes,54,Yes,Yes,DSL,Yes,Yes,Yes,No internet service,No internet service,Yes,Month-to-month,Yes,Mailed check,42.02,2305.68,1
CUST_01122,Male,0,Yes,No,17,Yes,Yes,No,No internet service,Yes,Yes,No,Yes,No internet service,One year,No,Bank transfer (automatic),32.45,563.0,1
CUST_01123,Male,0,No,No,48,Yes,Yes,DSL,Yes,No,Yes,No internet service,Yes,Yes,One year,No,Electronic check,34.9,1620.38,0
CUST_01124,Male,0,No,No,40,Yes,No phone service,DSL,No,No,No,No,Yes,Yes,Month-to-month,Yes,Mailed check,117.28,4654.91,1
CUST_01125,Female,0,Yes,No,8,No,No,Fiber optic,No,No internet service,No,No,No,No,Month-to-month,No,Electronic check,28.66,224.95,1
CUST_01126,Female,0,No,Yes,19,Yes,Yes,Fiber optic,No,No internet service,No internet service,Yes,Yes,No,Month-to-month,Yes,Mailed check,35.15,659.12,1
CUST_01127,Female,1,Yes,Yes,65,Yes,Yes,No,No,No internet service,Yes,No,Yes,Yes,One year,Yes,Electronic check,40.57,2629.03,1
CUST_01128,Female,0,No,No,41,Yes,No,DSL,Yes,No,Yes,No,No internet service,No internet service,Two year,No,Credit card (automatic),98.79,4041.13,0
CUST_01129,Female,0,Yes,No,55,Yes,No phone service,Fiber optic,Yes,No,No,Yes,Yes,Yes,Month-to-month,No,Electronic check,59.8,3225.86,1
CUST_01130,Female,0,Yes,No,13,Yes,Yes,Fiber optic,No internet service,Yes,Yes,No,No,No,Month-to-month,Yes,Mailed check,99.09,1316.37,1
CUST_01131,Male,1,Yes,No,16,Yes,No,DSL,Yes,No internet service,No,Yes,Yes,Yes,Two year,Yes,Electronic check,61.89,1012.19,1
CUST_01132,Female,0,No,No,67,Yes,No phone service,No,No,No,No,No internet service,No,Yes,Month-to-month,No,Electronic check,99.47,6682.77,1
CUST_01133,Female,0,No,No,30,Yes,No phone service,DSL,No,No,No internet service,No internet service,Yes,Yes,One year,No,Mailed check,109.55,3301.54,1
CUST_01134,Female,0,Yes,Yes,63,No,No,DSL,Yes,No,Yes,No,No,No internet service,Month-to-month,No,Electronic check,64.73,4068.05,1
CUST_01135,Female,0,No,Yes,58,Yes,Yes,Fiber optic,No internet service,No internet service,Yes,No,No internet service,No,Two year,Yes,Mailed check,118.64,6859.87,1
CUST_01136,Male,0,No,No,24,Yes,No,Fiber optic,No internet service,No,No internet service,Yes,No internet service,Yes,One year,Yes,Electronic check,113.29,2683.34,1
CUST_01137,Female,1,Yes,No,68,Yes,No,No,No internet service,Yes,Yes,No,No internet service,Yes,Month-to-month,Yes,Bank transfer (automatic),21.54,1518.72,1
CUST_01138,Male,0,No,Yes,56,Yes,No,DSL,No internet service,No internet service,No,Yes,Yes,No internet service,Month-to-month,Yes,Credit card (automatic),76.41,4278.24,1
CUST_01139,Female,0,Yes,Yes,10,Yes,No phone service,DSL,No,Yes,No,No,Yes,Yes,Month-to-month,No,Bank transfer (automatic),85.71,798.98,1
CUST_01140,Female,0,No,Yes,7,Yes,No,No,No internet service,No internet service,No internet service,No internet service,Yes,No,Month-to-month,Yes,Electronic check,104.32,729.22,1
CUST_01141,Female,0,Yes,Yes,9,Yes,No,Fiber optic,Yes,No,Yes,Yes,No,Yes,Month-to-month,Yes,Mailed check,87.34,713.11,1
CUST_01142,Male,0,Yes,Yes,53,Yes,Yes,DSL,Yes,No internet service,No internet service,Yes,Yes,Yes,Month-to-month,No,Electronic check,88.83,4716.67,1
CUST_01143,Female,0,Yes,Yes,11,Yes,No,DSL,No,No internet service,No internet service,Yes,No internet service,Yes,One year,Yes,Electronic check,48.96,543.56,1
CUST_01144,Female,0,Yes,No,21,Yes,No,No,Yes,No,Yes,No,No internet service,Yes,Month-to-month,No,Credit card (automatic),102.05,2124.08,1
CUST_01145,Male,0,No,No,31,Yes,No,Fiber optic,No,No internet service,No,Yes,Yes,No,Month-to-month,Yes,Electronic check,26.33,783.35,1
CUST_01146,Male,1,Yes,No,10,Yes,Yes,DSL,No,Yes,No,No,Yes,Yes,Two year,Yes,Electronic check,85.74,877.08,1
CUST_01147,Female,0,Yes,No,24,Yes,Yes,DSL,No,Yes,Yes,Yes,No,No internet service,Month-to-month,No,Credit card (automatic),40.2,961.89,1
CUST_01148,Female,0,Yes,Yes,49,Yes,Yes,DSL,No internet service,No,No internet service,Yes,Yes,Yes,Month-to-month,No,Electronic check,96.56,4663.48,1
CUST_01149,Female,0,No,No,70,Yes,No,DSL,Yes,No,Yes,No,Yes,Yes,One year,No,Electronic check,99.02,6973.54,1
CUST_01150,Female,0,No,No,34,Yes,Yes,DSL,Yes,Yes,Yes,No internet service,Yes,Yes,One year,Yes,Credit card (automatic),37.48,1241.43,0
CUST_01151,Male,0,Yes,No,54,Yes,Yes,DSL,No,No,Yes,Yes,No internet service,Yes,Month-to-month,Yes,Electronic check,99.36,5319.3,1
CUST_01152,Female,0,Yes,Yes,38,Yes,No,DSL,No internet service,No internet service,No,Yes,No,Yes,Two year,No,Bank transfer (automatic),103.75,3990.05,1
CUST_01153,Male,0,Yes,No,34,Yes,No,DSL,No internet service,No internet service,No internet service,No,Yes,Yes,Month-to-month,Yes,Electronic check,25.3,897.29,0
CUST_01154,Female,1,No,No,37,Yes,No,Fiber optic,Yes,Yes,No,No internet service,Yes,Yes,Month-to-month,Yes,Credit card (automatic),63.0,2316.28,1
CUST_01155,Male,0,No,No,69,Yes,No,Fiber optic,No internet service,No,No,No,No internet service,Yes,Month-to-month,Yes,Bank transfer (automatic),39.27,2665.79,1
CUST_01156,Female,0,No,Yes,5,Yes,No,No,No,Yes,Yes,No,Yes,Yes,Month-to-month,Yes,Electronic check,32.64,131.36,1
CUST_01157,Male,0,No,No,37,Yes,No phone service,DSL,No internet service,Yes,No,No,No internet service,Yes,Month-to-month,Yes,Credit card (automatic),100.36,3698.01,1
CUST_01158,Female,0,Yes,No,4,Yes,Yes,No,Yes,No internet service,No,No internet service,No,Yes,Month-to-month,No,Electronic check,49.32,239.85,1
CUST_01159,Male,0,No,No,63,Yes,Yes,No,No,No internet service,No,Yes,No internet service,Yes,One year,Yes,Credit card (automatic),84.4,5362.52,1
CUST_01160,Male,1,Yes,Yes,43,Yes,No,No,No,Yes,No,Yes,No internet service,Yes,Month-to-month,Yes,Bank transfer (automatic),20.37,881.72,0
CUST_01161,Female,0,Yes,No,4,Yes,Yes,DSL,No,Yes,No internet service,No,No internet service,No,Two year,No,Electronic check,27.95,134.55,1
CUST_01162,Male,1,Yes,No,45,Yes,Yes,DSL,Yes,No,No,No,No,Yes,Month-to-month,No,Mailed check,81.02,3638.57,1
CUST_01163,Female,0,Yes,Yes,31,Yes,No phone service,Fiber optic,No,No,No,Yes,No,No internet service,One year,No,Electronic check,57.03,1737.38,1
CUST_01164,Female,0,No,No,4,Yes,No,DSL,No,Yes,No,No internet service,Yes,Yes,Month-to-month,No,Mailed check,107.97,379.36,1
CUST_01165,Female,0,Yes,No,70,Yes,Yes,DSL,No,Yes,Yes,No,No,Yes,Month-to-month,No,Mailed check,28.22,1986.7,1
CUST_01166,Male,0,No,No,27,Yes,No,DSL,No,No,No,No internet service,No,No internet service,One year,Yes,Electronic check,82.38,2255.77,1
CUST_01167,Male,0,No,Yes,2,Yes,Yes,Fiber optic,Yes,Yes,No,No internet service,Yes,Yes,Month-to-month,No,Credit card (automatic),90.29,162.71,1
CUST_01168,Male,0,No,No,44,Yes,No phone service,No,No internet service,No internet service,No,No,No,Yes,One year,Yes,Credit card (automatic),81.12,3610.84,1
CUST_01169,Female,0,No,No,27,Yes,Yes,DSL,No,No internet service,No,No internet service,Yes,No internet service,One year,Yes,Mailed check,88.07,2364.42,1
CUST_01170,Female,1,Yes,Yes,47,Yes,Yes,No,No,No,No,No,Yes,No,One year,Yes,Bank transfer (automatic),44.93,2114.64,1
CUST_01171,Female,0,Yes,Yes,12,Yes,No phone service,Fiber optic,No internet service,No,Yes,No,Yes,No,One year,Yes,Electronic check,96.72,1152.9,1
CUST_01172,Female,0,Yes,Yes,59,Yes,No phone service,DSL,No,No internet service,Yes,No,Yes,Yes,Two year,No,Credit card (automatic),75.47,4496.01,1
CUST_01173,Male,0,Yes,Yes,30,Yes,No,Fiber optic,Yes,Yes,No,No internet service,Yes,Yes,Month-to-month,No,Credit card (automatic),98.8,2981.24,1
CUST_01174,Male,0,No,No,30,No,No,DSL,No,No internet service,No internet service,No internet service,No internet service,Yes,Two year,Yes,Credit card (automatic),32.18,963.36,0
CUST_01175,Male,1,Yes,No,58,Yes,Yes,No,No internet service,Yes,No,No,No,No internet service,Month-to-month,No,Bank transfer (automatic),32.7,1899.28,0
CUST_01176,Male,0,Yes,Yes,39,Yes,No phone service,Fiber optic,Yes,No internet service,No,Yes,No internet service,Yes,Month-to-month,No,Electronic check,59.55,2280.84,1
CUST_01177,Male,0,Yes,No,1,Yes,Yes,Fiber optic,No,Yes,No,No internet service,No internet service,No,Two year,Yes,Electronic check,58.99,0.0,1
CUST_01178,Male,0,Yes,Yes,42,Yes,No,Fiber optic,Yes,No internet service,Yes,No,Yes,No internet service,Month-to-month,No,Mailed check,32.85,1361.1,1
CUST_01179,Male,0,No,No,46,Yes,Yes,DSL,No internet service,Yes,Yes,No,No,No internet service,Two year,Yes,Electronic check,28.12,1286.73,1
CUST_01180,Male,0,Yes,No,23,Yes,No,No,No,No internet service,Yes,No,Yes,Yes,One year,Yes,Mailed check,28.08,664.43,1
CUST_01181,Female,1,No,No,13,Yes,No,No,No internet service,No,No internet service,No,No internet service,No,Two year,Yes,Electronic check,25.24,322.41,1
CUST_01182,Female,0,No,No,4,Yes,No,Fiber optic,No,Yes,Yes,Yes,No,No,Month-to-month,No,Bank transfer (automatic),23.31,76.82,0
CUST_01183,Female,0,No,No,61,Yes,No,Fiber optic,Yes,No internet service,No,No,Yes,No internet service,Month-to-month,Yes,Bank transfer (automatic),100.78,6044.42,1
CUST_01184,Male,0,Yes,Yes,1,Yes,Yes,DSL,No,Yes,No,Yes,Yes,No internet service,Month-to-month,Yes,Electronic check,113.5,131.95,1
CUST_01185,Male,0,No,Yes,42,Yes,No,DSL,No internet service,No,No,Yes,No,No,Month-to-month,Yes,Bank transfer (automatic),62.57,2635.33,0
CUST_01186,Male,1,Yes,No,60,Yes,No,DSL,Yes,No,Yes,Yes,Yes,No,One year,No,Electronic check,38.67,2348.68,1
CUST_01187,Male,0,Yes,Yes,26,No,Yes,Fiber optic,Yes,No internet service,No internet service,No,Yes,Yes,One year,No,Electronic check,52.84,1374.79,1
CUST_01188,Female,0,No,No,15,Yes,No,Fiber optic,No,No internet service,No,Yes,No internet service,No,One year,Yes,Electronic check,101.85,1567.89,1
CUST_01189,Female,0,No,Yes,51,Yes,No,No,No,No,No internet service,No,Yes,No,One year,No,Electronic check,112.93,5740.16,1
CUST_01190,Male,0,Yes,No,45,Yes,No,DSL,Yes,No internet service,No,No internet service,No,No,One year,No,Electronic check,43.87,1972.73,1
CUST_01191,Male,1,No,No,2,Yes,No,DSL,Yes,No internet service,No,No,No,No,Month-to-month,Yes,Electronic check,23.06,54.54,1
CUST_01192,Male,0,Yes,No,41,Yes,Yes,DSL,No,No,No,No internet service,Yes,Yes,Month-to-month,Yes,Electronic check,50.86,2108.36,1
CUST_01193,Male,0,No,No,1,Yes,No,No,No,No,No,No,Yes,Yes,One year,Yes,Electronic check,58.54,73.11,1
CUST_01194,Female,0,No,Yes,29,Yes,No,Fiber optic,No,No,Yes,Yes,Yes,No internet service,One year,No,Mailed check,20.3,605.42,1
CUST_01195,Female,0,No,Yes,22,Yes,No,Fiber optic,No,Yes,No,No internet service,No internet service,Yes,Month-to-month,Yes,Credit card (automatic),88.14,1948.49,1
CUST_01196,Female,0,No,No,60,Yes,No,Fiber optic,No internet service,No,No,No,No,No internet service,Month-to-month,Yes,Electronic check,32.45,1940.26,1
CUST_01197,Female,0,No,No,70,Yes,No,Fiber optic,Yes,Yes,No,No internet service,Yes,No,Month-to-month,No,Electronic check,28.18,2004.14,0
CUST_01198,Female,0,No,No,50,Yes,No,DSL,No,No internet service,No,Yes,No internet service,Yes,One year,No,Electronic check,91.91,4536.9,1
CUST_01199,Female,0,No,No,53,Yes,No,DSL,No,No,No,No internet service,Yes,Yes,Month-to-month,Yes,Electronic check,97.08,5123.22,1
CUST_01200,Female,0,No,No,2,Yes,No,DSL,No,No,No,No,Yes,No,One year,No,Electronic check,38.4,132.51,1
CUST_01201,Female,0,Yes,Yes,5,Yes,No phone service,DSL,No,Yes,No,No internet service,Yes,No internet service,One year,No,Mailed check,96.85,460.71,0
CUST_01202,Male,0,No,Yes,56,Yes,No,Fiber optic,No,Yes,Yes,Yes,No internet service,Yes,Two year,Yes,Bank transfer (automatic),49.75,2783.26,1
CUST_01203,Female,0,Yes,No,31,Yes,No,DSL,No internet service,No internet service,No,No,Yes,No internet service,Month-to-month,Yes,Bank transfer (automatic),50.81,1623.68,0
CUST_01204,Female,0,No,No,36,Yes,Yes,Fiber optic,Yes,No,Yes,Yes,No,No internet service,Two year,Yes,Credit card (automatic),32.24,1156.23,1
CUST_01205,Female,0,Yes,No,50,Yes,No,Fiber optic,Yes,No internet service,Yes,No internet service,Yes,Yes,One year,No,Credit card (automatic),42.65,2103.31,0
CUST_01206,Female,0,Yes,No,25,Yes,Yes,Fiber optic,No,No,No internet service,Yes,No internet service,Yes,Month-to-month,Yes,Electronic check,23.88,638.94,1
CUST_01207,Female,0,No,No,49,Yes,No,No,No,Yes,Yes,No,No internet service,Yes,Month-to-month,No,Electronic check,87.2,4262.67,1
CUST_01208,Female,0,Yes,No,52,Yes,Yes,DSL,Yes,No,Yes,No,Yes,Yes,Month-to-month,Yes,Mailed check,105.14,5459.54,1
CUST_01209,Male,0,Yes,Yes,18,Yes,No phone service,Fiber optic,No internet service,No,No internet service,No,Yes,Yes,Month-to-month,Yes,Mailed check,24.83,377.63,1
CUST_01210,Female,0,No,No,49,Yes,No,DSL,No internet service,Yes,No,No internet service,No,Yes,Month-to-month,No,Mailed check,45.54,2227.0,1
CUST_01211,Female,1,Yes,No,13,Yes,No,Fiber optic,No,No,No internet service,No,Yes,No internet service,Month-to-month,Yes,Mailed check,54.62,733.96,1
CUST_01212,Female,0,Yes,No,23,Yes,Yes,Fiber optic,No,Yes,No,Yes,Yes,No,Two year,No,Credit card (automatic),59.25,1347.67,1
CUST_01213,Male,0,Yes,Yes,56,Yes,No phone service,DSL,Yes,Yes,No,No internet service,No,No internet service,Month-to-month,Yes,Mailed check,102.42,5690.67,1
CUST_01214,Female,0,Yes,No,70,Yes,No,DSL,No,Yes,No internet service,No,No,No,Month-to-month,Yes,Credit card (automatic),24.29,1683.48,1
CUST_01215,Male,0,Yes,No,5,Yes,Yes,Fiber optic,No,No,Yes,No,No internet service,No,One year,No,Credit card (automatic),81.41,385.52,1
CUST_01216,Male,0,Yes,Yes,47,Yes,No,Fiber optic,No internet service,No,Yes,Yes,Yes,No internet service,Two year,Yes,Mailed check,73.23,3432.93,1
CUST_01217,Female,1,Yes,Yes,41,Yes,Yes,Fiber optic,No,Yes,Yes,No,Yes,Yes,Two year,Yes,Electronic check,103.85,4239.73,1
CUST_01218,Female,0,Yes,Yes,44,Yes,No,Fiber optic,Yes,No internet service,No internet service,No internet service,No,No,Two year,Yes,Electronic check,50.59,2284.22,1
CUST_01219,Female,0,Yes,No,56,Yes,Yes,Fiber optic,Yes,No internet service,Yes,No internet service,No,No internet service,Two year,Yes,Electronic check,30.18,1700.66,1
CUST_01220,Male,0,No,No,5,Yes,No,Fiber optic,Yes,No,No,No internet service,Yes,No internet service,Month-to-month,No,Credit card (automatic),33.06,104.39,1
CUST_01221,Female,0,No,Yes,53,Yes,Yes,DSL,No internet service,Yes,No,No,Yes,Yes,Month-to-month,Yes,Credit card (automatic),83.06,4404.68,1
CUST_01222,Female,1,Yes,No,20,Yes,No,Fiber optic,No internet service,Yes,No internet service,Yes,Yes,No internet service,Month-to-month,Yes,Electronic check,74.58,1490.2,1
CUST_01223,Female,0,Yes,No,11,Yes,Yes,Fiber optic,No internet service,Yes,No,No,Yes,No,Two year,Yes,Electronic check,79.23,913.34,1
CUST_01224,Female,0,No,No,32,Yes,Yes,No,No internet service,No internet service,No,Yes,No internet service,Yes,Month-to-month,No,Credit card (automatic),33.71,1073.26,0
CUST_01225,Male,0,No,No,2,Yes,No phone service,Fiber optic,Yes,No internet service,No internet service,No,Yes,Yes,Month-to-month,Yes,Mailed check,24.25,42.03,1
CUST_01226,Female,0,Yes,No,45,Yes,No phone service,Fiber optic,No,Yes,Yes,Yes,No,Yes,Month-to-month,Yes,Bank transfer (automatic),76.65,3514.45,1
CUST_01227,Male,0,Yes,No,41,Yes,Yes,No,No,No,No,No internet service,Yes,Yes,Two year,Yes,Electronic check,28.11,1115.1,1
CUST_01228,Female,0,Yes,Yes,37,Yes,Yes,No,Yes,Yes,Yes,Yes,Yes,Yes,Month-to-month,No,Electronic check,112.96,4207.44,1
CUST_01229,Male,0,No,No,3,Yes,No,DSL,No,Yes,Yes,Yes,No internet service,Yes,Two year,Yes,Electronic check,100.33,303.23,1
CUST_01230,Male,1,No,No,55,Yes,No phone service,No,No,No,Yes,No internet service,No,No internet service,Two year,Yes,Electronic check,38.0,2072.47,1
CUST_01231,Female,0,No,No,3,Yes,Yes,DSL,No internet service,Yes,No,Yes,Yes,No internet service,Month-to-month,No,Electronic check,79.78,216.66,1
CUST_01232,Female,0,Yes,No,19,No,No,No,Yes,Yes,Yes,Yes,Yes,No internet service,One year,No,Electronic check,33.2,678.34,1
CUST_01233,Female,0,Yes,No,29,Yes,No,DSL,No internet service,No,No internet service,No,Yes,No,Month-to-month,No,Mailed check,113.62,3311.27,1
CUST_01234,Female,0,Yes,No,50,Yes,Yes,Fiber optic,No internet service,No,No,No internet service,Yes,No internet service,Month-to-month,Yes,Bank transfer (automatic),78.95,3968.54,1
CUST_01235,Female,0,Yes,Yes,29,Yes,No phone service,No,No internet service,No,No,Yes,No internet service,No,Month-to-month,Yes,Electronic check,51.78,1532.76,0
CUST_01236,Male,0,Yes,No,58,Yes,No phone service,DSL,Yes,No,No,No,Yes,Yes,One year,Yes,Credit card (automatic),88.04,5118.29,1
CUST_01237,Male,0,No,Yes,67,Yes,Yes,No,Yes,No,No internet service,Yes,Yes,Yes,Month-to-month,Yes,Electronic check,20.25,1319.62,0
CUST_01238,Male,0,Yes,Yes,55,Yes,No,Fiber optic,No,No,No,No,No,Yes,One year,No,Bank transfer (automatic),48.79,2628.44,1
CUST_01239,Male,0,No,Yes,3,Yes,No phone service,DSL,No,No,Yes,No,No internet service,No,One year,Yes,Electronic check,43.42,184.15,1
CUST_01240,Male,0,Yes,Yes,55,Yes,Yes,No,Yes,No internet service,Yes,No,Yes,Yes,Month-to-month,Yes,Credit card (automatic),54.62,3011.38,1
CUST_01241,Female,1,Yes,No,15,Yes,Yes,Fiber optic,No internet service,Yes,No internet service,No,No,No internet service,Month-to-month,Yes,Electronic check,28.53,430.72,1
CUST_01242,Female,0,No,No,64,Yes,Yes,No,Yes,No,No internet service,No internet service,Yes,Yes,Month-to-month,No,Mailed check,116.8,7538.36,1
CUST_01243,Female,0,No,No,70,Yes,Yes,No,No,Yes,No,No,Yes,Yes,Month-to-month,Yes,Credit card (automatic),66.79,4638.05,0
CUST_01244,Male,1,Yes,Yes,6,Yes,Yes,DSL,No internet service,No,Yes,No,Yes,Yes,Two year,No,Electronic check,105.64,545.52,1
CUST_01245,Female,1,No,No,8,Yes,Yes,DSL,No,No,No,No,No,Yes,Month-to-month,Yes,Bank transfer (automatic),25.95,144.2,1
CUST_01246,Female,0,Yes,No,50,Yes,No phone service,DSL,No internet service,No internet service,No,No,Yes,No internet service,One year,Yes,Bank transfer (automatic),104.48,5205.42,1
CUST_01247,Female,0,Yes,No,11,Yes,No phone service,Fiber optic,No,No internet service,No,No,No internet service,No,Two year,No,Electronic check,85.3,942.4,1
CUST_01248,Male,0,Yes,No,69,Yes,No,DSL,No,No,Yes,No,Yes,Yes,Month-to-month,Yes,Electronic check,87.88,6112.43,1
CUST_01249,Male,0,Yes,No,39,Yes,No,Fiber optic,Yes,Yes,No,Yes,No internet service,No,One year,No,Credit card (automatic),100.63,3954.08,1
CUST_01250,Female,0,No,Yes,41,Yes,Yes,No,No,No internet service,No,Yes,Yes,Yes,Two year,No,Credit card (automatic),72.61,2887.35,0
CUST_01251,Male,0,Yes,No,62,Yes,Yes,DSL,No,Yes,No internet service,No,Yes,Yes,One year,No,Electronic check,83.4,5268.82,1
CUST_01252,Male,0,No,No,16,Yes,Yes,Fiber optic,No internet service,No,Yes,Yes,No,Yes,Month-to-month,Yes,Credit card (automatic),109.98,1745.31,1
CUST_01253,Male,1,No,Yes,40,Yes,No phone service,Fiber optic,No internet service,No internet service,No internet service,Yes,Yes,Yes,One year,Yes,Credit card (automatic),32.51,1343.37,1
CUST_01254,Female,1,Yes,No,71,Yes,No,DSL,Yes,No,No,No,No,No,Two year,Yes,Mailed check,25.57,1834.58,0
CUST_01255,Female,0,Yes,No,2,Yes,No,DSL,Yes,No,No,No internet service,No internet service,No internet service,One year,No,Bank transfer (automatic),118.27,236.73,1
CUST_01256,Male,0,Yes,No,13,Yes,No phone service,DSL,No,Yes,No internet service,Yes,No,Yes,One year,Yes,Electronic check,108.15,1397.65,1
CUST_01257,Male,1,No,No,11,Yes,No phone service,Fiber optic,No,Yes,No,No internet service,No internet service,No,One year,Yes,Mailed check,71.4,746.47,1
CUST_01258,Female,1,No,No,24,Yes,No,DSL,Yes,No internet service,Yes,Yes,Yes,No,One year,No,Credit card (automatic),98.08,2308.84,1
CUST_01259,Female,0,No,No,10,Yes,No,No,Yes,Yes,Yes,No internet service,No,Yes,Month-to-month,Yes,Bank transfer (automatic),108.19,1076.08,1
CUST_01260,Female,0,Yes,No,13,Yes,No,No,Yes,No,No internet service,No,No,Yes,Two year,Yes,Electronic check,66.69,818.38,1
CUST_01261,Male,0,Yes,No,61,Yes,Yes,DSL,No,No,No,No,No,Yes,Month-to-month,No,Bank transfer (automatic),29.8,1875.48,1
CUST_01262,Female,0,No,No,33,Yes,Yes,No,Yes,No,No,No,No,Yes,Two year,Yes,Electronic check,68.06,2249.37,1
CUST_01263,Male,0,Yes,Yes,26,Yes,No,No,No,Yes,No,No,No,Yes,Month-to-month,Yes,Electronic check,55.14,1506.89,1
CUST_01264,Female,0,No,No,30,Yes,No,DSL,No,Yes,Yes,No,No internet service,Yes,One year,Yes,Electronic check,22.31,654.05,1
CUST_01265,Male,0,Yes,No,69,Yes,Yes,No,No,No,Yes,No,Yes,Yes,One year,Yes,Electronic check,115.9,7976.43,1
CUST_01266,Male,1,Yes,No,35,Yes,Yes,DSL,No,No,No internet service,No internet service,Yes,No internet service,One year,Yes,Mailed check,91.58,3225.98,1
CUST_01267,Male,0,Yes,No,34,Yes,Yes,Fiber optic,Yes,No internet service,No,No internet service,Yes,Yes,Month-to-month,No,Electronic check,98.58,3342.65,1
CUST_01268,Male,0,Yes,No,66,Yes,No,DSL,No internet service,Yes,Yes,No,Yes,No internet service,One year,Yes,Bank transfer (automatic),79.68,5292.94,0
CUST_01269,Female,0,No,No,3,Yes,No,No,No,No internet service,No,No internet service,No,Yes,Month-to-month,Yes,Credit card (automatic),46.92,191.1,1
CUST_01270,Male,0,Yes,Yes,34,Yes,No,No,No internet service,Yes,No internet service,Yes,Yes,Yes,Month-to-month,No,Mailed check,78.47,2706.45,1
CUST_01271,Male,0,No,Yes,54,Yes,No phone service,No,No,No,Yes,No,Yes,No,Month-to-month,No,Electronic check,88.03,4801.37,1
CUST_01272,Male,0,No,No,37,Yes,No,No,No,No internet service,Yes,No,No internet service,No,Two year,Yes,Credit card (automatic),79.73,2978.63,1
CUST_01273,Female,0,No,No,62,No,Yes,DSL,Yes,No internet service,No,No,No internet service,No internet service,Two year,No,Electronic check,32.71,2008.8,0
CUST_01274,Female,0,No,Yes,63,Yes,Yes,Fiber optic,No,Yes,Yes,No internet service,No,Yes,One year,Yes,Mailed check,101.36,6425.58,1
CUST_01275,Female,1,No,Yes,24,Yes,No phone service,DSL,No,No,Yes,No internet service,Yes,Yes,One year,Yes,Electronic check,49.76,1218.66,1
CUST_01276,Female,0,No,Yes,59,Yes,No,DSL,No,No internet service,Yes,No internet service,Yes,No,Month-to-month,No,Credit card (automatic),59.67,3498.91,1
CUST_01277,Female,1,Yes,No,18,Yes,No,DSL,Yes,Yes,Yes,No,Yes,No,Month-to-month,Yes,Electronic check,75.07,1334.08,1
CUST_01278,Female,1,Yes,No,18,Yes,No phone service,No,Yes,Yes,No,No,Yes,No internet service,One year,Yes,Credit card (automatic),117.76,2116.47,0
CUST_01279,Male,1,No,No,70,Yes,No,Fiber optic,Yes,No,Yes,No internet service,Yes,No internet service,One year,No,Credit card (automatic),51.25,3626.4,1
CUST_01280,Female,0,Yes,Yes,1,Yes,Yes,DSL,No,No internet service,No,Yes,No internet service,Yes,One year,Yes,Credit card (automatic),24.19,28.28,1
CUST_01281,Female,0,Yes,Yes,26,Yes,No,No,No,No,No,No internet service,Yes,No internet service,Month-to-month,Yes,Bank transfer (automatic),117.25,3048.3,1
CUST_01282,Female,0,No,Yes,45,Yes,No phone service,No,No internet service,No,Yes,Yes,Yes,No,Month-to-month,No,Bank transfer (automatic),115.75,5203.18,1
CUST_01283,Male,0,Yes,No,30,Yes,Yes,DSL,Yes,No internet service,Yes,No internet service,No,No,Month-to-month,Yes,Credit card (automatic),39.83,1182.53,1
CUST_01284,Female,0,No,Yes,60,Yes,No,Fiber optic,Yes,Yes,No internet service,No,Yes,Yes,One year,Yes,Electronic check,102.9,6133.26,1
CUST_01285,Male,1,No,No,18,Yes,No phone service,Fiber optic,Yes,No internet service,No,Yes,Yes,No internet service,Month-to-month,Yes,Credit card (automatic),111.96,2043.11,1
CUST_01286,Male,0,Yes,No,40,Yes,Yes,Fiber optic,Yes,Yes,No,Yes,Yes,No,Month-to-month,Yes,Electronic check,21.3,816.39,1
CUST_01287,Female,0,No,No,9,No,Yes,Fiber optic,No,No,No,No,Yes,Yes,One year,Yes,Electronic check,95.47,861.6,1
CUST_01288,Male,0,Yes,No,15,Yes,No,Fiber optic,Yes,No,No internet service,No,No,Yes,Month-to-month,No,Electronic check,37.99,555.54,1
CUST_01289,Male,0,No,Yes,13,Yes,No,DSL,No internet service,Yes,Yes,No internet service,Yes,No,Month-to-month,Yes,Credit card (automatic),102.72,1362.18,1
CUST_01290,Female,0,No,Yes,53,Yes,Yes,Fiber optic,No internet service,No,Yes,Yes,Yes,No internet service,One year,No,Electronic check,22.09,1158.8,1
CUST_01291,Male,0,Yes,No,15,Yes,No,DSL,No,No internet service,No internet service,No,No internet service,No,Month-to-month,Yes,Mailed check,89.12,1301.58,1
CUST_01292,Female,0,Yes,No,48,Yes,No phone service,DSL,No internet service,No,Yes,Yes,No internet service,No internet service,One year,Yes,Bank transfer (automatic),101.68,4915.27,1
CUST_01293,Male,0,Yes,No,25,Yes,No,DSL,No,Yes,No,Yes,No,Yes,Two year,No,Bank transfer (automatic),23.56,560.09,1
CUST_01294,Male,0,Yes,No,41,Yes,Yes,Fiber optic,No internet service,Yes,Yes,Yes,No internet service,Yes,Month-to-month,Yes,Electronic check,95.71,3929.52,1
CUST_01295,Female,0,Yes,No,63,Yes,No,Fiber optic,Yes,No,No,No internet service,No,No,Month-to-month,Yes,Mailed check,31.88,2053.02,1
CUST_01296,Female,0,No,Yes,62,Yes,Yes,Fiber optic,No internet service,No,No,No,Yes,Yes,One year,No,Bank transfer (automatic),27.91,1704.87,1
CUST_01297,Male,1,Yes,No,1,Yes,No,DSL,Yes,No,No,No internet service,No,Yes,One year,Yes,Credit card (automatic),112.07,108.45,1
CUST_01298,Female,0,No,Yes,56,Yes,No,No,No,Yes,No,No,Yes,No,Two year,Yes,Credit card (automatic),112.3,6273.71,1
CUST_01299,Female,0,Yes,Yes,68,Yes,No,DSL,No internet service,No,Yes,Yes,Yes,Yes,Month-to-month,Yes,Electronic check,94.11,6404.08,1
CUST_01300,Male,0,No,Yes,48,Yes,Yes,Fiber optic,No,Yes,Yes,Yes,No internet service,Yes,Two year,No,Electronic check,109.02,5230.56,1
CUST_01301,Female,0,Yes,No,14,Yes,No,DSL,Yes,Yes,No,No,Yes,Yes,Month-to-month,Yes,Bank transfer (automatic),21.67,335.59,1
CUST_01302,Male,0,Yes,No,48,No,Yes,Fiber optic,Yes,No,Yes,Yes,Yes,Yes,Month-to-month,Yes,Mailed check,71.17,3394.43,1
CUST_01303,Female,0,No,Yes,46,No,No,Fiber optic,Yes,No,No,Yes,Yes,Yes,Month-to-month,No,Bank transfer (automatic),107.16,4973.96,1
CUST_01304,Female,1,Yes,Yes,48,Yes,Yes,Fiber optic,No,No internet service,No,No,No internet service,Yes,Month-to-month,No,Credit card (automatic),109.28,5301.6,1
CUST_01305,Female,0,No,No,31,Yes,Yes,No,No,No,No,Yes,Yes,No internet service,Month-to-month,Yes,Electronic check,56.7,1766.68,1
CUST_01306,Female,0,Yes,No,38,Yes,No,Fiber optic,No,Yes,No,No,No internet service,No,Month-to-month,Yes,Credit card (automatic),52.46,1965.82,1
CUST_01307,Male,0,No,Yes,47,Yes,No,Fiber optic,No internet service,No internet service,No internet service,No,Yes,No,Month-to-month,No,Electronic check,90.0,4228.56,1
CUST_01308,Male,0,No,No,33,Yes,No,Fiber optic,Yes,Yes,No,No,No internet service,Yes,Month-to-month,No,Credit card (automatic),26.02,854.29,1
CUST_01309,Male,0,No,No,55,Yes,Yes,No,No internet service,No internet service,Yes,No,Yes,Yes,Month-to-month,Yes,Mailed check,98.05,5454.78,1
CUST_01310,Female,0,Yes,No,51,Yes,No phone service,No,No,No,No internet service,No,Yes,No internet service,Month-to-month,Yes,Credit card (automatic),44.97,2289.86,0
CUST_01311,Female,0,Yes,No,22,Yes,No,Fiber optic,No internet service,No internet service,Yes,No,Yes,No,Month-to-month,No,Electronic check,72.16,1635.92,1
CUST_01312,Male,0,Yes,Yes,44,Yes,Yes,Fiber optic,No internet service,No internet service,No internet service,Yes,Yes,No internet service,One year,No,Mailed check,39.26,1731.34,1
CUST_01313,Female,0,Yes,Yes,54,Yes,Yes,No,No internet service,No internet service,Yes,No,Yes,Yes,Two year,No,Electronic check,93.44,5047.36,1
CUST_01314,Female,0,Yes,No,35,Yes,Yes,No,Yes,Yes,No,Yes,Yes,No,Month-to-month,No,Bank transfer (automatic),115.65,4035.35,0
CUST_01315,Female,0,No,Yes,51,Yes,Yes,DSL,No,No internet service,No,No,No,No,Two year,Yes,Credit card (automatic),74.08,3768.94,1
CUST_01316,Male,0,Yes,No,9,Yes,No phone service,No,No internet service,No,Yes,No,No,Yes,One year,No,Credit card (automatic),115.07,1066.77,1
CUST_01317,Female,0,No,Yes,28,Yes,Yes,Fiber optic,No,No,No,No internet service,Yes,No internet service,Two year,No,Bank transfer (automatic),60.21,1660.31,1
CUST_01318,Female,0,Yes,No,50,Yes,No phone service,Fiber optic,Yes,No,Yes,Yes,No,Yes,Month-to-month,Yes,Electronic check,48.64,2465.59,1
CUST_01319,Male,0,Yes,No,64,Yes,No,Fiber optic,No,No,No,Yes,No internet service,Yes,Month-to-month,Yes,Credit card (automatic),103.86,6697.47,1
CUST_01320,Male,1,Yes,No,46,Yes,No phone service,DSL,No internet service,No internet service,No internet service,Yes,No internet service,Yes,One year,Yes,Electronic check,23.79,1073.63,1
CUST_01321,Male,0,Yes,No,48,Yes,No phone service,No,Yes,No internet service,No,No internet service,Yes,No,Month-to-month,Yes,Bank transfer (automatic),48.12,2352.04,0
CUST_01322,Male,0,Yes,No,25,Yes,No phone service,Fiber optic,No,No,No,No,Yes,No internet service,Two year,No,Electronic check,89.05,2262.94,1
CUST_01323,Female,0,Yes,Yes,50,Yes,No,DSL,No internet service,No,No,No,No internet service,Yes,Two year,Yes,Credit card (automatic),38.89,1974.92,0
CUST_01324,Female,1,Yes,No,26,Yes,No phone service,Fiber optic,No,Yes,Yes,Yes,No internet service,No internet service,Month-to-month,No,Electronic check,109.05,2813.04,1
CUST_01325,Female,0,No,Yes,4,Yes,No,DSL,Yes,No,No internet service,No internet service,No internet service,Yes,One year,Yes,Electronic check,68.22,268.7,1
CUST_01326,Male,0,Yes,No,18,Yes,Yes,Fiber optic,No,No internet service,No,No,No,No internet service,Month-to-month,Yes,Electronic check,44.59,798.39,1
CUST_01327,Female,0,Yes,No,44,Yes,No,Fiber optic,No,No,No,Yes,No,No,One year,Yes,Mailed check,57.13,2586.89,1
CUST_01328,Male,1,Yes,Yes,69,Yes,Yes,Fiber optic,No,No internet service,No,No,No internet service,No internet service,One year,Yes,Electronic check,48.37,3337.18,1
CUST_01329,Female,0,Yes,Yes,36,Yes,No,DSL,No,No,No,No,Yes,No,One year,No,Credit card (automatic),90.09,3236.82,1
CUST_01330,Male,1,No,No,62,No,No,DSL,No,No,Yes,No,Yes,No,Month-to-month,Yes,Bank transfer (automatic),30.99,1881.2,1
CUST_01331,Male,0,Yes,Yes,56,Yes,No,DSL,No internet service,No,Yes,No internet service,No internet service,Yes,Two year,No,Credit card (automatic),105.37,5866.71,1
CUST_01332,Female,1,No,No,40,No,No,Fiber optic,No internet service,Yes,No,No internet service,No internet service,No internet service,Month-to-month,No,Electronic check,34.88,1371.25,1
CUST_01333,Male,0,Yes,Yes,58,Yes,No,No,No internet service,No internet service,Yes,No,Yes,No internet service,Month-to-month,Yes,Bank transfer (automatic),48.25,2811.15,1
CUST_01334,Female,0,Yes,No,29,Yes,No phone service,Fiber optic,No,No internet service,Yes,No internet service,Yes,No,Month-to-month,Yes,Mailed check,82.67,2347.59,1
CUST_01335,Female,0,No,No,32,Yes,Yes,Fiber optic,Yes,No internet service,No,No internet service,No internet service,No,Month-to-month,No,Credit card (automatic),55.42,1750.13,1
CUST_01336,Female,0,Yes,No,53,Yes,Yes,DSL,No,No internet service,No,No,Yes,Yes,Month-to-month,Yes,Electronic check,71.01,3698.4,1
CUST_01337,Female,0,No,Yes,46,Yes,No phone service,DSL,Yes,No,No,No internet service,No,Yes,Month-to-month,Yes,Electronic check,76.91,3586.93,1
CUST_01338,Male,0,Yes,No,38,Yes,No,No,No,No,No internet service,No,Yes,Yes,Month-to-month,No,Electronic check,45.9,1747.92,1
CUST_01339,Female,0,No,No,31,Yes,Yes,Fiber optic,Yes,No internet service,No,No,Yes,No,Month-to-month,Yes,Mailed check,73.46,2288.12,1
CUST_01340,Male,0,Yes,No,70,Yes,Yes,DSL,No,Yes,Yes,No,No,No,Month-to-month,Yes,Credit card (automatic),113.94,7937.65,1
CUST_01341,Female,0,Yes,No,5,Yes,No,Fiber optic,No,No internet service,No internet service,No internet service,No internet service,No,Two year,Yes,Electronic check,20.25,141.9,1
CUST_01342,Male,1,No,No,4,Yes,Yes,Fiber optic,No,Yes,No,No internet service,No,No,Month-to-month,No,Bank transfer (automatic),79.62,371.09,1
CUST_01343,Male,0,Yes,No,35,Yes,Yes,DSL,No,No internet service,No,No,Yes,Yes,Month-to-month,No,Electronic check,52.02,1823.04,1
CUST_01344,Female,0,Yes,No,3,Yes,Yes,DSL,Yes,No,No internet service,No,Yes,Yes,One year,Yes,Electronic check,106.21,301.86,1
CUST_01345,Male,0,No,No,25,Yes,Yes,Fiber optic,No,No internet service,Yes,No,Yes,Yes,One year,Yes,Credit card (automatic),29.66,760.83,0
CUST_01346,Female,1,No,No,41,Yes,No,DSL,No,No,No,No internet service,No internet service,Yes,Month-to-month,Yes,Bank transfer (automatic),26.06,1094.18,1
CUST_01347,Female,0,No,Yes,29,Yes,Yes,Fiber optic,No internet service,No,Yes,No,Yes,No,Month-to-month,Yes,Credit card (automatic),60.49,1784.67,1
CUST_01348,Female,0,No,No,15,Yes,No,No,No internet service,No internet service,Yes,Yes,No internet service,No internet service,One year,No,Electronic check,87.37,1333.79,1
CUST_01349,Female,1,No,No,21,Yes,No phone service,No,No internet service,No,No,Yes,No internet service,No internet service,Month-to-month,No,Bank transfer (automatic),20.65,467.39,1
CUST_01350,Female,1,No,No,43,No,No,DSL,Yes,Yes,Yes,Yes,Yes,Yes,Month-to-month,No,Bank transfer (automatic),101.12,4323.92,1
CUST_01351,Male,0,No,No,68,Yes,Yes,DSL,Yes,Yes,Yes,Yes,Yes,No internet service,Two year,No,Bank transfer (automatic),53.65,3680.12,0
CUST_01352,Male,0,Yes,No,56,Yes,Yes,Fiber optic,No,No,No,No,No internet service,No,Month-to-month,Yes,Electronic check,112.03,6257.8,1
CUST_01353,Male,0,Yes,No,39,Yes,No,DSL,No,No,No,Yes,Yes,Yes,Month-to-month,Yes,Electronic check,110.58,4224.77,1
CUST_01354,Female,0,No,No,10,Yes,No,No,No,No,No,No internet service,No internet service,No,Month-to-month,No,Electronic check,96.38,947.6,1
CUST_01355,Male,0,No,No,18,Yes,No,Fiber optic,No internet service,Yes,Yes,No,Yes,No internet service,One year,Yes,Bank transfer (automatic),93.7,1667.21,1
CUST_01356,Male,0,Yes,No,32,Yes,Yes,Fiber optic,No,Yes,No,No,Yes,Yes,Month-to-month,Yes,Bank transfer (automatic),80.08,2571.0,1
CUST_01357,Male,0,Yes,No,18,Yes,No phone service,Fiber optic,No,No internet service,No,No internet service,Yes,No,Month-to-month,Yes,Bank transfer (automatic),99.45,1819.43,1
CUST_01358,Male,0,Yes,Yes,49,Yes,No,DSL,No internet service,No,No,No,Yes,Yes,Month-to-month,Yes,Electronic check,37.81,1859.44,1
CUST_01359,Male,0,Yes,No,26,Yes,Yes,Fiber optic,Yes,Yes,No,No,No,Yes,Month-to-month,No,Bank transfer (automatic),101.71,2714.76,1
CUST_01360,Male,0,No,No,60,Yes,No phone service,No,No internet service,Yes,No internet service,No internet service,No,Yes,Month-to-month,Yes,Electronic check,76.52,4572.82,1
CUST_01361,Male,1,Yes,No,20,Yes,Yes,DSL,No,Yes,Yes,No,Yes,Yes,Month-to-month,No,Credit card (automatic),98.2,1894.43,1
CUST_01362,Male,0,No,No,36,Yes,No phone service,DSL,Yes,No internet service,No,No,No,No,Month-to-month,No,Electronic check,69.38,2507.41,1
CUST_01363,Male,0,No,No,51,Yes,No,No,No internet service,No,No internet service,No,Yes,Yes,Month-to-month,No,Bank transfer (automatic),83.1,4219.03,1
CUST_01364,Male,0,No,No,15,Yes,No,Fiber optic,No internet service,No,No,No,No internet service,No,Two year,No,Electronic check,54.16,774.4,1
CUST_01365,Female,0,Yes,No,55,Yes,No,DSL,No internet service,No,No internet service,No,No internet service,No internet service,One year,No,Electronic check,62.44,3423.79,1
CUST_01366,Male,0,No,No,42,Yes,No,DSL,Yes,No internet service,No,No,No,No internet service,Month-to-month,Yes,Mailed check,56.48,2344.74,1
CUST_01367,Male,0,No,Yes,46,Yes,Yes,Fiber optic,Yes,No,No,No,No internet service,Yes,Month-to-month,No,Mailed check,94.06,4302.79,1
CUST_01368,Male,1,No,No,33,Yes,No phone service,Fiber optic,No,No,Yes,No,Yes,Yes,One year,No,Electronic check,40.05,1374.94,1
CUST_01369,Female,1,Yes,No,67,Yes,No,Fiber optic,Yes,No,Yes,Yes,Yes,Yes,One year,No,Mailed check,113.05,7578.7,1
CUST_01370,Female,1,Yes,No,55,Yes,No phone service,DSL,Yes,No internet service,No,Yes,Yes,Yes,Month-to-month,Yes,Electronic check,102.93,5651.86,1
CUST_01371,Female,1,No,Yes,14,Yes,No,DSL,No,No,No,No,No internet service,Yes,Month-to-month,Yes,Credit card (automatic),106.17,1542.3,1
CUST_01372,Male,1,Yes,No,40,Yes,No,Fiber optic,Yes,No,No internet service,Yes,Yes,No,Month-to-month,No,Mailed check,111.4,4445.66,1
CUST_01373,Male,0,Yes,Yes,65,Yes,No phone service,No,No,No internet service,No internet service,No,No internet service,No,Month-to-month,No,Mailed check,63.6,4090.95,0
CUST_01374,Male,1,No,Yes,20,No,No phone service,Fiber optic,No,Yes,Yes,No internet service,Yes,Yes,Month-to-month,Yes,Mailed check,109.19,2137.37,1
CUST_01375,Female,0,No,No,39,Yes,Yes,Fiber optic,Yes,No,No,No internet service,Yes,Yes,Month-to-month,Yes,Bank transfer (automatic),64.41,2509.19,1
CUST_01376,Female,0,Yes,Yes,54,Yes,No,No,No,No,No internet service,No,No,No internet service,One year,Yes,Electronic check,30.16,1571.16,0
CUST_01377,Female,0,Yes,No,20,Yes,No,DSL,Yes,No internet service,No internet service,No,No,No internet service,Month-to-month,No,Bank transfer (automatic),24.96,458.16,1
CUST_01378,Female,0,Yes,No,37,Yes,No,DSL,Yes,Yes,No internet service,No,Yes,No,Month-to-month,No,Credit card (automatic),26.36,961.98,1
CUST_01379,Female,0,No,Yes,40,Yes,Yes,DSL,No,No,No,No,No internet service,No,Month-to-month,Yes,Mailed check,38.8,1591.62,1
CUST_01380,Female,0,No,No,13,Yes,No,DSL,No,No internet service,No internet service,No internet service,No,No,One year,No,Electronic check,55.98,772.95,1
CUST_01381,Female,0,Yes,No,13,Yes,Yes,No,No,No,No,No,Yes,Yes,Month-to-month,Yes,Electronic check,117.93,1556.18,1
CUST_01382,Male,0,Yes,No,40,Yes,No,DSL,No,No,Yes,Yes,No,No internet service,One year,Yes,Credit card (automatic),44.12,1764.66,1
CUST_01383,Male,1,Yes,No,13,Yes,Yes,No,No,Yes,Yes,No,Yes,Yes,One year,Yes,Electronic check,111.3,1426.94,1
CUST_01384,Female,0,Yes,No,68,Yes,No,DSL,No,Yes,No,No internet service,No internet service,No,Month-to-month,Yes,Electronic check,101.04,6884.31,1
CUST_01385,Male,0,No,Yes,38,Yes,Yes,Fiber optic,No,No,No internet service,No,Yes,Yes,Month-to-month,No,Credit card (automatic),106.11,4094.55,1
CUST_01386,Male,0,Yes,Yes,51,Yes,Yes,DSL,No,Yes,No,No internet service,No,No,Two year,No,Credit card (automatic),98.48,5027.43,1
CUST_01387,Female,0,Yes,No,29,Yes,No phone service,DSL,No,No internet service,No,No,Yes,No internet service,Two year,Yes,Mailed check,117.31,3385.82,1
CUST_01388,Male,0,Yes,No,22,Yes,No phone service,DSL,Yes,No,No,No internet service,Yes,No,Month-to-month,Yes,Electronic check,31.98,698.04,1
CUST_01389,Female,1,Yes,No,35,Yes,Yes,Fiber optic,No,No internet service,No,No,No,Yes,One year,No,Mailed check,67.9,2367.17,1
CUST_01390,Female,0,No,No,51,Yes,No,Fiber optic,No internet service,Yes,Yes,No internet service,Yes,No,Month-to-month,Yes,Credit card (automatic),54.28,2787.49,1
CUST_01391,Male,0,No,Yes,29,Yes,No phone service,No,Yes,Yes,No,No internet service,No,No,Month-to-month,Yes,Electronic check,48.42,1377.45,1
CUST_01392,Female,0,No,No,21,Yes,No phone service,No,No,No internet service,Yes,No internet service,No,No,Month-to-month,No,Electronic check,64.68,1372.5,1
CUST_01393,Female,0,Yes,No,11,Yes,No phone service,Fiber optic,No internet service,Yes,No,No internet service,Yes,No,One year,No,Credit card (automatic),68.09,768.88,1
CUST_01394,Female,1,No,No,39,Yes,Yes,No,Yes,Yes,No,No,Yes,No,Two year,Yes,Bank transfer (automatic),118.59,4637.05,1
CUST_01395,Male,0,Yes,No,49,Yes,No,DSL,No internet service,No,No,No,No,No,One year,Yes,Mailed check,46.47,2239.01,0
CUST_01396,Female,1,No,Yes,38,Yes,Yes,DSL,No,Yes,No,No,Yes,Yes,One year,Yes,Credit card (automatic),111.17,4219.23,1
CUST_01397,Female,0,No,Yes,19,Yes,No,Fiber optic,No,Yes,No internet service,No internet service,Yes,No,Month-to-month,Yes,Bank transfer (automatic),36.7,678.86,1
CUST_01398,Female,0,Yes,No,18,Yes,No,Fiber optic,No internet service,Yes,No internet service,No internet service,Yes,Yes,Two year,Yes,Credit card (automatic),86.5,1554.42,1
CUST_01399,Male,0,No,Yes,27,Yes,No,Fiber optic,No internet service,No internet service,Yes,No internet service,Yes,No,Month-to-month,Yes,Electronic check,50.54,1341.25,1
CUST_01400,Male,1,Yes,No,25,No,Yes,Fiber optic,No,Yes,Yes,No,No,Yes,Two year,Yes,Mailed check,116.04,2944.52,1
CUST_01401,Female,1,No,No,15,Yes,No,No,No,No,Yes,No internet service,No internet service,No internet service,Month-to-month,Yes,Bank transfer (automatic),83.46,1258.44,1
CUST_01402,Male,0,Yes,Yes,67,Yes,Yes,DSL,Yes,No,Yes,No internet service,No,Yes,Month-to-month,No,Electronic check,26.42,1713.51,1
CUST_01403,Male,0,Yes,No,24,Yes,Yes,No,Yes,No,Yes,No,No,Yes,One year,Yes,Electronic check,112.35,2649.86,1
CUST_01404,Male,0,Yes,Yes,18,Yes,Yes,Fiber optic,No internet service,No,No internet service,No,Yes,Yes,Month-to-month,Yes,Bank transfer (automatic),49.38,931.01,1
CUST_01405,Male,0,Yes,Yes,44,Yes,No,Fiber optic,No,Yes,No internet service,No internet service,No,No internet service,Month-to-month,Yes,Bank transfer (automatic),112.74,4954.26,1
CUST_01406,Male,1,Yes,No,57,Yes,No phone service,DSL,No internet service,Yes,Yes,No internet service,No internet service,Yes,One year,Yes,Electronic check,21.35,1203.31,1
CUST_01407,Male,0,Yes,No,33,Yes,No,DSL,Yes,No,No internet service,No,Yes,Yes,One year,No,Mailed check,41.87,1421.21,0
CUST_01408,Female,0,No,No,48,Yes,No,Fiber optic,Yes,No internet service,No internet service,No,No,Yes,Month-to-month,Yes,Bank transfer (automatic),47.84,2291.02,1
CUST_01409,Male,0,Yes,Yes,7,Yes,Yes,Fiber optic,Yes,No,No,No,Yes,No internet service,Month-to-month,No,Bank transfer (automatic),88.8,579.77,1
CUST_01410,Male,0,Yes,No,38,Yes,No,Fiber optic,No,No,No internet service,No,Yes,Yes,One year,No,Mailed check,99.8,3752.93,1
CUST_01411,Male,1,No,No,5,Yes,Yes,DSL,Yes,No internet service,No internet service,No,Yes,No,Month-to-month,Yes,Electronic check,83.01,437.01,1
CUST_01412,Female,0,No,No,10,Yes,No,Fiber optic,No,No internet service,No internet service,No,Yes,Yes,Month-to-month,No,Electronic check,26.2,333.03,1
CUST_01413,Male,0,Yes,No,43,Yes,No phone service,Fiber optic,No internet service,No internet service,No,No internet service,Yes,Yes,One year,Yes,Credit card (automatic),63.36,2753.86,1
CUST_01414,Female,0,Yes,No,15,Yes,No,No,No internet service,No,No,No internet service,Yes,Yes,Two year,Yes,Credit card (automatic),69.4,1027.63,1
CUST_01415,Female,0,No,Yes,3,No,No phone service,Fiber optic,No internet service,No internet service,Yes,No,Yes,No,Month-to-month,Yes,Bank transfer (automatic),55.87,159.67,1
CUST_01416,Female,0,No,No,13,Yes,Yes,Fiber optic,Yes,No,No internet service,No internet service,Yes,Yes,One year,No,Mailed check,61.95,807.05,1
CUST_01417,Female,1,Yes,No,55,Yes,No,Fiber optic,No,No,Yes,No,Yes,No internet service,Month-to-month,No,Electronic check,68.26,3683.6,1
CUST_01418,Male,0,No,No,42,Yes,Yes,Fiber optic,No,No internet service,No,Yes,Yes,Yes,One year,No,Mailed check,75.4,3167.62,1
CUST_01419,Female,0,Yes,No,28,Yes,No,Fiber optic,Yes,No,Yes,No,No internet service,No,One year,No,Mailed check,83.1,2347.24,1
CUST_01420,Male,0,Yes,No,70,No,No phone service,DSL,No,No internet service,No,Yes,No,Yes,Month-to-month,No,Mailed check,41.01,2932.75,1
CUST_01421,Female,0,No,No,28,Yes,Yes,No,No internet service,No internet service,Yes,Yes,Yes,Yes,Month-to-month,Yes,Electronic check,110.17,3122.94,1
CUST_01422,Female,0,No,Yes,63,Yes,Yes,Fiber optic,Yes,No,No internet service,No internet service,Yes,No internet service,Two year,No,Electronic check,102.79,6543.32,1
CUST_01423,Female,0,No,No,25,Yes,No,Fiber optic,No internet service,Yes,No,No,Yes,No internet service,One year,Yes,Credit card (automatic),98.66,2525.32,1
CUST_01424,Female,0,Yes,No,2,Yes,No phone service,Fiber optic,Yes,No internet service,No,Yes,Yes,No,One year,No,Mailed check,100.59,249.99,1
CUST_01425,Male,0,Yes,No,8,Yes,Yes,Fiber optic,Yes,No,No,No,Yes,No internet service,Month-to-month,Yes,Credit card (automatic),72.55,581.32,1
CUST_01426,Female,0,Yes,No,20,Yes,Yes,DSL,Yes,No,No,No,Yes,Yes,Month-to-month,Yes,Bank transfer (automatic),115.31,2318.27,1
CUST_01427,Female,0,Yes,Yes,14,Yes,No,DSL,No internet service,Yes,No internet service,No,No,No internet service,Month-to-month,Yes,Credit card (automatic),56.59,733.8,1
CUST_01428,Female,0,Yes,No,12,Yes,No,DSL,No,No internet service,No internet service,No,No,Yes,Month-to-month,Yes,Electronic check,62.0,748.56,1
CUST_01429,Male,0,Yes,No,28,Yes,Yes,DSL,No internet service,No internet service,No internet service,No,Yes,No internet service,Month-to-month,No,Electronic check,101.63,2865.46,1
CUST_01430,Female,0,No,No,70,Yes,Yes,DSL,No,Yes,No,No,Yes,No,Month-to-month,Yes,Bank transfer (automatic),106.9,7473.08,1
CUST_01431,Male,0,No,No,15,Yes,No phone service,Fiber optic,No internet service,No,No internet service,No,Yes,Yes,One year,Yes,Mailed check,64.9,919.54,1
CUST_01432,Male,1,Yes,No,17,Yes,Yes,DSL,No,No internet service,No,No internet service,No internet service,No,Month-to-month,No,Electronic check,104.8,1837.0,1
CUST_01433,Male,0,Yes,No,71,Yes,Yes,No,No,Yes,No,No,No,No internet service,One year,No,Bank transfer (automatic),83.32,5929.93,1
CUST_01434,Female,0,No,No,15,Yes,Yes,No,No internet service,Yes,No,No internet service,No,Yes,Month-to-month,Yes,Electronic check,58.8,942.22,1
CUST_01435,Male,0,Yes,Yes,59,Yes,Yes,DSL,No internet service,No,No,No internet service,No internet service,Yes,Month-to-month,No,Electronic check,110.55,6548.43,1
CUST_01436,Male,0,No,No,45,Yes,No,Fiber optic,No,No internet service,No,No,No,No,Month-to-month,Yes,Credit card (automatic),70.32,3212.3,1
CUST_01437,Male,0,Yes,No,66,Yes,No phone service,Fiber optic,Yes,No,No,Yes,Yes,Yes,One year,Yes,Mailed check,104.91,6964.77,1
CUST_01438,Female,0,No,No,40,Yes,No,No,No internet service,Yes,No,No,No,Yes,One year,Yes,Electronic check,101.24,4025.82,1
CUST_01439,Male,0,No,No,43,Yes,Yes,Fiber optic,Yes,Yes,No,No internet service,Yes,No,Month-to-month,Yes,Electronic check,29.66,1257.57,1
CUST_01440,Female,0,No,No,17,Yes,No phone service,DSL,No internet service,No,No,Yes,No,No internet service,Two year,Yes,Credit card (automatic),107.11,1805.88,1
CUST_01441,Female,1,No,Yes,41,Yes,Yes,DSL,No,Yes,No,Yes,Yes,No,Month-to-month,No,Credit card (automatic),36.24,1452.02,1
CUST_01442,Female,0,No,No,48,Yes,No,No,Yes,No,No internet service,No,Yes,No internet service,Month-to-month,Yes,Electronic check,101.39,4928.5,1
CUST_01443,Female,1,Yes,No,71,Yes,Yes,DSL,No,Yes,Yes,No internet service,Yes,Yes,One year,No,Mailed check,95.56,6786.24,1
CUST_01444,Male,1,No,Yes,7,Yes,No,No,No,No internet service,Yes,Yes,Yes,Yes,Month-to-month,No,Bank transfer (automatic),93.72,672.12,0
CUST_01445,Male,1,No,Yes,12,Yes,No,DSL,No,No,No,No,No,Yes,One year,Yes,Electronic check,112.09,1298.49,1
CUST_01446,Male,0,No,No,2,Yes,Yes,Fiber optic,No internet service,No internet service,Yes,Yes,Yes,Yes,Two year,Yes,Mailed check,80.06,188.77,1
CUST_01447,Female,0,Yes,Yes,57,Yes,No phone service,Fiber optic,No,Yes,Yes,No internet service,Yes,No,One year,Yes,Electronic check,53.86,3055.69,1
CUST_01448,Female,0,Yes,No,6,Yes,No,DSL,Yes,No,No,No,Yes,Yes,Month-to-month,No,Electronic check,79.32,520.05,1
CUST_01449,Female,0,No,Yes,65,Yes,No phone service,DSL,No,No internet service,Yes,No,No internet service,Yes,Month-to-month,Yes,Bank transfer (automatic),89.61,5800.66,1
CUST_01450,Male,1,No,No,26,Yes,No,DSL,No internet service,No,No,No internet service,No internet service,No,Two year,No,Electronic check,56.46,1514.58,1
CUST_01451,Male,0,Yes,Yes,21,Yes,No phone service,Fiber optic,No internet service,Yes,Yes,No,No,No,Month-to-month,Yes,Mailed check,45.43,986.96,1
CUST_01452,Male,0,Yes,No,70,No,Yes,Fiber optic,No,Yes,Yes,No internet service,Yes,No,Month-to-month,No,Electronic check,68.97,4811.6,1
CUST_01453,Male,0,Yes,No,52,Yes,No phone service,DSL,No internet service,No,No,Yes,Yes,No,Two year,Yes,Mailed check,109.83,5760.78,1
CUST_01454,Male,0,Yes,No,39,Yes,No phone service,Fiber optic,Yes,No,No internet service,Yes,Yes,No internet service,One year,Yes,Credit card (automatic),83.05,3279.16,1
CUST_01455,Female,0,Yes,No,64,Yes,No phone service,DSL,No,No internet service,No,No,Yes,No,Month-to-month,Yes,Mailed check,109.73,7039.86,1
CUST_01456,Male,0,Yes,No,54,Yes,Yes,Fiber optic,No internet service,No internet service,No,Yes,Yes,No internet service,One year,No,Mailed check,67.51,3610.76,1
CUST_01457,Female,1,Yes,Yes,46,Yes,No,Fiber optic,No,No,No,No internet service,No internet service,No internet service,Month-to-month,Yes,Mailed check,114.7,5304.2,1
CUST_01458,Male,0,No,No,23,Yes,No,No,Yes,No internet service,No,No,No,No internet service,Two year,No,Credit card (automatic),99.16,2282.99,1
CUST_01459,Male,0,Yes,No,71,Yes,Yes,No,No,No,No,No,Yes,Yes,One year,Yes,Bank transfer (automatic),55.46,3939.39,0
CUST_01460,Female,0,Yes,No,52,Yes,No,DSL,No,Yes,Yes,No internet service,No,No,Month-to-month,No,Electronic check,64.82,3373.22,1
CUST_01461,Female,1,Yes,No,68,Yes,No phone service,DSL,Yes,Yes,Yes,No,Yes,Yes,Month-to-month,No,Electronic check,119.78,8143.99,1
CUST_01462,Male,0,Yes,No,69,Yes,No,No,Yes,No internet service,No,No,Yes,Yes,Month-to-month,Yes,Mailed check,115.37,7930.23,1
CUST_01463,Male,0,No,No,39,Yes,No phone service,DSL,No internet service,No,No,Yes,No,No,Month-to-month,Yes,Bank transfer (automatic),61.02,2326.74,1
CUST_01464,Male,0,No,Yes,26,Yes,Yes,DSL,Yes,No internet service,No internet service,No internet service,No internet service,Yes,One year,Yes,Electronic check,103.36,2627.1,1
CUST_01465,Female,1,Yes,Yes,68,Yes,No phone service,DSL,No,Yes,No,No,No,No,Month-to-month,Yes,Mailed check,110.97,7556.44,1
CUST_01466,Male,0,Yes,Yes,71,Yes,No phone service,Fiber optic,No internet service,Yes,No,No internet service,No internet service,No internet service,Two year,Yes,Bank transfer (automatic),45.17,3122.24,0
CUST_01467,Female,0,Yes,No,9,Yes,No,Fiber optic,No internet service,No internet service,No,No internet service,Yes,Yes,Month-to-month,Yes,Electronic check,71.76,671.26,1
CUST_01468,Male,1,Yes,No,46,Yes,Yes,No,No,No internet service,No,No,No,No internet service,Month-to-month,No,Bank transfer (automatic),95.71,4420.38,1
CUST_01469,Female,0,Yes,No,43,Yes,No,DSL,No,No internet service,No,Yes,No internet service,No internet service,One year,Yes,Electronic check,27.69,1180.07,1
CUST_01470,Male,0,Yes,No,54,Yes,No phone service,DSL,Yes,Yes,Yes,No,Yes,No internet service,One year,No,Bank transfer (automatic),100.57,5466.71,1
CUST_01471,Female,0,Yes,Yes,70,Yes,No phone service,DSL,No,No,No internet service,Yes,No internet service,Yes,Month-to-month,Yes,Bank transfer (automatic),41.1,2867.9,0
CUST_01472,Female,0,No,No,18,Yes,No,Fiber optic,Yes,No,No,No internet service,No internet service,No internet service,Month-to-month,Yes,Credit card (automatic),67.9,1236.85,1
CUST_01473,Male,0,Yes,Yes,70,Yes,No,DSL,Yes,No internet service,No,Yes,No,Yes,Month-to-month,Yes,Bank transfer (automatic),57.52,3957.86,1
CUST_01474,Male,0,Yes,No,46,Yes,No,No,Yes,Yes,No,No,Yes,No internet service,One year,No,Electronic check,94.02,4246.46,1
CUST_01475,Female,0,Yes,No,6,Yes,No,Fiber optic,No,No,No internet service,No,Yes,Yes,Two year,No,Bank transfer (automatic),43.32,251.68,1
CUST_01476,Male,0,Yes,No,37,Yes,No phone service,Fiber optic,Yes,Yes,Yes,No,No,Yes,One year,Yes,Credit card (automatic),66.64,2480.48,1
CUST_01477,Male,0,Yes,Yes,10,Yes,No,No,Yes,No,No internet service,No,No internet service,Yes,One year,No,Electronic check,46.56,498.86,1
CUST_01478,Male,0,Yes,Yes,68,Yes,No phone service,Fiber optic,No internet service,Yes,Yes,No internet service,Yes,No,One year,Yes,Electronic check,25.48,1726.44,1
CUST_01479,Male,0,Yes,No,55,Yes,No phone service,Fiber optic,Yes,No internet service,Yes,No internet service,Yes,No internet service,One year,Yes,Electronic check,104.35,5747.88,1
CUST_01480,Male,1,Yes,Yes,65,Yes,No phone service,DSL,No,Yes,No internet service,No internet service,Yes,No,One year,Yes,Bank transfer (automatic),42.45,2786.77,1
CUST_01481,Male,0,No,No,43,Yes,Yes,No,No,No,Yes,No,Yes,No,Month-to-month,No,Mailed check,43.24,1854.85,1
CUST_01482,Male,0,No,No,29,Yes,No,No,No,No internet service,No,No,No internet service,Yes,Month-to-month,Yes,Electronic check,24.68,736.27,1
CUST_01483,Male,0,Yes,No,31,Yes,No phone service,Fiber optic,Yes,Yes,No,No internet service,No,No internet service,Two year,Yes,Mailed check,70.27,2138.86,0
CUST_01484,Male,0,Yes,Yes,68,Yes,Yes,DSL,Yes,Yes,No internet service,No,No,Yes,Two year,Yes,Credit card (automatic),46.9,3131.22,0
CUST_01485,Male,0,No,No,11,Yes,No phone service,No,No internet service,No,No internet service,Yes,No,No internet service,One year,No,Electronic check,76.55,823.36,1
CUST_01486,Female,0,No,No,63,Yes,No,No,No,No,No,Yes,No,No internet service,Month-to-month,No,Mailed check,92.35,5845.17,1
CUST_01487,Male,0,Yes,No,30,No,No,Fiber optic,Yes,No,No internet service,No,No,Yes,One year,Yes,Credit card (automatic),24.59,712.81,1
CUST_01488,Male,0,Yes,No,42,Yes,No phone service,No,No,No,Yes,No,Yes,Yes,Month-to-month,No,Credit card (automatic),40.05,1704.88,1
CUST_01489,Male,0,Yes,Yes,48,Yes,No phone service,Fiber optic,No,Yes,No,Yes,Yes,No,Month-to-month,No,Electronic check,59.09,2800.38,1
CUST_01490,Female,0,No,No,6,Yes,No,DSL,Yes,No internet service,No internet service,Yes,No internet service,No internet service,Month-to-month,No,Electronic check,107.98,627.49,1
CUST_01491,Male,0,Yes,No,11,Yes,Yes,Fiber optic,No,Yes,No,Yes,Yes,No,One year,Yes,Mailed check,30.97,349.14,1
CUST_01492,Male,1,Yes,No,12,Yes,No,DSL,No,No,No,No,Yes,No internet service,Month-to-month,Yes,Electronic check,94.38,1109.2,1
CUST_01493,Male,0,Yes,No,56,Yes,Yes,Fiber optic,No,No internet service,No internet service,Yes,Yes,No internet service,One year,Yes,Mailed check,115.36,6442.73,1
CUST_01494,Male,0,Yes,No,6,Yes,No,Fiber optic,No internet service,No internet service,No,No internet service,No,Yes,One year,No,Mailed check,27.77,75.33,1
CUST_01495,Male,0,Yes,No,44,Yes,No,DSL,No,Yes,No internet service,No internet service,Yes,No,Month-to-month,Yes,Bank transfer (automatic),53.3,2374.57,0
CUST_01496,Male,0,No,No,8,Yes,No,DSL,No internet service,Yes,Yes,No internet service,No,No,Month-to-month,Yes,Bank transfer (automatic),96.96,771.53,1
CUST_01497,Female,0,Yes,No,55,Yes,No,Fiber optic,No,No,No,No internet service,Yes,Yes,One year,No,Credit card (automatic),113.52,6210.51,1
CUST_01498,Female,0,Yes,No,70,No,Yes,Fiber optic,No,No,No internet service,No internet service,No internet service,No internet service,Two year,No,Bank transfer (automatic),44.67,3191.04,0
CUST_01499,Male,0,Yes,Yes,30,Yes,No,No,No,No,No,No,No,Yes,Two year,Yes,Mailed check,84.19,2498.08,1
CUST_01500,Female,0,No,No,16,Yes,Yes,DSL,No,No,No,No,No internet service,No,Month-to-month,Yes,Electronic check,93.16,1472.52,1
CUST_01501,Female,0,Yes,No,32,Yes,Yes,No,Yes,Yes,No internet service,No internet service,No,No,One year,Yes,Credit card (automatic),60.4,1899.14,0
CUST_01502,Male,0,Yes,Yes,50,Yes,Yes,DSL,No internet service,No,No,No,No internet service,No internet service,One year,Yes,Bank transfer (automatic),86.95,4386.13,1
CUST_01503,Male,1,Yes,No,52,Yes,Yes,DSL,No internet service,No,Yes,No,Yes,No,Month-to-month,Yes,Electronic check,74.91,3945.5,1
CUST_01504,Male,0,No,No,46,Yes,No,Fiber optic,Yes,No internet service,Yes,Yes,Yes,No,One year,Yes,Electronic check,113.72,5277.81,1
CUST_01505,Female,1,No,No,42,Yes,No,Fiber optic,No,No,No,No,No internet service,Yes,Month-to-month,Yes,Bank transfer (automatic),73.87,3148.89,1
CUST_01506,Male,0,No,No,45,Yes,No phone service,Fiber optic,No internet service,Yes,No,No internet service,No internet service,No internet service,One year,No,Electronic check,71.66,3203.79,1
CUST_01507,Female,1,No,Yes,16,Yes,No phone service,DSL,No internet service,No,Yes,No,No internet service,Yes,Month-to-month,Yes,Bank transfer (automatic),86.93,1449.42,1
CUST_01508,Male,0,Yes,Yes,15,Yes,No phone service,DSL,No,No,No internet service,No,No internet service,No,Month-to-month,Yes,Electronic check,35.23,521.6,1
CUST_01509,Female,0,Yes,No,67,Yes,No phone service,Fiber optic,Yes,No internet service,Yes,No,No,No internet service,Month-to-month,Yes,Mailed check,73.1,4843.71,0
CUST_01510,Female,0,Yes,No,42,Yes,Yes,DSL,No,No internet service,No internet service,No internet service,No,Yes,Month-to-month,No,Electronic check,25.07,1038.01,1
CUST_01511,Male,0,No,No,62,Yes,No phone service,DSL,Yes,No internet service,No internet service,No internet service,No internet service,Yes,Month-to-month,Yes,Mailed check,82.7,5138.81,1
CUST_01512,Male,1,No,No,45,No,No,DSL,No,No,No,No,Yes,Yes,Month-to-month,Yes,Credit card (automatic),73.47,3283.58,1
CUST_01513,Female,0,Yes,Yes,33,Yes,Yes,DSL,No,No internet service,No internet service,No,No internet service,No,Month-to-month,Yes,Electronic check,103.94,3435.16,1
CUST_01514,Male,0,No,Yes,41,Yes,No phone service,Fiber optic,No,Yes,Yes,No,No internet service,Yes,Month-to-month,Yes,Electronic check,99.77,4109.35,1
CUST_01515,Male,0,Yes,No,50,Yes,Yes,DSL,Yes,No,No,No internet service,No,Yes,Month-to-month,Yes,Electronic check,63.25,3176.87,1
CUST_01516,Female,1,Yes,Yes,14,Yes,No,Fiber optic,No,No,No internet service,Yes,Yes,Yes,Month-to-month,No,Electronic check,85.9,1225.53,1
CUST_01517,Male,0,Yes,No,33,No,No,Fiber optic,No,No internet service,No internet service,No internet service,No,Yes,Two year,Yes,Mailed check,50.33,1654.59,1
CUST_01518,Male,0,No,No,52,Yes,No,Fiber optic,No,No internet service,Yes,Yes,No internet service,Yes,Month-to-month,Yes,Electronic check,58.78,3031.11,1
CUST_01519,Male,1,No,No,7,Yes,No,Fiber optic,Yes,Yes,Yes,No internet service,Yes,No,One year,Yes,Electronic check,27.8,143.14,1
CUST_01520,Male,1,Yes,No,6,Yes,No phone service,Fiber optic,Yes,No internet service,Yes,No,Yes,No,Month-to-month,No,Bank transfer (automatic),30.07,177.34,1
CUST_01521,Female,0,No,Yes,12,Yes,Yes,No,No internet service,No internet service,No internet service,No,No,No,Month-to-month,No,Credit card (automatic),101.87,1203.64,1
CUST_01522,Female,0,No,Yes,42,Yes,No,DSL,No,No internet service,Yes,No,No internet service,Yes,Two year,Yes,Electronic check,117.19,4917.84,1
CUST_01523,Male,1,No,Yes,17,Yes,Yes,No,No,No,No,No internet service,No,No internet service,One year,No,Credit card (automatic),68.92,1099.17,1
CUST_01524,Male,0,No,No,31,Yes,No,DSL,No,No internet service,No,No internet service,No,No,One year,Yes,Credit card (automatic),32.8,963.65,1
CUST_01525,Female,0,Yes,No,10,Yes,Yes,Fiber optic,No internet service,No internet service,No,Yes,Yes,No internet service,Month-to-month,No,Bank transfer (automatic),28.83,306.15,1
CUST_01526,Male,0,No,No,18,Yes,No,Fiber optic,No,No,No,Yes,Yes,No,Month-to-month,Yes,Bank transfer (automatic),24.54,384.48,1
CUST_01527,Male,0,No,Yes,2,Yes,Yes,DSL,Yes,No,No,Yes,No internet service,Yes,Month-to-month,No,Mailed check,107.88,209.11,1
CUST_01528,Male,0,No,No,58,Yes,Yes,DSL,Yes,No internet service,No,No,Yes,No,Month-to-month,Yes,Electronic check,64.22,3695.68,1
CUST_01529,Male,0,Yes,Yes,34,Yes,Yes,DSL,Yes,No internet service,No,No,Yes,Yes,Two year,Yes,Credit card (automatic),108.04,3642.06,0
CUST_01530,Female,0,No,No,13,Yes,Yes,DSL,No internet service,No,No,No,Yes,No internet service,Month-to-month,Yes,Credit card (automatic),56.28,734.63,1
CUST_01531,Male,0,No,No,38,Yes,No,Fiber optic,No,No internet service,No,No internet service,Yes,No,Month-to-month,Yes,Electronic check,78.81,2995.78,1
CUST_01532,Male,0,Yes,Yes,67,Yes,Yes,DSL,No internet service,Yes,No,No,Yes,Yes,Month-to-month,No,Electronic check,87.38,5873.58,0
CUST_01533,Female,0,No,No,59,Yes,No,No,No,No,No internet service,No,No internet service,Yes,Month-to-month,No,Electronic check,25.0,1436.43,1
CUST_01534,Male,0,Yes,Yes,63,Yes,Yes,No,No internet service,No,No,No,Yes,No,Month-to-month,Yes,Mailed check,88.16,5523.12,1
CUST_01535,Female,0,Yes,No,29,Yes,Yes,DSL,No internet service,No,No,No,No,Yes,Month-to-month,No,Credit card (automatic),99.97,2938.44,1
CUST_01536,Male,0,Yes,No,26,Yes,Yes,DSL,No,No,Yes,Yes,Yes,Yes,Two year,Yes,Electronic check,22.21,569.6,1
CUST_01537,Male,0,No,No,23,Yes,No phone service,Fiber optic,Yes,No,Yes,No internet service,No internet service,No internet service,Month-to-month,No,Bank transfer (automatic),25.88,608.05,1
CUST_01538,Male,0,No,No,22,Yes,No,No,Yes,No,No internet service,No,Yes,Yes,Month-to-month,Yes,Credit card (automatic),72.21,1571.22,1
CUST_01539,Female,1,Yes,No,66,Yes,No phone service,Fiber optic,No,Yes,No internet service,No,Yes,Yes,Month-to-month,Yes,Electronic check,117.14,7747.17,1
CUST_01540,Female,0,No,Yes,10,Yes,No,DSL,No internet service,Yes,Yes,Yes,Yes,Yes,One year,Yes,Bank transfer (automatic),117.32,1086.09,1
CUST_01541,Male,1,Yes,No,61,Yes,Yes,No,No,No,No,No internet service,No internet service,No,Month-to-month,Yes,Mailed check,30.96,1928.86,0
CUST_01542,Male,0,Yes,No,66,Yes,No phone service,Fiber optic,No,Yes,No,No internet service,No,No,Two year,No,Electronic check,96.09,6326.0,1
CUST_01543,Male,0,No,Yes,60,Yes,Yes,DSL,No,Yes,No,No,No,No,One year,No,Mailed check,99.33,5916.09,1
CUST_01544,Female,1,No,No,45,Yes,No phone service,No,No,Yes,Yes,No,Yes,No internet service,Month-to-month,Yes,Electronic check,107.7,4809.31,1
CUST_01545,Male,1,No,No,61,Yes,No phone service,No,Yes,Yes,No internet service,No,Yes,Yes,One year,Yes,Bank transfer (automatic),24.35,1476.12,1
CUST_01546,Female,0,No,No,3,Yes,No,Fiber optic,No internet service,Yes,Yes,No,No internet service,Yes,Month-to-month,Yes,Electronic check,117.24,347.86,1
CUST_01547,Female,0,No,Yes,59,Yes,No phone service,DSL,No,No internet service,No internet service,No,Yes,Yes,Month-to-month,No,Credit card (automatic),102.17,6032.97,1
CUST_01548,Female,0,Yes,No,37,Yes,No phone service,Fiber optic,Yes,No,Yes,No,No,Yes,One year,Yes,Mailed check,80.77,2946.75,1
CUST_01549,Male,0,Yes,No,69,Yes,No,DSL,No,No,No,No,No internet service,Yes,Month-to-month,No,Credit card (automatic),26.68,1871.41,1
CUST_01550,Male,0,Yes,Yes,7,Yes,No,Fiber optic,No,No,Yes,No internet service,No,Yes,Month-to-month,Yes,Bank transfer (automatic),44.02,289.79,1
CUST_01551,Male,1,No,Yes,67,Yes,No,DSL,No,Yes,Yes,No,Yes,No internet service,Two year,Yes,Bank transfer (automatic),54.66,3642.12,0
CUST_01552,Female,0,No,No,41,Yes,No phone service,Fiber optic,Yes,No,No internet service,No,Yes,Yes,One year,No,Electronic check,105.74,4327.42,1
CUST_01553,Female,0,No,No,8,Yes,No phone service,Fiber optic,No,No internet service,No,No internet service,Yes,No internet service,Month-to-month,Yes,Mailed check,96.11,792.08,1
CUST_01554,Female,0,Yes,No,37,Yes,No phone service,No,No,Yes,Yes,No,No internet service,No internet service,Two year,No,Bank transfer (automatic),114.07,4219.4,1
CUST_01555,Male,0,Yes,Yes,3,Yes,No,No,Yes,Yes,No internet service,Yes,No internet service,No,Month-to-month,Yes,Bank transfer (automatic),62.25,167.77,1
CUST_01556,Male,0,No,No,6,Yes,No,DSL,No,No,Yes,No,Yes,No internet service,One year,Yes,Bank transfer (automatic),111.68,658.75,1
CUST_01557,Female,0,No,No,38,Yes,Yes,DSL,No,Yes,Yes,No,No internet service,No,Month-to-month,Yes,Electronic check,109.57,4206.33,1
CUST_01558,Female,0,Yes,No,58,No,No,Fiber optic,No,Yes,Yes,No internet service,Yes,Yes,Month-to-month,No,Electronic check,21.85,1304.24,1
CUST_01559,Female,0,Yes,No,8,Yes,No,DSL,No,No,No,No internet service,Yes,No,One year,Yes,Electronic check,43.93,364.24,1
CUST_01560,Female,0,Yes,Yes,19,Yes,No,DSL,No,No,No internet service,No,Yes,Yes,Month-to-month,No,Electronic check,99.99,1905.01,1
CUST_01561,Male,0,Yes,Yes,28,Yes,No,Fiber optic,No,Yes,Yes,No internet service,No internet service,No,Two year,Yes,Bank transfer (automatic),86.51,2503.26,1
CUST_01562,Male,1,Yes,No,39,Yes,No,DSL,No internet service,No internet service,No,Yes,Yes,No internet service,Month-to-month,Yes,Mailed check,42.29,1665.53,1
CUST_01563,Male,0,Yes,No,1,Yes,Yes,DSL,No,Yes,Yes,Yes,Yes,No,Two year,No,Mailed check,98.15,104.47,1
CUST_01564,Female,0,No,Yes,46,Yes,No,Fiber optic,No internet service,No,Yes,No,Yes,Yes,Month-to-month,Yes,Electronic check,51.66,2369.29,1
CUST_01565,Female,0,Yes,No,36,Yes,No,No,No,No,No,No,Yes,No,Month-to-month,Yes,Bank transfer (automatic),80.21,2900.05,1
CUST_01566,Male,0,Yes,Yes,69,Yes,Yes,Fiber optic,No,No,No,Yes,No,No internet service,Month-to-month,Yes,Electronic check,113.47,7722.85,1
CUST_01567,Female,0,Yes,No,22,Yes,No phone service,DSL,No,No,No,Yes,Yes,Yes,Month-to-month,Yes,Electronic check,43.96,1003.09,1
CUST_01568,Female,0,No,No,36,Yes,Yes,Fiber optic,No internet service,No,Yes,No internet service,No internet service,Yes,One year,Yes,Credit card (automatic),25.54,874.93,1
CUST_01569,Female,0,Yes,No,6,Yes,Yes,No,No internet service,No,Yes,No,No internet service,Yes,One year,Yes,Bank transfer (automatic),86.01,490.93,1
CUST_01570,Female,1,Yes,No,66,Yes,Yes,DSL,No,No internet service,No,Yes,Yes,No internet service,Two year,No,Electronic check,92.84,6078.43,1
CUST_01571,Male,0,Yes,No,60,Yes,Yes,Fiber optic,No,No,No,No,No internet service,No,Month-to-month,No,Electronic check,51.26,3049.83,1
CUST_01572,Male,0,No,No,26,No,Yes,Fiber optic,No internet service,No,No,Yes,No internet service,Yes,Month-to-month,Yes,Electronic check,66.84,1725.93,1
CUST_01573,Female,0,No,Yes,33,Yes,Yes,Fiber optic,No internet service,No internet service,Yes,Yes,No internet service,No,Month-to-month,No,Bank transfer (automatic),70.11,2344.76,1
CUST_01574,Female,1,Yes,Yes,61,Yes,Yes,DSL,No internet service,Yes,No internet service,No,Yes,No,One year,Yes,Electronic check,101.59,6242.11,1
CUST_01575,Male,1,Yes,No,21,Yes,Yes,No,Yes,No internet service,Yes,No,No internet service,Yes,Two year,Yes,Mailed check,89.31,1943.45,1
CUST_01576,Male,0,Yes,Yes,17,Yes,No,DSL,Yes,Yes,No,No internet service,No,No internet service,Month-to-month,Yes,Electronic check,47.3,807.68,1
CUST_01577,Female,0,No,No,18,Yes,No,DSL,No,No,No,No,Yes,No,Month-to-month,Yes,Mailed check,47.3,843.73,1
CUST_01578,Female,0,No,Yes,51,Yes,No,DSL,No,No,Yes,No,No internet service,Yes,Month-to-month,Yes,Bank transfer (automatic),52.5,2704.78,1
CUST_01579,Male,0,Yes,No,15,Yes,No,Fiber optic,Yes,No,No,No,Yes,No internet service,Month-to-month,Yes,Credit card (automatic),34.6,489.1,1
CUST_01580,Female,0,Yes,Yes,7,Yes,Yes,DSL,No,Yes,No,No internet service,No internet service,Yes,One year,Yes,Electronic check,33.43,200.21,1
CUST_01581,Male,0,No,No,12,Yes,Yes,Fiber optic,No,No,No,No internet service,No,Yes,Month-to-month,Yes,Electronic check,101.74,1208.03,1
CUST_01582,Male,0,No,No,71,Yes,No,No,Yes,No internet service,No internet service,No,No,Yes,Two year,Yes,Electronic check,103.17,7323.89,1
CUST_01583,Female,0,Yes,Yes,62,Yes,No,DSL,No,No internet service,No,Yes,Yes,Yes,Month-to-month,Yes,Electronic check,46.01,2780.28,1
CUST_01584,Male,1,Yes,No,68,Yes,No,No,Yes,No,Yes,Yes,No internet service,No,Month-to-month,Yes,Electronic check,105.04,7180.06,1
CUST_01585,Female,0,Yes,No,20,Yes,Yes,No,No internet service,Yes,No,Yes,Yes,Yes,Month-to-month,No,Electronic check,77.07,1549.8,1
CUST_01586,Male,0,No,No,32,No,No,DSL,No,No,No,No internet service,No internet service,Yes,Month-to-month,Yes,Credit card (automatic),91.22,2946.98,1
CUST_01587,Female,0,No,Yes,35,Yes,No,Fiber optic,No,No,No,No,No,No internet service,One year,Yes,Credit card (automatic),108.04,3726.43,1
CUST_01588,Male,0,No,No,38,Yes,No,No,No,Yes,No internet service,Yes,Yes,Yes,Two year,Yes,Bank transfer (automatic),50.83,1908.26,0
CUST_01589,Female,0,No,No,2,Yes,Yes,Fiber optic,Yes,No internet service,Yes,Yes,No,Yes,Month-to-month,Yes,Electronic check,86.22,147.39,1
CUST_01590,Male,0,Yes,No,43,Yes,No,Fiber optic,No,No,Yes,No internet service,No internet service,Yes,Month-to-month,Yes,Bank transfer (automatic),50.85,2179.45,1
CUST_01591,Female,0,Yes,No,3,Yes,Yes,No,No internet service,No,Yes,No,No internet service,No internet service,One year,No,Mailed check,110.29,329.7,1
CUST_01592,Male,0,Yes,Yes,20,Yes,Yes,Fiber optic,No,No,No internet service,Yes,Yes,Yes,One year,Yes,Bank transfer (automatic),49.96,1029.64,1
CUST_01593,Male,0,No,Yes,21,Yes,No phone service,DSL,Yes,Yes,No,No internet service,Yes,Yes,One year,Yes,Electronic check,82.53,1736.59,1
CUST_01594,Male,0,No,No,48,Yes,Yes,DSL,No,No,No,No,Yes,No internet service,Month-to-month,Yes,Credit card (automatic),39.1,1850.85,1
CUST_01595,Female,0,Yes,Yes,64,Yes,No,Fiber optic,Yes,No,No,No,No internet service,Yes,One year,No,Electronic check,56.98,3723.29,1
CUST_01596,Male,0,Yes,Yes,50,Yes,No,DSL,No,No,No internet service,No,Yes,No internet service,Month-to-month,No,Electronic check,55.14,2747.71,1
CUST_01597,Female,0,No,No,31,Yes,Yes,DSL,No,No,No internet service,No,Yes,No,Month-to-month,Yes,Electronic check,95.03,2914.19,1
CUST_01598,Female,0,No,Yes,38,Yes,No,DSL,No,No,No,No,Yes,No internet service,Two year,No,Electronic check,48.66,1783.1,1
CUST_01599,Female,0,No,Yes,37,Yes,No phone service,No,Yes,No,No internet service,No internet service,No internet service,Yes,Month-to-month,Yes,Credit card (automatic),52.74,1954.54,1
CUST_01600,Female,0,Yes,No,11,Yes,Yes,Fiber optic,Yes,No internet service,No internet service,No internet service,Yes,No internet service,Month-to-month,No,Bank transfer (automatic),20.94,254.52,1
CUST_01601,Male,0,No,No,68,Yes,No,DSL,Yes,No,No,No,No,Yes,Month-to-month,Yes,Credit card (automatic),51.58,3467.54,0
CUST_01602,Female,0,No,No,66,Yes,No,DSL,No,No,No,No,Yes,Yes,Month-to-month,Yes,Credit card (automatic),47.21,3137.73,1
CUST_01603,Female,0,No,No,18,Yes,No phone service,DSL,No,No internet service,No,No internet service,No,No internet service,Two year,Yes,Mailed check,74.46,1343.21,1
CUST_01604,Male,0,No,No,9,No,No phone service,DSL,No,No,No,Yes,No,Yes,Month-to-month,Yes,Credit card (automatic),60.18,479.55,1
CUST_01605,Male,0,No,Yes,12,Yes,No phone service,Fiber optic,Yes,No,No internet service,Yes,No internet service,Yes,Month-to-month,No,Credit card (automatic),118.05,1438.5,1
CUST_01606,Female,1,No,No,45,Yes,No,DSL,Yes,No internet service,No,No internet service,No,No,Two year,Yes,Electronic check,74.61,3348.17,1
CUST_01607,Male,0,No,Yes,3,Yes,Yes,No,No,No,Yes,Yes,Yes,Yes,Month-to-month,Yes,Electronic check,27.27,42.4,1
CUST_01608,Female,0,Yes,Yes,8,Yes,No,DSL,No,No internet service,No,No,Yes,Yes,Month-to-month,Yes,Electronic check,100.95,841.09,1
CUST_01609,Male,0,Yes,No,47,Yes,No,DSL,No internet service,No,No,No,Yes,Yes,Month-to-month,No,Bank transfer (automatic),25.33,1223.34,1
CUST_01610,Male,0,No,No,11,Yes,Yes,No,Yes,No,Yes,No,Yes,Yes,Month-to-month,No,Bank transfer (automatic),103.72,1100.75,1
CUST_01611,Female,0,No,No,5,Yes,No phone service,DSL,Yes,Yes,No,Yes,No internet service,No,Month-to-month,Yes,Electronic check,60.55,313.02,1
CUST_01612,Male,0,Yes,Yes,2,Yes,No,DSL,No,Yes,Yes,No internet service,Yes,No,One year,Yes,Credit card (automatic),26.17,59.45,1
CUST_01613,Female,0,Yes,Yes,51,Yes,Yes,DSL,No,No,No internet service,Yes,No internet service,Yes,Month-to-month,Yes,Bank transfer (automatic),117.74,6002.36,1
CUST_01614,Female,0,No,No,26,Yes,No,Fiber optic,No,Yes,Yes,Yes,Yes,Yes,One year,Yes,Electronic check,69.54,1789.99,1
CUST_01615,Male,0,No,No,21,Yes,No,DSL,Yes,No,Yes,No,No internet service,Yes,Two year,No,Bank transfer (automatic),105.48,2209.89,1
CUST_01616,Male,0,No,No,46,Yes,No,No,Yes,Yes,No internet service,Yes,No internet service,Yes,Month-to-month,No,Credit card (automatic),62.06,2887.61,0
CUST_01617,Female,0,Yes,Yes,13,Yes,No phone service,Fiber optic,No,Yes,Yes,No,No,Yes,Month-to-month,No,Electronic check,66.16,874.4,1
CUST_01618,Female,0,No,Yes,38,Yes,No,No,Yes,No,No,No internet service,Yes,No,Month-to-month,Yes,Electronic check,56.24,2069.64,1
CUST_01619,Male,1,No,No,35,Yes,Yes,Fiber optic,No,No,No,No,No internet service,Yes,Month-to-month,No,Bank transfer (automatic),56.89,1916.13,1
CUST_01620,Female,0,Yes,No,48,Yes,No,Fiber optic,Yes,No,No internet service,No,No internet service,No,Month-to-month,No,Mailed check,99.35,4703.8,1
CUST_01621,Male,0,Yes,Yes,45,Yes,Yes,Fiber optic,No,No internet service,Yes,No,Yes,Yes,Month-to-month,No,Electronic check,23.08,991.06,1
CUST_01622,Male,0,No,Yes,48,Yes,No,Fiber optic,Yes,Yes,Yes,No internet service,No internet service,Yes,Month-to-month,Yes,Credit card (automatic),68.99,3285.09,1
CUST_01623,Female,0,Yes,Yes,16,Yes,No,Fiber optic,No internet service,Yes,Yes,No internet service,No internet service,Yes,Month-to-month,Yes,Electronic check,46.56,729.12,1
CUST_01624,Male,0,No,Yes,10,Yes,Yes,Fiber optic,Yes,No internet service,No internet service,No internet service,Yes,Yes,Month-to-month,No,Electronic check,75.67,754.41,1
CUST_01625,Female,0,No,No,38,Yes,Yes,DSL,Yes,No internet service,No internet service,Yes,Yes,No,One year,Yes,Credit card (automatic),41.52,1576.58,1
CUST_01626,Female,0,No,Yes,5,Yes,No phone service,Fiber optic,No internet service,No,Yes,Yes,Yes,No,Month-to-month,Yes,Bank transfer (automatic),54.88,272.7,1
CUST_01627,Female,0,Yes,No,33,Yes,No,DSL,Yes,No,Yes,Yes,No,No internet service,One year,Yes,Mailed check,73.33,2459.92,1
CUST_01628,Female,0,No,No,45,No,Yes,Fiber optic,Yes,No internet service,Yes,Yes,No internet service,Yes,Month-to-month,Yes,Electronic check,94.18,4179.42,1
CUST_01629,Male,0,Yes,No,59,Yes,No phone service,DSL,Yes,No,Yes,Yes,No internet service,Yes,Month-to-month,No,Electronic check,114.6,6773.09,1
CUST_01630,Male,0,No,No,47,Yes,No,DSL,No,Yes,Yes,No internet service,Yes,No internet service,One year,No,Electronic check,44.31,2094.09,1
CUST_01631,Female,0,Yes,Yes,71,Yes,No phone service,DSL,No,Yes,No internet service,Yes,No,No,Month-to-month,No,Credit card (automatic),68.29,4804.4,1
CUST_01632,Female,0,No,Yes,40,Yes,No phone service,DSL,No internet service,Yes,Yes,Yes,No,Yes,One year,Yes,Electronic check,54.86,2213.08,1
CUST_01633,Male,0,No,No,32,Yes,No phone service,DSL,No,No internet service,No internet service,No internet service,Yes,Yes,Month-to-month,No,Electronic check,80.6,2592.24,1
CUST_01634,Female,0,Yes,No,18,Yes,Yes,DSL,No,No,Yes,No internet service,No,Yes,Month-to-month,Yes,Bank transfer (automatic),56.65,1018.19,1
CUST_01635,Male,0,Yes,Yes,48,Yes,Yes,Fiber optic,Yes,Yes,No internet service,Yes,No,Yes,Month-to-month,Yes,Credit card (automatic),29.7,1340.98,1
CUST_01636,Female,0,No,No,58,Yes,Yes,Fiber optic,No internet service,Yes,No,No,Yes,No,Month-to-month,Yes,Bank transfer (automatic),81.44,4757.25,1
CUST_01637,Male,0,Yes,Yes,23,Yes,Yes,No,No internet service,Yes,Yes,No internet service,Yes,Yes,One year,No,Electronic check,23.56,549.81,0
CUST_01638,Female,1,Yes,Yes,6,Yes,No phone service,No,No internet service,No,No internet service,No internet service,No internet service,No internet service,Month-to-month,No,Electronic check,24.3,159.93,1
CUST_01639,Male,0,Yes,No,1,Yes,No,DSL,Yes,No internet service,Yes,No,Yes,No,Month-to-month,No,Credit card (automatic),108.42,0.0,1
CUST_01640,Male,0,No,No,45,No,Yes,Fiber optic,No,No,No internet service,No,Yes,No internet service,Month-to-month,No,Bank transfer (automatic),107.03,4797.75,1
CUST_01641,Female,0,No,No,48,Yes,Yes,Fiber optic,No,No internet service,No internet service,No,No internet service,Yes,Month-to-month,Yes,Credit card (automatic),76.27,3610.78,1
CUST_01642,Male,1,Yes,No,9,Yes,No,DSL,No internet service,Yes,No internet service,No internet service,No internet service,No,Month-to-month,No,Mailed check,21.8,241.47,1
CUST_01643,Male,0,No,Yes,2,Yes,Yes,Fiber optic,Yes,No,No internet service,Yes,No,No internet service,One year,Yes,Bank transfer (automatic),54.31,69.94,1
CUST_01644,Female,0,Yes,Yes,47,Yes,Yes,Fiber optic,No internet service,No,Yes,No,Yes,Yes,One year,No,Credit card (automatic),54.63,2619.38,1
CUST_01645,Male,1,Yes,No,29,Yes,Yes,Fiber optic,No,Yes,No,No internet service,No,No,Two year,No,Electronic check,92.09,2703.96,1
CUST_01646,Male,0,Yes,No,30,Yes,No phone service,DSL,No internet service,No,No,No,No,Yes,Month-to-month,Yes,Electronic check,101.19,3043.45,1
CUST_01647,Male,1,Yes,No,19,Yes,No,Fiber optic,No,No internet service,No,Yes,Yes,Yes,One year,Yes,Electronic check,55.42,1092.72,1
CUST_01648,Female,0,Yes,Yes,51,Yes,No phone service,DSL,No internet service,Yes,No,No internet service,Yes,No internet service,Two year,Yes,Bank transfer (automatic),62.17,3137.62,0
CUST_01649,Female,0,No,No,53,Yes,Yes,No,No,No,Yes,No,Yes,No,Month-to-month,No,Electronic check,42.47,2224.13,1
CUST_01650,Female,0,Yes,Yes,4,Yes,No phone service,No,Yes,No internet service,No,Yes,No,No internet service,One year,Yes,Electronic check,92.79,403.44,1
CUST_01651,Male,0,No,No,7,Yes,No,DSL,No,No internet service,No,No,No internet service,Yes,Month-to-month,Yes,Bank transfer (automatic),54.92,351.55,1
CUST_01652,Male,1,Yes,No,40,Yes,No,Fiber optic,No internet service,No,Yes,No,No,No internet service,Month-to-month,No,Bank transfer (automatic),90.55,3575.6,1
CUST_01653,Male,0,Yes,No,43,Yes,No phone service,No,Yes,Yes,No internet service,No internet service,Yes,No,Two year,Yes,Electronic check,90.69,3888.42,1
CUST_01654,Female,1,Yes,No,11,Yes,No,Fiber optic,No,No internet service,No internet service,Yes,Yes,Yes,Month-to-month,Yes,Credit card (automatic),35.62,360.95,1
CUST_01655,Male,0,No,No,12,Yes,No,DSL,No internet service,Yes,No,No internet service,No,No internet service,Two year,No,Electronic check,108.55,1367.89,1
CUST_01656,Male,0,No,Yes,49,Yes,Yes,Fiber optic,No internet service,Yes,Yes,No,Yes,Yes,Two year,Yes,Mailed check,102.45,5047.19,1
CUST_01657,Female,1,Yes,No,33,Yes,Yes,Fiber optic,No,Yes,No,No internet service,Yes,Yes,Two year,Yes,Bank transfer (automatic),78.3,2563.74,1
CUST_01658,Female,0,Yes,No,9,Yes,No phone service,DSL,No internet service,No,Yes,No internet service,No internet service,No internet service,One year,No,Bank transfer (automatic),28.63,222.62,1
CUST_01659,Female,1,Yes,No,44,Yes,Yes,Fiber optic,Yes,No,No,No internet service,No internet service,Yes,One year,Yes,Bank transfer (automatic),36.73,1627.97,1
CUST_01660,Male,0,No,No,6,No,No phone service,Fiber optic,No,No internet service,No internet service,No internet service,No internet service,Yes,Month-to-month,Yes,Bank transfer (automatic),29.22,216.88,1
CUST_01661,Female,0,Yes,No,17,Yes,Yes,DSL,No,No,Yes,No,Yes,Yes,Month-to-month,Yes,Bank transfer (automatic),66.36,1138.3,1
CUST_01662,Female,0,No,Yes,51,Yes,Yes,No,No internet service,No internet service,Yes,Yes,No internet service,No internet service,Two year,No,Credit card (automatic),46.55,2340.76,1
CUST_01663,Male,0,Yes,No,16,Yes,No phone service,DSL,Yes,No,Yes,No,No,Yes,Month-to-month,Yes,Credit card (automatic),103.08,1599.0,1
CUST_01664,Female,0,Yes,No,5,Yes,Yes,Fiber optic,Yes,No,No,No,No,Yes,Month-to-month,No,Credit card (automatic),63.6,304.77,1
CUST_01665,Female,0,No,No,69,Yes,No,Fiber optic,No,Yes,No,No,Yes,Yes,Two year,No,Mailed check,65.21,4510.54,1
CUST_01666,Male,0,Yes,No,16,Yes,No,DSL,No,Yes,Yes,No,Yes,Yes,Month-to-month,Yes,Bank transfer (automatic),112.19,1778.57,1
CUST_01667,Female,0,Yes,No,37,Yes,Yes,Fiber optic,No internet service,No,No internet service,Yes,Yes,Yes,Two year,Yes,Electronic check,77.78,2913.13,1
CUST_01668,Female,1,No,Yes,59,Yes,Yes,Fiber optic,No,No,No,No internet service,No internet service,No internet service,Month-to-month,Yes,Bank transfer (automatic),58.73,3483.52,1
CUST_01669,Female,0,Yes,No,71,Yes,Yes,Fiber optic,No internet service,Yes,Yes,Yes,No,No internet service,Month-to-month,No,Electronic check,118.35,8411.16,1
CUST_01670,Female,0,Yes,No,58,Yes,Yes,Fiber optic,No,No,No,No,No internet service,No internet service,One year,Yes,Electronic check,66.24,3859.68,1
CUST_01671,Female,1,Yes,No,25,Yes,No phone service,No,No internet service,No,No,No,No,No,Month-to-month,No,Credit card (automatic),77.97,1900.63,1
CUST_01672,Female,0,Yes,No,61,Yes,No,No,No,No,No,No,Yes,Yes,One year,No,Bank transfer (automatic),58.2,3532.76,1
CUST_01673,Male,0,No,No,1,Yes,Yes,DSL,Yes,Yes,No,No internet service,Yes,Yes,Month-to-month,Yes,Electronic check,86.92,50.51,1
CUST_01674,Female,0,Yes,No,24,Yes,Yes,DSL,No,Yes,Yes,No,Yes,No,Month-to-month,No,Mailed check,97.58,2355.37,1
CUST_01675,Female,0,No,No,15,Yes,No,Fiber optic,No internet service,No,Yes,No internet service,No internet service,Yes,Two year,Yes,Electronic check,82.86,1207.02,1
CUST_01676,Female,0,No,Yes,38,Yes,Yes,No,Yes,No internet service,Yes,No,Yes,No,Month-to-month,No,Credit card (automatic),44.84,1706.79,1
CUST_01677,Male,0,No,Yes,64,Yes,Yes,No,No,No internet service,Yes,Yes,Yes,Yes,Month-to-month,Yes,Electronic check,114.23,7304.96,1
CUST_01678,Male,0,No,No,55,No,No phone service,Fiber optic,Yes,Yes,No,No,No,No,Month-to-month,Yes,Bank transfer (automatic),71.17,3935.35,1
CUST_01679,Female,0,No,Yes,71,Yes,Yes,No,No internet service,Yes,No internet service,Yes,No internet service,Yes,Two year,No,Bank transfer (automatic),102.6,7242.72,0
CUST_01680,Female,0,No,No,10,Yes,No,DSL,Yes,No,No,No internet service,No,Yes,Two year,Yes,Mailed check,20.88,224.61,1
CUST_01681,Female,0,Yes,Yes,54,Yes,Yes,DSL,No,Yes,No internet service,No internet service,Yes,No internet service,Month-to-month,No,Electronic check,71.78,3838.69,1
CUST_01682,Male,0,Yes,No,52,Yes,No phone service,Fiber optic,No,No internet service,No,No,No,Yes,Month-to-month,No,Bank transfer (automatic),113.56,5871.37,1
CUST_01683,Male,0,No,Yes,33,Yes,Yes,DSL,Yes,No,Yes,No internet service,Yes,Yes,Two year,No,Bank transfer (automatic),88.82,2926.07,1
CUST_01684,Female,1,Yes,Yes,7,No,No,Fiber optic,No,No internet service,No internet service,No,No,Yes,Two year,Yes,Electronic check,31.42,261.74,1
CUST_01685,Male,0,No,No,8,Yes,No phone service,Fiber optic,No internet service,Yes,Yes,No,No,Yes,Month-to-month,No,Electronic check,91.0,698.54,1
CUST_01686,Female,0,Yes,Yes,65,Yes,No,Fiber optic,No,No internet service,Yes,No,Yes,No,One year,No,Bank transfer (automatic),21.5,1335.28,1
CUST_01687,Male,0,No,Yes,21,Yes,No,No,No internet service,No internet service,No internet service,No,Yes,No internet service,Month-to-month,Yes,Electronic check,56.87,1161.19,1
CUST_01688,Male,0,Yes,Yes,46,Yes,No,DSL,No internet service,No,No,No internet service,Yes,No internet service,Month-to-month,Yes,Electronic check,43.67,1995.34,0
CUST_01689,Female,0,No,Yes,68,Yes,Yes,Fiber optic,No,No internet service,No internet service,No,Yes,No,One year,No,Mailed check,45.19,3138.34,1
CUST_01690,Male,0,Yes,No,36,Yes,No phone service,Fiber optic,No,No,Yes,No,No,No,One year,Yes,Mailed check,24.15,882.99,1
CUST_01691,Female,1,Yes,Yes,15,Yes,No,DSL,No internet service,Yes,No internet service,No,Yes,Yes,Month-to-month,Yes,Credit card (automatic),81.71,1199.29,1
CUST_01692,Female,0,No,No,35,Yes,Yes,Fiber optic,No,No,Yes,Yes,Yes,No internet service,Two year,No,Credit card (automatic),94.19,3291.71,1
CUST_01693,Female,0,No,No,17,Yes,Yes,Fiber optic,No,No internet service,No,No,No,No,Month-to-month,Yes,Bank transfer (automatic),49.18,891.04,1
CUST_01694,Male,0,No,No,13,Yes,No phone service,DSL,No internet service,No internet service,No internet service,No internet service,No,Yes,Two year,No,Electronic check,78.69,1014.56,1
CUST_01695,Male,0,No,No,58,Yes,No phone service,No,No internet service,No,No,No,No internet service,No internet service,Month-to-month,Yes,Electronic check,69.74,4036.93,1
CUST_01696,Female,0,Yes,Yes,25,Yes,Yes,Fiber optic,No,No,No,No internet service,No internet service,No,Two year,Yes,Electronic check,119.31,2968.56,1
CUST_01697,Male,0,No,No,49,Yes,No,DSL,Yes,Yes,No internet service,Yes,No,Yes,Month-to-month,Yes,Bank transfer (automatic),101.23,4984.63,0
CUST_01698,Male,0,Yes,No,52,Yes,No,DSL,No,Yes,No internet service,No,Yes,No,Month-to-month,Yes,Mailed check,114.6,5940.81,1
CUST_01699,Male,1,No,Yes,40,Yes,No phone service,Fiber optic,No,No,Yes,No,No,Yes,One year,No,Credit card (automatic),102.43,4127.73,1
CUST_01700,Female,1,Yes,No,39,Yes,Yes,No,No,No,Yes,No internet service,No internet service,Yes,Month-to-month,No,Mailed check,85.77,3382.23,1
CUST_01701,Male,0,Yes,No,13,Yes,Yes,DSL,No,Yes,No internet service,Yes,Yes,Yes,Month-to-month,No,Electronic check,27.12,374.03,1
CUST_01702,Male,0,No,No,38,Yes,No phone service,DSL,No,No internet service,No,Yes,No internet service,No,One year,Yes,Mailed check,105.79,4012.17,1
CUST_01703,Female,0,No,No,54,Yes,No phone service,DSL,No,No,No,No internet service,No,Yes,Month-to-month,No,Electronic check,96.1,5140.45,1
CUST_01704,Male,1,Yes,Yes,14,Yes,Yes,Fiber optic,No,No,Yes,No,Yes,Yes,One year,No,Electronic check,48.22,667.24,1
CUST_01705,Female,0,No,No,17,Yes,No phone service,DSL,No,Yes,Yes,No,No internet service,Yes,Month-to-month,Yes,Electronic check,46.94,774.58,1
CUST_01706,Female,0,No,No,50,Yes,No,Fiber optic,No internet service,Yes,No internet service,No internet service,Yes,Yes,Month-to-month,Yes,Electronic check,72.43,3594.23,1
CUST_01707,Female,0,Yes,No,70,Yes,Yes,DSL,Yes,No,No,No,No internet service,No,Month-to-month,Yes,Electronic check,48.3,3372.62,1
CUST_01708,Female,0,No,Yes,28,Yes,No phone service,Fiber optic,No internet service,No internet service,No internet service,No,Yes,Yes,Month-to-month,Yes,Mailed check,117.06,3294.45,1
CUST_01709,Male,0,Yes,Yes,59,Yes,No,Fiber optic,No,Yes,Yes,No internet service,No,Yes,Month-to-month,No,Credit card (automatic),39.36,2300.44,1
CUST_01710,Male,1,Yes,No,13,Yes,No,Fiber optic,No internet service,No internet service,Yes,No,No,Yes,Month-to-month,No,Credit card (automatic),35.34,411.3,1
CUST_01711,Male,0,No,Yes,41,Yes,Yes,DSL,No internet service,No internet service,No,Yes,Yes,Yes,Month-to-month,Yes,Electronic check,24.35,964.79,1
CUST_01712,Male,1,Yes,Yes,68,Yes,Yes,Fiber optic,Yes,No internet service,No internet service,No internet service,No,Yes,Month-to-month,Yes,Mailed check,75.26,5176.84,1
CUST_01713,Female,0,Yes,No,32,Yes,No,Fiber optic,No internet service,No,Yes,No,Yes,No internet service,One year,Yes,Credit card (automatic),94.03,3028.17,1
CUST_01714,Female,0,No,No,36,Yes,No,Fiber optic,No,No,No,No internet service,Yes,Yes,Month-to-month,No,Credit card (automatic),78.63,2797.16,1
CUST_01715,Female,0,Yes,Yes,12,Yes,No,DSL,No,No internet service,No,No,Yes,Yes,Month-to-month,No,Credit card (automatic),40.83,535.08,1
CUST_01716,Female,0,No,No,38,Yes,No,DSL,No internet service,No,Yes,Yes,No internet service,Yes,Month-to-month,Yes,Mailed check,112.34,4260.52,1
CUST_01717,Female,0,No,No,42,Yes,No phone service,Fiber optic,No internet service,Yes,No,No internet service,No internet service,No,Two year,Yes,Credit card (automatic),57.93,2512.79,0
CUST_01718,Male,0,Yes,No,70,Yes,Yes,DSL,No,No,No,Yes,Yes,Yes,Month-to-month,No,Bank transfer (automatic),34.08,2394.77,0
CUST_01719,Male,0,Yes,Yes,15,Yes,Yes,Fiber optic,No internet service,No,Yes,No internet service,No internet service,No,Two year,Yes,Electronic check,39.11,606.44,1
CUST_01720,Female,0,Yes,Yes,27,No,No,DSL,No,No,No,No internet service,No internet service,No,Month-to-month,Yes,Electronic check,63.82,1752.45,1
CUST_01721,Male,0,No,No,46,Yes,No,DSL,Yes,No internet service,Yes,No internet service,Yes,Yes,Two year,Yes,Credit card (automatic),74.44,3476.25,0
CUST_01722,Female,0,Yes,Yes,67,Yes,No,Fiber optic,Yes,No,No,Yes,No internet service,Yes,Month-to-month,No,Credit card (automatic),80.14,5354.01,1
CUST_01723,Female,0,No,No,17,Yes,No phone service,Fiber optic,No,Yes,No internet service,No,Yes,No internet service,Month-to-month,No,Mailed check,27.32,513.42,0
CUST_01724,Female,1,Yes,Yes,50,Yes,No phone service,DSL,No,No internet service,No internet service,Yes,No internet service,Yes,Month-to-month,No,Bank transfer (automatic),106.75,5315.67,1
CUST_01725,Female,0,No,No,63,Yes,No,No,No,Yes,No,No,No,No,Two year,No,Electronic check,53.64,3366.67,0
CUST_01726,Female,0,Yes,No,45,Yes,No phone service,Fiber optic,No,Yes,No,No,No internet service,No,Month-to-month,Yes,Bank transfer (automatic),45.94,2067.61,1
CUST_01727,Female,0,Yes,No,31,Yes,No,No,Yes,No internet service,No,No,Yes,Yes,One year,No,Mailed check,88.76,2783.78,0
CUST_01728,Female,0,Yes,No,17,Yes,No,DSL,No,No internet service,No,No,Yes,No internet service,Month-to-month,No,Electronic check,81.36,1371.56,1
CUST_01729,Male,0,No,No,21,Yes,Yes,No,No,No,Yes,No internet service,No internet service,Yes,Month-to-month,Yes,Mailed check,119.28,2562.66,1
CUST_01730,Male,1,No,No,4,Yes,No,No,Yes,No,No,Yes,No,Yes,One year,No,Mailed check,61.04,290.59,1
CUST_01731,Female,0,Yes,No,11,Yes,No phone service,DSL,No,No,Yes,No,No,No,Month-to-month,Yes,Credit card (automatic),38.32,422.91,1
CUST_01732,Female,0,Yes,No,32,Yes,No,Fiber optic,No internet service,No internet service,No,No,No,No internet service,One year,No,Credit card (automatic),117.28,3719.15,1
CUST_01733,Female,0,Yes,No,10,No,Yes,Fiber optic,No,No internet service,No,Yes,No,Yes,One year,Yes,Electronic check,68.2,717.04,1
CUST_01734,Female,0,Yes,No,1,Yes,No,Fiber optic,No internet service,Yes,No,No,Yes,No,Month-to-month,Yes,Electronic check,86.15,12.8,1
CUST_01735,Female,0,No,No,50,Yes,No,Fiber optic,No internet service,No internet service,No,No,Yes,Yes,Month-to-month,No,Electronic check,24.23,1237.45,1
CUST_01736,Female,0,No,Yes,6,Yes,No,No,Yes,No,No,No,Yes,No,Month-to-month,Yes,Electronic check,53.59,292.71,1
CUST_01737,Female,0,No,No,11,Yes,No phone service,Fiber optic,No,Yes,No,No,Yes,Yes,One year,Yes,Mailed check,118.72,1349.89,1
CUST_01738,Male,0,Yes,No,43,Yes,Yes,No,Yes,Yes,No internet service,No internet service,No internet service,Yes,Month-to-month,Yes,Mailed check,116.44,4958.42,1
CUST_01739,Male,0,Yes,No,66,Yes,Yes,No,No,Yes,No,No internet service,Yes,No internet service,One year,No,Electronic check,118.42,7792.54,1
CUST_01740,Male,0,No,No,52,Yes,No,No,No,No internet service,Yes,Yes,No,No,Month-to-month,No,Credit card (automatic),102.39,5339.62,1
CUST_01741,Male,0,Yes,No,3,Yes,No,Fiber optic,No,No,No internet service,No,Yes,Yes,Two year,No,Bank transfer (automatic),70.05,231.21,1
CUST_01742,Female,1,No,No,12,Yes,No,Fiber optic,No internet service,No,Yes,No internet service,No internet service,No internet service,One year,Yes,Electronic check,77.2,904.49,1
CUST_01743,Male,0,Yes,Yes,53,No,No phone service,No,No,Yes,Yes,Yes,Yes,Yes,Month-to-month,No,Bank transfer (automatic),27.49,1445.35,0
CUST_01744,Male,0,Yes,No,53,Yes,No,Fiber optic,No internet service,No internet service,Yes,No,Yes,No,Two year,No,Electronic check,99.33,5297.83,1
CUST_01745,Male,0,No,Yes,28,Yes,No,DSL,No,No,No,No,No internet service,No,One year,Yes,Bank transfer (automatic),94.91,2692.72,1
CUST_01746,Female,0,Yes,No,68,Yes,Yes,Fiber optic,Yes,No internet service,No,Yes,Yes,No internet service,Month-to-month,Yes,Mailed check,90.83,6164.13,1
CUST_01747,Female,0,No,Yes,64,Yes,Yes,DSL,Yes,No,No,No,No internet service,Yes,Month-to-month,Yes,Electronic check,58.26,3707.39,1
CUST_01748,Male,0,Yes,No,53,Yes,No,No,No,No internet service,No internet service,No internet service,Yes,No,Month-to-month,Yes,Mailed check,46.58,2420.82,1
CUST_01749,Female,1,Yes,Yes,54,Yes,No,Fiber optic,No,No,No,Yes,No internet service,No,Month-to-month,No,Credit card (automatic),100.99,5462.34,1
CUST_01750,Female,0,Yes,No,56,Yes,No,Fiber optic,Yes,No,Yes,Yes,Yes,Yes,Month-to-month,Yes,Bank transfer (automatic),117.45,6605.64,1
CUST_01751,Female,1,Yes,No,11,Yes,Yes,DSL,No,No internet service,No,No internet service,Yes,No internet service,Month-to-month,Yes,Bank transfer (automatic),62.35,691.15,1
CUST_01752,Female,0,Yes,No,50,Yes,No,Fiber optic,Yes,No,No,No internet service,No,Yes,Month-to-month,Yes,Credit card (automatic),25.55,1245.13,1
CUST_01753,Female,0,Yes,Yes,67,Yes,Yes,DSL,No,No internet service,No,No,No,Yes,Month-to-month,Yes,Credit card (automatic),110.07,7437.22,1
CUST_01754,Male,0,No,Yes,16,Yes,No,Fiber optic,No,Yes,No,No,No internet service,No,Month-to-month,Yes,Credit card (automatic),88.94,1349.42,1
CUST_01755,Female,0,No,No,2,Yes,No phone service,Fiber optic,Yes,No,No,Yes,Yes,Yes,Month-to-month,Yes,Electronic check,87.14,205.02,1
CUST_01756,Male,0,Yes,No,26,Yes,No phone service,Fiber optic,Yes,No internet service,No,No internet service,No,No internet service,Month-to-month,Yes,Electronic check,114.43,2982.76,1
CUST_01757,Male,0,Yes,No,20,No,No,DSL,No,No internet service,No,Yes,Yes,Yes,Month-to-month,Yes,Bank transfer (automatic),87.05,1757.4,1
CUST_01758,Female,0,Yes,No,68,Yes,Yes,Fiber optic,No,No,No internet service,No internet service,No internet service,Yes,Month-to-month,Yes,Credit card (automatic),81.75,5531.46,1
CUST_01759,Female,0,No,No,32,Yes,No,Fiber optic,No internet service,No,Yes,No internet service,No internet service,No,Two year,Yes,Mailed check,91.01,2906.99,1
CUST_01760,Female,0,No,No,47,Yes,No phone service,No,Yes,No internet service,Yes,Yes,Yes,No internet service,One year,Yes,Credit card (automatic),68.39,3224.6,0
CUST_01761,Male,0,Yes,No,70,Yes,Yes,No,No,No,No,No,Yes,No,Two year,Yes,Bank transfer (automatic),48.7,3406.0,0
CUST_01762,Male,1,No,No,57,Yes,Yes,Fiber optic,No,No internet service,No internet service,No internet service,No internet service,Yes,Two year,Yes,Electronic check,45.18,2512.48,1
CUST_01763,Male,0,Yes,No,54,Yes,No,DSL,No,Yes,No,No internet service,No internet service,Yes,One year,Yes,Credit card (automatic),92.62,5061.42,0
CUST_01764,Female,0,Yes,No,69,Yes,No,DSL,No,Yes,No,No,No,No internet service,One year,No,Credit card (automatic),44.26,3076.7,1
CUST_01765,Female,0,Yes,Yes,49,Yes,Yes,No,Yes,No internet service,No internet service,Yes,Yes,No internet service,Month-to-month,Yes,Mailed check,113.12,5544.09,1
CUST_01766,Female,0,No,Yes,17,Yes,Yes,No,No internet service,No,No,No,No internet service,No,One year,Yes,Bank transfer (automatic),60.3,1028.57,1
CUST_01767,Female,1,Yes,No,52,Yes,No phone service,DSL,No internet service,No,No,No,Yes,No,Month-to-month,Yes,Electronic check,83.36,4393.65,1
CUST_01768,Male,0,Yes,No,23,Yes,No phone service,Fiber optic,No,No,No,No,No internet service,Yes,One year,No,Bank transfer (automatic),24.28,532.44,1
CUST_01769,Male,0,Yes,No,24,Yes,Yes,Fiber optic,No,No internet service,No,Yes,No internet service,Yes,Month-to-month,Yes,Electronic check,64.89,1523.47,1
CUST_01770,Male,0,No,No,46,Yes,Yes,DSL,Yes,No,No,No internet service,No internet service,Yes,Two year,No,Mailed check,59.96,2787.91,0
CUST_01771,Male,0,Yes,Yes,23,Yes,No phone service,No,Yes,No internet service,No internet service,No,No internet service,Yes,Month-to-month,Yes,Bank transfer (automatic),95.47,2212.0,1
CUST_01772,Male,0,Yes,Yes,2,Yes,No phone service,No,Yes,No,Yes,No,No internet service,Yes,One year,Yes,Electronic check,25.54,15.73,1
CUST_01773,Male,0,Yes,No,71,Yes,No phone service,No,No,No,Yes,Yes,Yes,No,Two year,No,Electronic check,60.24,4315.14,1
CUST_01774,Male,0,No,No,41,Yes,No phone service,DSL,Yes,Yes,No,No,No internet service,No,Two year,Yes,Electronic check,105.81,4348.53,1
CUST_01775,Female,0,Yes,Yes,48,Yes,No,Fiber optic,Yes,No,No,No,Yes,Yes,Month-to-month,Yes,Mailed check,86.85,4137.37,1
CUST_01776,Male,0,No,No,58,Yes,Yes,No,Yes,Yes,No,Yes,Yes,No internet service,Month-to-month,Yes,Electronic check,97.74,5686.08,1
CUST_01777,Male,0,Yes,No,46,Yes,Yes,Fiber optic,Yes,Yes,No internet service,No,Yes,Yes,One year,No,Mailed check,96.33,4443.1,1
CUST_01778,Male,1,Yes,No,44,Yes,No,Fiber optic,No,No,No,Yes,Yes,No,Month-to-month,No,Mailed check,86.19,3789.28,1
CUST_01779,Male,0,No,No,57,Yes,Yes,Fiber optic,No,No,No internet service,Yes,Yes,No internet service,Month-to-month,No,Electronic check,59.13,3383.86,1
CUST_01780,Female,0,No,No,21,No,No,DSL,No,No,Yes,Yes,No,No internet service,One year,Yes,Bank transfer (automatic),59.94,1280.66,1
CUST_01781,Male,0,Yes,No,59,Yes,Yes,Fiber optic,No,No,Yes,No,Yes,No internet service,Two year,Yes,Bank transfer (automatic),25.12,1514.08,1
CUST_01782,Male,0,No,No,52,Yes,No,No,No,No,No,No,Yes,No internet service,Month-to-month,No,Bank transfer (automatic),39.5,2057.76,1
CUST_01783,Male,0,Yes,No,13,Yes,Yes,DSL,No internet service,No,No internet service,No,Yes,Yes,Month-to-month,Yes,Electronic check,75.81,976.06,1
CUST_01784,Female,0,Yes,Yes,11,Yes,Yes,DSL,Yes,No internet service,Yes,No,No,No,One year,Yes,Bank transfer (automatic),109.51,1212.98,1
CUST_01785,Female,1,No,Yes,63,Yes,Yes,Fiber optic,Yes,No internet service,Yes,No,No,No internet service,One year,No,Mailed check,81.22,5158.54,1
CUST_01786,Male,0,No,No,64,Yes,No,Fiber optic,No internet service,No internet service,No,No,No,Yes,Two year,Yes,Bank transfer (automatic),58.7,3778.85,1
CUST_01787,Male,0,Yes,No,71,Yes,Yes,DSL,No,Yes,No,Yes,No internet service,No,One year,No,Electronic check,103.19,7315.05,1
CUST_01788,Male,0,No,No,8,Yes,No,DSL,No,No,No,No,No,Yes,Month-to-month,No,Bank transfer (automatic),64.88,520.99,1
CUST_01789,Male,0,Yes,Yes,64,Yes,No,Fiber optic,Yes,No internet service,No internet service,Yes,Yes,No,One year,No,Credit card (automatic),45.99,3001.66,1
CUST_01790,Female,0,Yes,No,62,Yes,No,DSL,Yes,No internet service,Yes,No,No,Yes,Two year,No,Credit card (automatic),28.01,1762.85,0
CUST_01791,Female,0,No,Yes,55,Yes,No phone service,Fiber optic,Yes,No,No,No,Yes,No,Month-to-month,Yes,Credit card (automatic),102.86,5662.61,1
CUST_01792,Female,1,No,No,36,Yes,No,Fiber optic,No internet service,No,Yes,No internet service,Yes,Yes,Month-to-month,No,Electronic check,81.6,2977.51,1
CUST_01793,Male,0,No,No,37,Yes,Yes,Fiber optic,No,No internet service,Yes,No,No internet service,Yes,One year,No,Mailed check,78.08,2869.95,1
CUST_01794,Male,0,No,No,31,Yes,No phone service,Fiber optic,Yes,No internet service,No,No,Yes,Yes,Month-to-month,No,Electronic check,92.07,2865.68,1
CUST_01795,Male,0,No,No,3,Yes,No,Fiber optic,Yes,No,No,Yes,No internet service,No,Two year,No,Mailed check,80.5,307.15,1
CUST_01796,Male,1,Yes,Yes,36,Yes,No phone service,Fiber optic,Yes,Yes,No,No internet service,Yes,No internet service,Month-to-month,No,Bank transfer (automatic),55.05,2004.67,1
CUST_01797,Female,0,No,No,17,Yes,No,Fiber optic,Yes,No internet service,No,Yes,No,Yes,Month-to-month,No,Bank transfer (automatic),81.76,1446.65,1
CUST_01798,Male,0,No,No,15,Yes,No,Fiber optic,No,No,No internet service,Yes,Yes,Yes,Two year,No,Credit card (automatic),34.0,507.07,0
CUST_01799,Male,1,No,No,4,Yes,No,Fiber optic,No,Yes,Yes,Yes,No internet service,No,Month-to-month,Yes,Credit card (automatic),49.62,181.81,1
CUST_01800,Female,0,Yes,No,33,Yes,Yes,Fiber optic,No internet service,No,No,No internet service,No internet service,No,Month-to-month,No,Electronic check,73.73,2473.7,1
CUST_01801,Male,1,Yes,No,4,Yes,No phone service,Fiber optic,No,No,No,No internet service,Yes,Yes,Month-to-month,No,Credit card (automatic),26.91,43.65,1
CUST_01802,Male,0,Yes,No,61,Yes,Yes,Fiber optic,No internet service,No,Yes,No,Yes,No,Two year,Yes,Credit card (automatic),102.18,6239.29,1
CUST_01803,Male,0,Yes,No,64,Yes,Yes,DSL,No internet service,No internet service,No,Yes,No,No internet service,Two year,Yes,Bank transfer (automatic),24.46,1601.52,0
CUST_01804,Male,0,Yes,No,57,Yes,No,Fiber optic,No internet service,Yes,Yes,No internet service,Yes,Yes,Month-to-month,Yes,Electronic check,57.24,3282.37,1
CUST_01805,Male,0,No,No,22,Yes,No phone service,DSL,No internet service,Yes,Yes,No,Yes,Yes,One year,No,Electronic check,65.44,1366.09,1
CUST_01806,Male,0,No,No,12,Yes,Yes,No,No,No,Yes,Yes,No internet service,Yes,One year,Yes,Mailed check,88.07,1009.73,1
CUST_01807,Male,0,Yes,No,36,Yes,No,Fiber optic,Yes,Yes,Yes,No,No,No internet service,Month-to-month,Yes,Electronic check,35.49,1273.64,1
CUST_01808,Male,0,Yes,Yes,48,Yes,No phone service,DSL,Yes,No,No internet service,No,Yes,No internet service,Month-to-month,Yes,Electronic check,102.14,4919.34,1
CUST_01809,Male,0,No,No,2,Yes,No,Fiber optic,No,No,No internet service,No,No,No,Two year,Yes,Electronic check,62.61,143.21,1
CUST_01810,Female,0,Yes,No,61,Yes,No,DSL,No,No,No,No,Yes,No internet service,Month-to-month,No,Mailed check,45.11,2751.49,1
CUST_01811,Male,0,No,No,32,No,No,No,Yes,No internet service,No,No,No internet service,Yes,Month-to-month,Yes,Bank transfer (automatic),29.83,980.12,1
CUST_01812,Female,0,Yes,Yes,59,Yes,No,No,No internet service,Yes,No internet service,No,Yes,No,Month-to-month,Yes,Electronic check,112.53,6654.56,1
CUST_01813,Female,0,Yes,No,6,Yes,No phone service,No,No internet service,No internet service,No,Yes,Yes,No internet service,Month-to-month,No,Credit card (automatic),60.34,357.54,1
CUST_01814,Male,1,Yes,No,31,No,Yes,Fiber optic,No,No,No,Yes,Yes,No internet service,Month-to-month,Yes,Electronic check,58.13,1820.85,1
CUST_01815,Female,0,No,No,33,Yes,No phone service,No,No,No,No,No internet service,No internet service,No,Month-to-month,Yes,Electronic check,38.02,1232.0,1
CUST_01816,Male,0,Yes,Yes,4,Yes,No,Fiber optic,Yes,No internet service,No internet service,Yes,Yes,Yes,Month-to-month,Yes,Mailed check,70.63,304.81,1
CUST_01817,Male,0,No,Yes,51,Yes,Yes,No,No,Yes,No internet service,No,No,Yes,Two year,No,Mailed check,51.99,2621.85,1
CUST_01818,Male,0,Yes,No,67,Yes,Yes,DSL,Yes,No internet service,Yes,Yes,Yes,Yes,Month-to-month,No,Electronic check,36.59,2468.59,1
CUST_01819,Male,0,Yes,Yes,39,Yes,Yes,No,No,Yes,No,Yes,No internet service,No internet service,Month-to-month,Yes,Bank transfer (automatic),95.29,3732.51,1
CUST_01820,Male,0,No,No,29,Yes,Yes,Fiber optic,No,No internet service,Yes,No,Yes,Yes,Month-to-month,Yes,Electronic check,109.83,3174.61,1
CUST_01821,Male,0,Yes,No,46,Yes,Yes,DSL,Yes,Yes,Yes,Yes,No internet service,No,Month-to-month,Yes,Electronic check,55.23,2562.8,0
CUST_01822,Female,1,Yes,No,26,Yes,Yes,No,No,No,No,No,No internet service,Yes,One year,Yes,Mailed check,48.65,1318.89,1
CUST_01823,Male,0,Yes,Yes,26,Yes,No phone service,Fiber optic,No,Yes,No,No,Yes,No,Month-to-month,Yes,Electronic check,57.34,1455.14,1
CUST_01824,Female,0,No,No,54,Yes,No,No,No,No,Yes,No internet service,Yes,Yes,One year,Yes,Credit card (automatic),112.48,6107.32,1
CUST_01825,Female,1,Yes,No,42,Yes,Yes,DSL,No internet service,Yes,No,No,No internet service,No,Month-to-month,Yes,Mailed check,78.36,3329.15,1
CUST_01826,Female,1,Yes,No,19,Yes,Yes,Fiber optic,Yes,Yes,No,Yes,Yes,Yes,Two year,No,Electronic check,36.59,687.96,1
CUST_01827,Male,0,No,Yes,29,Yes,No,Fiber optic,No internet service,Yes,Yes,No internet service,No internet service,Yes,Two year,No,Bank transfer (automatic),83.25,2442.28,1
CUST_01828,Female,0,No,Yes,60,Yes,No,DSL,Yes,Yes,No internet service,No internet service,No internet service,Yes,Month-to-month,Yes,Bank transfer (automatic),60.13,3598.89,1
CUST_01829,Female,0,No,No,38,Yes,No phone service,Fiber optic,Yes,No,No,Yes,Yes,No internet service,One year,No,Mailed check,21.74,870.09,1
CUST_01830,Female,0,No,No,6,Yes,No,Fiber optic,No internet service,No,No,No,Yes,No,One year,Yes,Credit card (automatic),116.99,606.08,1
CUST_01831,Male,0,No,Yes,61,Yes,No,DSL,No,Yes,Yes,No,Yes,No,Two year,No,Mailed check,31.49,1971.46,0
CUST_01832,Female,0,Yes,No,53,Yes,Yes,Fiber optic,No,No internet service,No internet service,No,No,No internet service,Two year,Yes,Electronic check,61.35,3212.62,1
CUST_01833,Female,0,Yes,Yes,19,Yes,No,DSL,No,No,No internet service,Yes,No,No,One year,No,Bank transfer (automatic),85.76,1632.59,1
CUST_01834,Male,0,No,No,69,Yes,No,No,No,Yes,Yes,Yes,No,No,Month-to-month,Yes,Credit card (automatic),78.6,5394.91,0
CUST_01835,Male,0,No,Yes,68,Yes,No,No,No internet service,No,No,No,No,No,Month-to-month,No,Electronic check,20.42,1440.94,0
CUST_01836,Male,0,No,No,71,Yes,No,Fiber optic,Yes,No,No internet service,Yes,No internet service,Yes,Two year,No,Electronic check,80.79,5728.07,1
CUST_01837,Female,0,No,No,27,Yes,No,Fiber optic,No internet service,No,Yes,No,Yes,Yes,Two year,Yes,Bank transfer (automatic),92.73,2484.74,1
CUST_01838,Male,0,Yes,Yes,66,Yes,No phone service,Fiber optic,No internet service,No internet service,No,No internet service,Yes,No internet service,Month-to-month,Yes,Bank transfer (automatic),104.93,6964.59,1
CUST_01839,Male,0,Yes,No,58,Yes,No,DSL,No internet service,No,No internet service,No,Yes,Yes,Month-to-month,No,Electronic check,38.39,2252.24,1
CUST_01840,Female,1,No,Yes,62,Yes,No,No,No,No internet service,No,No,Yes,Yes,Month-to-month,Yes,Credit card (automatic),23.68,1456.48,1
CUST_01841,Male,1,Yes,No,39,Yes,Yes,DSL,No,No,No internet service,Yes,Yes,No internet service,Month-to-month,Yes,Electronic check,114.44,4428.47,1
CUST_01842,Male,1,No,Yes,20,Yes,No,Fiber optic,No,No internet service,Yes,No,No internet service,Yes,Month-to-month,No,Credit card (automatic),88.04,1721.38,1
CUST_01843,Female,1,No,Yes,17,Yes,No,DSL,No,No,No internet service,No internet service,Yes,No,Month-to-month,Yes,Credit card (automatic),65.5,1158.13,1
CUST_01844,Female,1,Yes,No,69,Yes,No,Fiber optic,No internet service,No,No internet service,No internet service,Yes,No,One year,Yes,Electronic check,92.51,6397.85,1
CUST_01845,Female,0,No,Yes,36,Yes,No,No,No,No,Yes,No,No,Yes,Month-to-month,Yes,Mailed check,35.71,1291.63,0
CUST_01846,Female,0,No,No,66,Yes,No,DSL,No,No internet service,No,No,No,Yes,One year,Yes,Electronic check,115.84,7662.67,1
CUST_01847,Male,0,No,Yes,40,Yes,No,DSL,No internet service,Yes,No,Yes,No,Yes,One year,Yes,Bank transfer (automatic),85.42,3348.6,1
CUST_01848,Female,0,Yes,No,38,Yes,No phone service,DSL,Yes,Yes,No internet service,No internet service,Yes,No internet service,One year,Yes,Mailed check,107.7,4081.24,1
CUST_01849,Female,0,No,No,6,Yes,No phone service,DSL,No internet service,Yes,Yes,No,Yes,No internet service,Month-to-month,No,Bank transfer (automatic),75.67,443.59,1
CUST_01850,Male,0,Yes,No,29,Yes,No phone service,Fiber optic,No internet service,Yes,No,No,Yes,No internet service,Month-to-month,Yes,Mailed check,100.08,2936.67,1
CUST_01851,Male,1,No,Yes,40,Yes,No,Fiber optic,Yes,No internet service,No internet service,No,Yes,Yes,One year,No,Electronic check,52.77,2059.38,1
CUST_01852,Male,0,Yes,Yes,8,Yes,Yes,Fiber optic,Yes,No,No,Yes,Yes,Yes,One year,No,Electronic check,33.31,303.36,1
CUST_01853,Male,1,No,No,12,Yes,Yes,DSL,No,Yes,No,No,No,No,Month-to-month,No,Electronic check,55.38,727.36,1
CUST_01854,Male,0,No,No,42,Yes,No,Fiber optic,Yes,No,No,No internet service,No internet service,No,Month-to-month,Yes,Mailed check,109.69,4546.81,1
CUST_01855,Male,0,No,No,18,Yes,No phone service,Fiber optic,No internet service,Yes,No internet service,Yes,Yes,Yes,Two year,Yes,Credit card (automatic),89.81,1617.16,1
CUST_01856,Female,0,No,Yes,50,Yes,Yes,Fiber optic,Yes,No internet service,Yes,Yes,Yes,Yes,Month-to-month,Yes,Bank transfer (automatic),65.62,3298.48,1
CUST_01857,Male,0,Yes,Yes,33,Yes,No,DSL,Yes,No internet service,No internet service,Yes,No internet service,Yes,Month-to-month,No,Electronic check,43.52,1466.72,1
CUST_01858,Female,0,No,No,29,Yes,No phone service,Fiber optic,Yes,Yes,No,Yes,No,Yes,Two year,No,Credit card (automatic),79.8,2238.44,1
CUST_01859,Female,0,Yes,No,9,Yes,No,DSL,No internet service,No,No internet service,No internet service,No,No,One year,Yes,Electronic check,79.29,725.43,1
CUST_01860,Female,1,No,No,29,Yes,Yes,No,No,No internet service,Yes,No,No internet service,No internet service,Month-to-month,No,Credit card (automatic),73.09,2111.95,1
CUST_01861,Female,0,Yes,Yes,39,No,No,No,No internet service,No,No,No internet service,No,Yes,Two year,Yes,Electronic check,93.78,3647.51,1
CUST_01862,Male,0,No,Yes,41,No,No,No,No internet service,No internet service,No internet service,No internet service,No,No,Month-to-month,Yes,Electronic check,44.28,1887.9,1
CUST_01863,Female,0,Yes,No,20,Yes,No phone service,DSL,No,No,No internet service,No,Yes,Yes,Two year,Yes,Credit card (automatic),71.1,1414.46,1
CUST_01864,Male,0,No,No,2,Yes,Yes,DSL,Yes,Yes,Yes,No,No internet service,Yes,One year,Yes,Mailed check,50.84,117.42,1
CUST_01865,Female,0,No,Yes,67,Yes,No,No,Yes,No,No,No,No,Yes,Month-to-month,No,Credit card (automatic),40.56,2713.31,1
CUST_01866,Male,0,Yes,No,69,Yes,Yes,Fiber optic,No internet service,Yes,Yes,No,Yes,Yes,Two year,No,Bank transfer (automatic),53.28,3684.76,1
CUST_01867,Male,0,Yes,No,65,Yes,No phone service,Fiber optic,Yes,No internet service,Yes,No,No,Yes,One year,Yes,Electronic check,100.29,6538.19,1
CUST_01868,Female,0,No,No,21,Yes,No phone service,Fiber optic,No internet service,No internet service,No,No,Yes,No,Month-to-month,Yes,Electronic check,31.39,690.46,1
CUST_01869,Male,0,No,No,43,Yes,No phone service,DSL,No internet service,Yes,No internet service,No,No,No,One year,No,Mailed check,47.55,2017.46,1
CUST_01870,Female,0,Yes,No,11,Yes,No phone service,Fiber optic,No,No,No,No,Yes,No,One year,No,Mailed check,73.3,811.64,1
CUST_01871,Male,0,Yes,No,65,Yes,Yes,No,No,No internet service,Yes,Yes,No,No,Month-to-month,Yes,Mailed check,60.1,3913.08,1
CUST_01872,Male,0,Yes,No,1,Yes,No,Fiber optic,No internet service,No internet service,Yes,No,Yes,Yes,Month-to-month,Yes,Electronic check,102.77,45.09,1
CUST_01873,Female,0,No,No,34,Yes,No phone service,Fiber optic,No internet service,No,No,No,No,Yes,Month-to-month,No,Electronic check,97.92,3295.9,1
CUST_01874,Female,0,No,Yes,61,Yes,No,No,No,No internet service,Yes,No,No,Yes,Two year,Yes,Mailed check,87.79,5386.37,1
CUST_01875,Male,0,Yes,No,52,Yes,No,Fiber optic,No,Yes,No internet service,No,Yes,Yes,Month-to-month,Yes,Electronic check,48.25,2492.84,1
CUST_01876,Male,0,No,No,62,Yes,No,DSL,No,No internet service,Yes,No internet service,Yes,Yes,Month-to-month,Yes,Mailed check,22.12,1462.86,0
CUST_01877,Male,0,No,No,36,Yes,No,Fiber optic,No,No,Yes,No internet service,No,No internet service,One year,Yes,Electronic check,51.39,1883.75,1
CUST_01878,Female,0,No,No,7,Yes,Yes,DSL,No internet service,Yes,No,No,No,No internet service,Month-to-month,Yes,Credit card (automatic),80.1,576.51,1
CUST_01879,Female,0,Yes,No,1,Yes,No phone service,DSL,No,No,Yes,No,No internet service,No internet service,Month-to-month,Yes,Bank transfer (automatic),30.14,83.0,1
CUST_01880,Male,1,Yes,No,11,Yes,Yes,Fiber optic,No internet service,No,No,Yes,Yes,No,Month-to-month,Yes,Electronic check,102.36,1153.01,1
CUST_01881,Male,0,Yes,No,5,Yes,Yes,DSL,Yes,No,No,Yes,No,No,Month-to-month,Yes,Bank transfer (automatic),118.66,599.75,1
CUST_01882,Male,1,Yes,No,32,Yes,No,DSL,No internet service,No,Yes,Yes,No internet service,No,Two year,No,Mailed check,93.76,2950.82,1
CUST_01883,Male,0,Yes,No,4,Yes,Yes,Fiber optic,No,No,No,No internet service,No,No,Month-to-month,Yes,Mailed check,61.46,269.13,1
CUST_01884,Female,0,Yes,No,14,No,No,DSL,No,No internet service,No,No internet service,Yes,Yes,Month-to-month,Yes,Electronic check,99.72,1444.96,1
CUST_01885,Female,0,Yes,Yes,30,Yes,No,Fiber optic,Yes,No,No,Yes,Yes,No internet service,Month-to-month,No,Electronic check,47.26,1397.05,1
CUST_01886,Male,0,No,No,53,Yes,Yes,DSL,No internet service,Yes,Yes,No internet service,No internet service,No internet service,Two year,No,Credit card (automatic),115.41,6052.82,0
CUST_01887,Female,1,Yes,No,48,No,Yes,Fiber optic,No,No internet service,No,No,Yes,Yes,Month-to-month,No,Electronic check,56.66,2682.25,1
CUST_01888,Male,0,No,Yes,5,Yes,No,No,No,No,No,No internet service,Yes,No,Month-to-month,Yes,Bank transfer (automatic),88.99,506.52,1
CUST_01889,Male,0,Yes,No,65,Yes,No,DSL,No,No,Yes,No,No,No internet service,One year,No,Electronic check,21.89,1425.66,0
CUST_01890,Male,0,No,No,40,Yes,No,Fiber optic,No,No internet service,Yes,No,Yes,No internet service,Month-to-month,No,Mailed check,83.07,3373.89,1
CUST_01891,Male,0,Yes,Yes,25,Yes,Yes,DSL,No,Yes,Yes,No,No,Yes,One year,No,Mailed check,49.6,1240.67,1
CUST_01892,Male,0,No,Yes,28,Yes,No,DSL,Yes,No internet service,Yes,Yes,No internet service,Yes,Month-to-month,Yes,Electronic check,30.21,828.5,0
CUST_01893,Female,1,No,Yes,61,Yes,No,DSL,No,No,Yes,Yes,No internet service,Yes,Two year,Yes,Electronic check,63.35,3939.06,0
CUST_01894,Female,0,Yes,No,34,Yes,No phone service,DSL,No,Yes,No internet service,No,No,Yes,One year,Yes,Mailed check,30.59,1027.05,1
CUST_01895,Male,1,No,No,18,Yes,Yes,DSL,No,No internet service,No,No internet service,No internet service,Yes,Two year,No,Electronic check,38.51,684.46,0
CUST_01896,Female,0,Yes,No,31,Yes,No,Fiber optic,No,No internet service,No,No,No internet service,Yes,Two year,Yes,Credit card (automatic),109.51,3410.93,0
CUST_01897,Female,0,No,Yes,5,Yes,Yes,Fiber optic,No,Yes,Yes,No internet service,No internet service,Yes,One year,Yes,Bank transfer (automatic),26.35,121.6,1
CUST_01898,Female,0,Yes,Yes,11,Yes,No,No,Yes,No internet service,Yes,Yes,No internet service,Yes,Month-to-month,No,Credit card (automatic),82.5,934.74,1
CUST_01899,Female,1,Yes,No,23,Yes,No,No,No internet service,No internet service,No internet service,No internet service,No internet service,No internet service,One year,No,Credit card (automatic),26.03,614.3,1
CUST_01900,Male,0,Yes,Yes,16,No,Yes,Fiber optic,No,No internet service,No,No internet service,Yes,No,One year,No,Electronic check,91.8,1485.79,1
CUST_01901,Female,0,No,No,25,Yes,No,DSL,No,Yes,No internet service,No,Yes,Yes,Month-to-month,No,Credit card (automatic),117.79,2923.17,1
CUST_01902,Female,0,Yes,No,5,Yes,No,DSL,No internet service,Yes,Yes,No,Yes,Yes,Month-to-month,Yes,Credit card (automatic),62.95,256.57,1
CUST_01903,Female,0,No,No,44,Yes,No phone service,Fiber optic,No internet service,No internet service,Yes,Yes,No,No internet service,Month-to-month,No,Mailed check,116.82,5110.95,1
CUST_01904,Male,0,Yes,No,9,Yes,Yes,No,No,No internet service,No,Yes,No internet service,Yes,Two year,Yes,Bank transfer (automatic),84.15,731.31,1
CUST_01905,Male,0,Yes,No,16,Yes,No phone service,DSL,No,Yes,No,Yes,No internet service,No,One year,Yes,Electronic check,79.55,1283.04,1
CUST_01906,Male,0,Yes,No,70,Yes,No phone service,DSL,No internet service,No,Yes,No,No internet service,Yes,One year,Yes,Electronic check,37.12,2569.87,0
CUST_01907,Male,0,No,No,1,Yes,No,Fiber optic,No internet service,Yes,No,No internet service,No internet service,Yes,One year,No,Electronic check,115.24,63.95,1
CUST_01908,Male,0,No,Yes,20,Yes,Yes,No,Yes,No,Yes,Yes,No,No internet service,One year,Yes,Electronic check,106.15,2082.87,1
CUST_01909,Male,1,Yes,Yes,36,Yes,No,Fiber optic,No,No,No internet service,No internet service,Yes,Yes,Two year,Yes,Mailed check,33.18,1208.05,1
CUST_01910,Female,0,No,No,22,Yes,Yes,Fiber optic,No internet service,Yes,No internet service,No internet service,No,Yes,Month-to-month,Yes,Bank transfer (automatic),22.86,526.98,1
CUST_01911,Male,1,Yes,No,23,Yes,No,Fiber optic,No internet service,No,No,No,Yes,Yes,Month-to-month,No,Electronic check,55.91,1268.2,1
CUST_01912,Female,1,Yes,No,10,Yes,No,DSL,Yes,No,No,No internet service,No internet service,No,One year,No,Electronic check,35.94,345.4,1
CUST_01913,Male,0,No,Yes,31,Yes,No,Fiber optic,No,No,No internet service,No internet service,No,No,Two year,Yes,Electronic check,53.62,1683.71,1
CUST_01914,Female,0,Yes,Yes,54,Yes,Yes,Fiber optic,No,No internet service,No,Yes,Yes,No,Two year,Yes,Credit card (automatic),115.85,6261.69,1
CUST_01915,Male,0,Yes,No,42,No,No,Fiber optic,Yes,Yes,No internet service,No internet service,No,No internet service,Two year,No,Credit card (automatic),106.19,4501.49,1
CUST_01916,Female,0,No,No,66,Yes,Yes,Fiber optic,No,Yes,No,No,No,Yes,One year,Yes,Electronic check,64.01,4219.14,1
CUST_01917,Male,0,Yes,No,50,Yes,No phone service,DSL,No,No,No internet service,Yes,No internet service,Yes,Month-to-month,Yes,Credit card (automatic),47.58,2349.9,1
CUST_01918,Male,0,No,No,57,Yes,Yes,DSL,Yes,No,Yes,Yes,No internet service,No internet service,Month-to-month,Yes,Credit card (automatic),77.78,4471.48,0
CUST_01919,Male,0,No,Yes,31,No,No,DSL,No,Yes,No,No,Yes,Yes,Month-to-month,No,Credit card (automatic),113.75,3515.35,1
CUST_01920,Female,0,No,No,44,Yes,No,DSL,No internet service,No internet service,No internet service,No internet service,No internet service,No internet service,One year,No,Credit card (automatic),99.07,4331.47,1
CUST_01921,Male,1,No,No,42,Yes,No phone service,DSL,No internet service,Yes,No internet service,No,Yes,No,Month-to-month,Yes,Mailed check,106.78,4516.01,1
CUST_01922,Female,0,No,No,58,Yes,Yes,Fiber optic,No internet service,Yes,No internet service,No,Yes,Yes,Month-to-month,No,Electronic check,96.11,5625.1,1
CUST_01923,Female,0,Yes,No,36,Yes,No,No,No internet service,No internet service,No,No,No,No internet service,Month-to-month,Yes,Credit card (automatic),70.37,2539.73,1
CUST_01924,Male,1,No,No,29,Yes,No phone service,Fiber optic,No internet service,No internet service,No,No internet service,No internet service,Yes,Two year,No,Credit card (automatic),34.15,955.2,1
CUST_01925,Male,0,Yes,Yes,5,Yes,No,Fiber optic,No,No,Yes,Yes,No internet service,No,Month-to-month,Yes,Electronic check,101.86,563.02,1
CUST_01926,Male,0,No,No,62,Yes,No,No,Yes,Yes,No,No,Yes,Yes,One year,Yes,Mailed check,85.1,5289.39,1
CUST_01927,Male,1,Yes,No,31,Yes,No,No,No internet service,No,Yes,No,No,No,Month-to-month,Yes,Mailed check,97.27,3023.06,1
CUST_01928,Male,0,No,No,57,Yes,No,DSL,No,Yes,No,Yes,No internet service,No,Month-to-month,Yes,Mailed check,93.4,5309.66,1
CUST_01929,Male,0,No,No,49,Yes,No,DSL,No,No,No internet service,No internet service,No internet service,Yes,One year,Yes,Bank transfer (automatic),44.61,2225.43,1
CUST_01930,Female,0,Yes,No,1,Yes,Yes,DSL,No internet service,No,No internet service,No internet service,Yes,No internet service,Month-to-month,No,Electronic check,48.57,9.77,1
CUST_01931,Male,1,No,Yes,47,Yes,No,No,No,No,No,No,Yes,Yes,One year,No,Mailed check,105.64,4922.95,1
CUST_01932,Male,0,Yes,No,35,Yes,Yes,DSL,No internet service,No,Yes,No,No,Yes,One year,Yes,Electronic check,60.73,2191.86,1
CUST_01933,Female,0,Yes,No,18,Yes,No phone service,DSL,No,No internet service,No,No internet service,No internet service,Yes,Month-to-month,No,Electronic check,37.77,649.68,1
CUST_01934,Female,0,No,Yes,19,Yes,No phone service,Fiber optic,Yes,Yes,Yes,Yes,Yes,No,Two year,No,Mailed check,84.27,1634.72,1
CUST_01935,Male,0,Yes,No,46,Yes,No,Fiber optic,No internet service,Yes,Yes,Yes,No,Yes,One year,No,Electronic check,49.83,2340.43,1
CUST_01936,Male,0,Yes,No,7,Yes,Yes,Fiber optic,No internet service,No internet service,No internet service,No,No internet service,No,Month-to-month,Yes,Mailed check,84.27,597.25,1
CUST_01937,Male,0,Yes,No,44,Yes,No,Fiber optic,No,Yes,No,No,Yes,No,Month-to-month,Yes,Electronic check,79.01,3445.6,1
CUST_01938,Female,1,Yes,No,61,No,Yes,Fiber optic,No,Yes,Yes,No,No,No internet service,Month-to-month,No,Mailed check,86.31,5286.95,1
CUST_01939,Female,0,No,No,7,Yes,No,No,Yes,Yes,No,No,No internet service,No internet service,Month-to-month,Yes,Electronic check,119.34,884.09,1
CUST_01940,Male,0,No,No,1,Yes,Yes,DSL,Yes,No,Yes,No,Yes,No internet service,Month-to-month,Yes,Electronic check,47.73,59.72,1
CUST_01941,Male,0,No,No,5,Yes,No,No,Yes,No,No,Yes,Yes,Yes,One year,Yes,Bank transfer (automatic),117.56,561.67,1
CUST_01942,Male,0,Yes,No,52,Yes,Yes,Fiber optic,Yes,No,Yes,Yes,Yes,No,Two year,Yes,Bank transfer (automatic),96.35,5020.91,1
CUST_01943,Female,0,No,Yes,61,Yes,No,DSL,No,No,Yes,Yes,No,Yes,Month-to-month,Yes,Mailed check,105.54,6389.48,1
CUST_01944,Male,0,No,No,71,Yes,No,No,No,No,No,No,Yes,Yes,One year,Yes,Bank transfer (automatic),100.25,7083.67,1
CUST_01945,Male,0,No,No,3,Yes,Yes,No,Yes,Yes,No,No internet service,Yes,Yes,One year,Yes,Electronic check,22.3,57.85,1
CUST_01946,Male,0,Yes,No,35,Yes,No,No,No,No internet service,No,No internet service,Yes,Yes,One year,Yes,Electronic check,70.37,2465.1,1
CUST_01947,Male,0,Yes,No,4,Yes,Yes,No,Yes,No internet service,No internet service,No,No,No,Two year,Yes,Electronic check,30.58,80.25,1
CUST_01948,Female,0,No,Yes,27,Yes,Yes,Fiber optic,Yes,No,No internet service,No,No internet service,Yes,Month-to-month,Yes,Bank transfer (automatic),87.35,2367.19,1
CUST_01949,Male,0,No,No,22,Yes,Yes,DSL,No internet service,No,No internet service,No,No,No,One year,Yes,Bank transfer (automatic),25.96,589.38,0
CUST_01950,Male,1,Yes,Yes,44,Yes,Yes,DSL,No internet service,No internet service,No internet service,No,No internet service,No internet service,Month-to-month,Yes,Bank transfer (automatic),23.32,1018.56,0
CUST_01951,Female,0,No,Yes,65,Yes,Yes,No,No internet service,Yes,No internet service,No internet service,No internet service,Yes,Month-to-month,Yes,Credit card (automatic),110.67,7118.01,1
CUST_01952,Female,1,Yes,No,58,Yes,No phone service,No,Yes,No,No internet service,Yes,No,Yes,Month-to-month,No,Electronic check,111.71,6482.84,1
CUST_01953,Male,1,Yes,Yes,5,Yes,No,No,No,No internet service,Yes,No internet service,No,Yes,Month-to-month,Yes,Credit card (automatic),82.38,475.42,1
CUST_01954,Male,0,No,No,18,No,Yes,No,Yes,Yes,Yes,Yes,Yes,Yes,Month-to-month,Yes,Bank transfer (automatic),65.99,1203.84,1
CUST_01955,Female,1,No,Yes,20,Yes,Yes,Fiber optic,No,Yes,No,No,Yes,No internet service,Month-to-month,Yes,Mailed check,102.85,2057.55,1
CUST_01956,Male,0,Yes,No,18,Yes,No,DSL,No internet service,No,No internet service,No,Yes,Yes,Month-to-month,No,Mailed check,116.42,2082.52,1
CUST_01957,Female,0,No,No,26,Yes,No,DSL,No,No,No internet service,No internet service,No,Yes,Month-to-month,Yes,Mailed check,25.43,681.38,1
CUST_01958,Female,0,No,No,44,Yes,No,Fiber optic,No internet service,No,No,No,No internet service,Yes,Month-to-month,No,Electronic check,30.35,1342.7,1
CUST_01959,Female,0,Yes,No,53,Yes,Yes,Fiber optic,No,Yes,No internet service,No internet service,Yes,Yes,Month-to-month,Yes,Electronic check,110.51,5881.79,1
CUST_01960,Male,0,No,No,67,Yes,No,DSL,No,No,No,No internet service,Yes,No,One year,Yes,Electronic check,29.94,1967.61,1
CUST_01961,Female,0,No,No,50,Yes,Yes,No,Yes,Yes,No,No,No internet service,No internet service,One year,Yes,Electronic check,91.42,4575.25,1
CUST_01962,Female,0,No,No,22,Yes,Yes,Fiber optic,No internet service,No internet service,Yes,No,No internet service,No,Two year,Yes,Electronic check,75.35,1641.56,1
CUST_01963,Male,0,No,No,14,Yes,Yes,DSL,No,Yes,No,No,No internet service,Yes,Two year,No,Electronic check,72.16,1023.25,1
CUST_01964,Female,0,No,No,27,Yes,No,No,Yes,Yes,Yes,No,Yes,No,Two year,No,Credit card (automatic),29.76,735.42,0
CUST_01965,Female,0,Yes,Yes,57,Yes,Yes,Fiber optic,Yes,No,Yes,No,No,No internet service,One year,Yes,Electronic check,92.87,5279.84,1
CUST_01966,Female,0,Yes,Yes,71,Yes,Yes,Fiber optic,No internet service,Yes,No,No,Yes,Yes,Month-to-month,Yes,Credit card (automatic),80.2,5713.19,1
CUST_01967,Male,0,No,No,28,Yes,No,Fiber optic,Yes,No,Yes,No,No,No,Month-to-month,No,Mailed check,112.88,3185.27,1
CUST_01968,Male,0,No,No,13,Yes,No,Fiber optic,No internet service,Yes,No internet service,Yes,No,No,Two year,Yes,Electronic check,68.1,884.23,1
CUST_01969,Female,0,Yes,No,1,Yes,No,DSL,No,No,No,Yes,No internet service,No,Two year,Yes,Electronic check,111.24,35.63,1
CUST_01970,Male,0,Yes,No,6,Yes,No phone service,Fiber optic,No,Yes,No,No,Yes,Yes,Month-to-month,Yes,Electronic check,38.39,252.79,1
CUST_01971,Female,0,No,Yes,46,Yes,No,Fiber optic,No,No,Yes,No internet service,No internet service,No,Month-to-month,Yes,Electronic check,40.39,1913.38,1
CUST_01972,Female,0,Yes,No,42,Yes,No,No,No internet service,Yes,No internet service,No internet service,Yes,No internet service,Month-to-month,No,Electronic check,114.9,4796.44,1
CUST_01973,Female,0,Yes,No,46,No,No,No,No,No,No,No internet service,Yes,No,Month-to-month,Yes,Credit card (automatic),29.94,1362.33,1
CUST_01974,Male,0,No,No,2,Yes,No,DSL,Yes,Yes,No,No,No internet service,Yes,Month-to-month,No,Electronic check,43.65,115.53,1
CUST_01975,Female,0,No,Yes,32,Yes,No,No,Yes,No internet service,No,Yes,Yes,Yes,Month-to-month,No,Mailed check,34.14,1121.64,1
CUST_01976,Male,0,No,Yes,13,Yes,Yes,DSL,No internet service,No,No,No,No,No,Month-to-month,Yes,Mailed check,90.97,1221.01,1
CUST_01977,Female,0,No,No,24,Yes,Yes,DSL,No,Yes,No,No internet service,Yes,No,One year,Yes,Bank transfer (automatic),98.02,2387.99,1
CUST_01978,Male,0,Yes,Yes,45,Yes,No phone service,Fiber optic,No,Yes,No,No,Yes,No internet service,One year,Yes,Credit card (automatic),110.15,4903.12,1
CUST_01979,Male,0,No,No,20,Yes,No,No,Yes,Yes,No internet service,No,Yes,Yes,Two year,Yes,Mailed check,34.68,676.82,1
CUST_01980,Female,0,Yes,No,47,Yes,Yes,No,No,Yes,No,No,No internet service,Yes,Month-to-month,Yes,Electronic check,52.17,2473.92,1
CUST_01981,Female,0,Yes,Yes,21,Yes,Yes,No,No internet service,No,No internet service,Yes,Yes,No internet service,Month-to-month,Yes,Credit card (automatic),51.72,1083.1,1
CUST_01982,Female,0,No,Yes,37,Yes,Yes,DSL,Yes,No,No,Yes,No internet service,No,One year,No,Credit card (automatic),117.35,4354.76,1
CUST_01983,Male,0,No,No,33,Yes,No phone service,DSL,No internet service,No internet service,Yes,Yes,No internet service,No,One year,Yes,Bank transfer (automatic),78.29,2579.01,1
CUST_01984,Female,0,No,No,28,Yes,No,DSL,No internet service,No internet service,No,No,No internet service,No,Two year,Yes,Bank transfer (automatic),53.75,1489.75,1
CUST_01985,Female,0,Yes,No,9,Yes,Yes,Fiber optic,No,Yes,No,No internet service,No internet service,Yes,Month-to-month,Yes,Electronic check,49.87,440.36,1
CUST_01986,Female,0,No,Yes,41,Yes,Yes,Fiber optic,No internet service,Yes,No,Yes,No,Yes,Month-to-month,No,Mailed check,51.9,2088.64,1
CUST_01987,Female,1,No,No,71,Yes,No,DSL,No,Yes,No internet service,Yes,Yes,Yes,Month-to-month,Yes,Electronic check,91.22,6451.3,1
CUST_01988,Male,0,No,No,46,Yes,No phone service,Fiber optic,No,Yes,No,No internet service,No internet service,Yes,Month-to-month,No,Bank transfer (automatic),74.93,3444.44,0
CUST_01989,Male,0,No,No,53,Yes,No,Fiber optic,Yes,No,No internet service,No internet service,Yes,No,Month-to-month,No,Credit card (automatic),82.36,4363.37,1
CUST_01990,Female,0,Yes,No,58,Yes,No,Fiber optic,No internet service,Yes,Yes,No,Yes,Yes,Month-to-month,No,Electronic check,67.05,3908.76,1
CUST_01991,Female,1,No,Yes,3,Yes,Yes,Fiber optic,No,Yes,No,No,No,No internet service,Month-to-month,No,Mailed check,22.63,57.91,1
CUST_01992,Male,0,No,No,57,Yes,Yes,DSL,No internet service,Yes,Yes,No,Yes,Yes,Month-to-month,No,Bank transfer (automatic),88.71,5115.12,1
CUST_01993,Male,1,No,No,18,Yes,No phone service,Fiber optic,Yes,No,No,No,No,No,One year,Yes,Electronic check,92.41,1706.43,1
CUST_01994,Female,0,No,No,48,Yes,No phone service,Fiber optic,No,Yes,No,No internet service,No internet service,No,Month-to-month,No,Bank transfer (automatic),38.02,1807.38,1
CUST_01995,Female,0,No,No,70,Yes,No,DSL,No internet service,No internet service,No,Yes,No,Yes,Two year,Yes,Bank transfer (automatic),84.94,5952.72,0
CUST_01996,Male,0,Yes,Yes,64,Yes,Yes,DSL,No,No,No,No internet service,Yes,No,One year,Yes,Electronic check,107.75,6938.45,1
CUST_01997,Female,0,Yes,Yes,30,Yes,No phone service,No,Yes,No,Yes,No,Yes,No internet service,Month-to-month,No,Electronic check,80.28,2385.98,1
CUST_01998,Female,0,No,Yes,60,Yes,No,Fiber optic,No internet service,No,Yes,No,Yes,No internet service,Month-to-month,Yes,Electronic check,86.85,5184.83,1
CUST_01999,Male,1,No,No,44,Yes,Yes,DSL,Yes,No,No,Yes,Yes,Yes,Month-to-month,Yes,Electronic check,90.07,4008.56,1
CUST_02000,Male,0,No,Yes,10,Yes,No phone service,Fiber optic,No internet service,No,Yes,No internet service,No,No,Month-to-month,Yes,Mailed check,52.43,548.5,1
CUST_02001,Female,1,Yes,No,18,Yes,No,Fiber optic,No internet service,No,No,No,No internet service,Yes,One year,Yes,Bank transfer (automatic),35.43,675.32,1
CUST_02002,Male,0,Yes,Yes,68,Yes,No phone service,DSL,Yes,No,No,No,No,Yes,Two year,No,Electronic check,67.27,4585.4,1
CUST_02003,Male,0,No,No,65,Yes,Yes,DSL,No,No,No internet service,No,No,Yes,Month-to-month,No,Bank transfer (automatic),43.18,2797.78,1
CUST_02004,Male,0,No,No,64,No,No phone service,No,No internet service,Yes,No internet service,No,Yes,No internet service,Month-to-month,Yes,Electronic check,88.7,5629.83,1
CUST_02005,Female,0,Yes,No,28,Yes,Yes,Fiber optic,No internet service,No,No,Yes,Yes,No,Two year,Yes,Credit card (automatic),91.49,2566.51,1
CUST_02006,Male,0,No,Yes,23,Yes,Yes,DSL,No,No,No internet service,Yes,No,Yes,Month-to-month,Yes,Electronic check,20.82,521.98,1
CUST_02007,Male,0,Yes,No,58,Yes,Yes,Fiber optic,No,No,No internet service,Yes,Yes,No internet service,Month-to-month,No,Bank transfer (automatic),115.42,6737.89,1
CUST_02008,Male,0,Yes,Yes,2,Yes,No,Fiber optic,No,No internet service,Yes,No,Yes,No,Month-to-month,Yes,Electronic check,112.5,262.48,1
CUST_02009,Female,0,Yes,No,64,Yes,Yes,Fiber optic,Yes,No,No internet service,No,No,Yes,Month-to-month,No,Credit card (automatic),33.19,2151.71,1
CUST_02010,Female,0,Yes,No,43,Yes,No phone service,DSL,No,No internet service,No,No,Yes,No internet service,Month-to-month,Yes,Mailed check,67.78,2991.93,1
CUST_02011,Male,0,Yes,No,45,No,No phone service,DSL,No,No,No,No,Yes,No,Two year,Yes,Credit card (automatic),40.9,1786.19,0
CUST_02012,Male,0,No,Yes,32,Yes,No phone service,DSL,No,No,No,Yes,No,Yes,One year,Yes,Electronic check,116.39,3732.56,1
CUST_02013,Male,0,No,No,70,Yes,Yes,No,No,No,No internet service,No,Yes,Yes,Month-to-month,Yes,Credit card (automatic),76.6,5329.21,1
CUST_02014,Female,0,No,No,54,Yes,Yes,Fiber optic,No internet service,Yes,No internet service,No,No,Yes,Two year,No,Electronic check,90.02,4915.42,1
CUST_02015,Female,0,Yes,No,4,Yes,Yes,No,Yes,Yes,No internet service,No,Yes,Yes,Month-to-month,Yes,Electronic check,117.79,451.82,1
CUST_02016,Male,0,Yes,No,38,Yes,Yes,DSL,Yes,No,No,No,No internet service,No internet service,Month-to-month,No,Bank transfer (automatic),87.3,3352.7,1
CUST_02017,Male,0,Yes,No,62,No,Yes,Fiber optic,Yes,Yes,No internet service,No internet service,Yes,Yes,Two year,Yes,Electronic check,107.08,6623.23,1
CUST_02018,Female,0,No,Yes,6,Yes,No,Fiber optic,Yes,Yes,No,No internet service,Yes,Yes,One year,No,Bank transfer (automatic),44.06,279.07,1
CUST_02019,Female,1,Yes,No,53,Yes,No,Fiber optic,No internet service,No internet service,No internet service,No internet service,Yes,No internet service,One year,Yes,Electronic check,42.94,2272.02,1
CUST_02020,Male,0,No,No,18,Yes,Yes,DSL,No,No,No internet service,No,No internet service,No internet service,Month-to-month,Yes,Bank transfer (automatic),64.12,1153.68,1
CUST_02021,Male,1,No,No,36,Yes,No,Fiber optic,Yes,Yes,Yes,No,No,No internet service,Month-to-month,Yes,Mailed check,108.15,3905.08,1
CUST_02022,Female,0,No,Yes,63,Yes,No,DSL,No internet service,Yes,No,No internet service,No internet service,No internet service,Two year,Yes,Mailed check,23.91,1538.51,0
CUST_02023,Female,0,Yes,No,35,Yes,No,DSL,Yes,No internet service,No internet service,No internet service,No internet service,No internet service,Month-to-month,Yes,Bank transfer (automatic),64.14,2241.07,1
CUST_02024,Female,0,No,No,3,Yes,No phone service,Fiber optic,No,No internet service,No internet service,No internet service,Yes,No internet service,Two year,Yes,Bank transfer (automatic),102.49,338.67,1
CUST_02025,Male,0,Yes,Yes,2,Yes,No phone service,DSL,No internet service,No,No internet service,No internet service,No,Yes,One year,Yes,Bank transfer (automatic),37.75,111.82,1
CUST_02026,Male,0,Yes,No,53,Yes,Yes,DSL,No internet service,Yes,No,No internet service,No,Yes,Month-to-month,No,Bank transfer (automatic),81.57,4308.61,1
CUST_02027,Female,0,No,No,67,Yes,No phone service,No,Yes,No,Yes,No,No internet service,Yes,Two year,No,Mailed check,27.0,1874.98,0
CUST_02028,Female,0,No,No,21,Yes,No phone service,DSL,No,Yes,No,Yes,Yes,Yes,Two year,No,Credit card (automatic),21.04,467.92,1
CUST_02029,Female,0,No,No,67,Yes,No,Fiber optic,No,No internet service,No,No,No internet service,Yes,Two year,No,Electronic check,51.89,3461.53,1
CUST_02030,Male,0,Yes,No,33,Yes,No,No,No,No,No internet service,No,No,Yes,Month-to-month,No,Electronic check,100.56,3339.97,1
CUST_02031,Female,0,No,No,5,Yes,No,Fiber optic,Yes,No internet service,No,No internet service,No internet service,Yes,One year,Yes,Bank transfer (automatic),24.13,156.99,1
CUST_02032,Male,0,No,No,38,Yes,No,DSL,No internet service,No,No,No,Yes,No,Month-to-month,No,Mailed check,56.48,2166.88,1
CUST_02033,Male,0,Yes,No,70,Yes,Yes,Fiber optic,No,No internet service,No,No,Yes,Yes,Month-to-month,Yes,Credit card (automatic),92.86,6507.27,1
CUST_02034,Female,0,No,No,18,Yes,No,Fiber optic,No,No,No internet service,No internet service,Yes,Yes,Two year,Yes,Credit card (automatic),56.91,903.58,1
CUST_02035,Female,0,Yes,Yes,69,Yes,No phone service,DSL,No internet service,No,No,No,No internet service,No,Two year,Yes,Credit card (automatic),67.88,4649.86,0
CUST_02036,Female,0,No,Yes,47,Yes,Yes,Fiber optic,No internet service,No,Yes,Yes,Yes,Yes,Month-to-month,Yes,Mailed check,70.03,3315.16,1
CUST_02037,Female,0,No,No,29,Yes,No,No,No internet service,No,No,No,No,Yes,One year,Yes,Bank transfer (automatic),110.8,3178.65,1
CUST_02038,Male,0,No,No,50,Yes,No phone service,DSL,Yes,No internet service,No,No,Yes,Yes,Two year,Yes,Electronic check,107.59,5397.49,1
CUST_02039,Female,0,No,No,29,Yes,No phone service,DSL,Yes,No,No,Yes,Yes,No,One year,No,Electronic check,26.36,795.41,1
CUST_02040,Male,0,Yes,Yes,7,Yes,Yes,Fiber optic,No,No internet service,No,No,Yes,No internet service,Month-to-month,No,Bank transfer (automatic),89.22,620.6,1
CUST_02041,Male,0,No,No,62,Yes,Yes,Fiber optic,Yes,No,Yes,No internet service,No internet service,Yes,Month-to-month,Yes,Bank transfer (automatic),74.29,4544.22,1
CUST_02042,Female,0,No,No,27,Yes,No phone service,Fiber optic,No,No,No,No,Yes,No internet service,Month-to-month,Yes,Electronic check,55.45,1471.36,1
CUST_02043,Female,0,Yes,No,41,Yes,Yes,DSL,No,Yes,No,No,No internet service,No internet service,Two year,Yes,Credit card (automatic),69.25,2863.22,1
CUST_02044,Female,0,Yes,Yes,53,Yes,No phone service,DSL,No,Yes,No,No,No internet service,No internet service,Month-to-month,Yes,Credit card (automatic),107.98,5766.93,1
CUST_02045,Male,0,No,No,6,Yes,No,Fiber optic,Yes,No internet service,No,No,No internet service,No internet service,Month-to-month,Yes,Electronic check,97.31,511.0,1
CUST_02046,Female,1,No,No,52,Yes,Yes,No,No internet service,Yes,No,No,No,No,One year,Yes,Electronic check,76.81,3996.95,1
CUST_02047,Male,0,Yes,No,26,Yes,Yes,DSL,No,No,Yes,No,No,Yes,One year,No,Credit card (automatic),37.56,925.2,1
CUST_02048,Female,0,No,Yes,39,Yes,No,No,No,Yes,Yes,No,No,Yes,Two year,Yes,Electronic check,81.87,3196.1,1
CUST_02049,Female,0,No,Yes,33,Yes,No,Fiber optic,No,No,No internet service,No internet service,Yes,Yes,Two year,Yes,Electronic check,69.8,2297.9,0
CUST_02050,Female,0,Yes,No,56,Yes,No,DSL,Yes,No internet service,No internet service,No,No,Yes,One year,Yes,Mailed check,64.69,3705.25,1
CUST_02051,Male,1,Yes,No,14,Yes,No,Fiber optic,No,No internet service,Yes,No,No internet service,No internet service,Two year,Yes,Credit card (automatic),114.38,1582.46,1
CUST_02052,Male,0,No,No,8,Yes,No,DSL,Yes,Yes,Yes,No internet service,Yes,Yes,One year,Yes,Bank transfer (automatic),119.26,990.79,1
CUST_02053,Male,0,No,Yes,30,Yes,No,Fiber optic,No,No,No internet service,Yes,Yes,No,One year,Yes,Bank transfer (automatic),115.14,3489.51,1
CUST_02054,Female,1,No,No,9,Yes,No phone service,DSL,Yes,Yes,Yes,No internet service,No,No internet service,Month-to-month,No,Credit card (automatic),93.89,838.19,1
CUST_02055,Female,0,Yes,No,18,Yes,Yes,Fiber optic,Yes,No internet service,No internet service,No,No internet service,Yes,Month-to-month,Yes,Bank transfer (automatic),79.89,1442.18,1
CUST_02056,Male,0,No,Yes,47,Yes,Yes,DSL,Yes,Yes,No internet service,Yes,Yes,Yes,Month-to-month,Yes,Bank transfer (automatic),51.94,2441.2,1
CUST_02057,Female,0,No,No,59,Yes,No,No,Yes,No internet service,Yes,Yes,No internet service,Yes,Two year,Yes,Electronic check,114.72,6742.45,0
CUST_02058,Female,0,No,No,50,Yes,No phone service,No,No internet service,No internet service,Yes,Yes,Yes,Yes,Month-to-month,No,Mailed check,65.56,3248.94,0
CUST_02059,Male,0,Yes,No,23,Yes,No,Fiber optic,No internet service,No,No internet service,No internet service,Yes,No,Month-to-month,Yes,Mailed check,40.16,909.34,1
CUST_02060,Male,0,No,No,58,Yes,No,Fiber optic,Yes,No internet service,Yes,No,No internet service,Yes,Two year,No,Electronic check,31.07,1762.22,1
CUST_02061,Female,1,Yes,No,29,Yes,Yes,No,Yes,No,No,No internet service,Yes,No,One year,No,Electronic check,103.58,2986.31,1
CUST_02062,Female,1,Yes,Yes,13,Yes,No phone service,DSL,No internet service,Yes,Yes,No internet service,No,Yes,One year,No,Electronic check,52.82,679.82,0
CUST_02063,Male,0,No,Yes,54,Yes,No phone service,No,Yes,No,No,No,No internet service,No,One year,No,Electronic check,96.62,5223.14,1
CUST_02064,Female,0,No,Yes,37,Yes,Yes,Fiber optic,No,Yes,No internet service,No internet service,Yes,Yes,Month-to-month,Yes,Mailed check,82.74,3076.91,1
CUST_02065,Female,0,No,Yes,27,Yes,Yes,No,Yes,No,No,No internet service,Yes,Yes,Month-to-month,Yes,Electronic check,48.35,1298.58,1
CUST_02066,Female,0,No,No,47,Yes,Yes,DSL,No,No,Yes,No,No internet service,Yes,One year,No,Electronic check,105.07,4911.37,1
CUST_02067,Female,0,Yes,No,52,Yes,Yes,DSL,No internet service,No internet service,No,No internet service,No,No internet service,Two year,No,Bank transfer (automatic),104.49,5448.37,0
CUST_02068,Female,0,Yes,No,16,No,No,DSL,Yes,No internet service,No,No internet service,No internet service,No,Month-to-month,No,Credit card (automatic),37.18,622.56,1
CUST_02069,Male,0,Yes,Yes,9,Yes,No,DSL,No internet service,Yes,Yes,No,No internet service,Yes,Month-to-month,No,Bank transfer (automatic),32.17,272.52,1
CUST_02070,Male,0,Yes,No,37,Yes,No phone service,DSL,No internet service,Yes,No internet service,Yes,No,No,Month-to-month,No,Electronic check,80.05,2927.46,0
CUST_02071,Male,0,No,Yes,4,Yes,No phone service,No,No internet service,No,No,No,Yes,Yes,Month-to-month,No,Bank transfer (automatic),43.34,157.74,1
CUST_02072,Female,0,No,No,46,Yes,No,DSL,No internet service,Yes,Yes,No internet service,No,No internet service,Month-to-month,Yes,Bank transfer (automatic),53.22,2441.77,1
CUST_02073,Male,0,No,Yes,32,Yes,No,DSL,No internet service,No,No internet service,No,Yes,No internet service,Month-to-month,Yes,Electronic check,113.67,3677.52,1
CUST_02074,Male,0,Yes,No,16,Yes,No,DSL,No,No,No,No internet service,Yes,Yes,Month-to-month,Yes,Electronic check,37.56,625.24,1
CUST_02075,Female,0,Yes,No,43,Yes,Yes,Fiber optic,No internet service,No,Yes,No internet service,No internet service,No,Month-to-month,No,Mailed check,67.05,2883.04,1
CUST_02076,Male,1,Yes,Yes,27,No,No,Fiber optic,Yes,No,Yes,Yes,No internet service,Yes,One year,No,Mailed check,49.49,1402.75,1
CUST_02077,Male,0,No,No,28,Yes,Yes,DSL,No,No internet service,No,No internet service,No internet service,No,Month-to-month,No,Electronic check,54.79,1532.9,1
CUST_02078,Male,1,Yes,No,16,No,No,Fiber optic,No,No,No,No,No internet service,Yes,Month-to-month,Yes,Electronic check,57.01,961.64,1
CUST_02079,Male,0,No,No,49,Yes,No,No,Yes,No internet service,Yes,No,Yes,No,Month-to-month,No,Mailed check,46.0,2296.74,1
CUST_02080,Male,0,No,No,65,Yes,No,DSL,Yes,No internet service,No internet service,No,No,No internet service,One year,Yes,Mailed check,96.35,6303.02,1
CUST_02081,Female,1,No,Yes,44,Yes,Yes,Fiber optic,Yes,No,No,No,Yes,Yes,Month-to-month,Yes,Mailed check,101.19,4463.6,1
CUST_02082,Male,0,Yes,No,17,Yes,No,DSL,No,Yes,Yes,No,No,No internet service,Two year,No,Credit card (automatic),73.95,1261.24,1
CUST_02083,Male,0,Yes,Yes,60,Yes,Yes,Fiber optic,Yes,No internet service,No,No,No internet service,Yes,Month-to-month,No,Electronic check,109.93,6595.98,1
CUST_02084,Female,0,No,No,9,Yes,Yes,No,Yes,Yes,No,Yes,No internet service,No internet service,One year,Yes,Bank transfer (automatic),33.67,332.79,0
CUST_02085,Male,0,No,Yes,21,Yes,Yes,No,Yes,No,No,No,No internet service,No internet service,Month-to-month,No,Electronic check,70.66,1456.23,1
CUST_02086,Female,0,Yes,No,3,Yes,No,DSL,No,No,No internet service,No,Yes,Yes,One year,Yes,Bank transfer (automatic),102.84,299.32,1
CUST_02087,Female,0,No,No,61,Yes,Yes,Fiber optic,Yes,No,Yes,No internet service,No,Yes,One year,No,Bank transfer (automatic),82.09,5065.83,1
CUST_02088,Female,1,Yes,Yes,4,Yes,No,DSL,Yes,Yes,Yes,Yes,Yes,No,Month-to-month,Yes,Bank transfer (automatic),118.5,495.82,1
CUST_02089,Male,0,Yes,No,39,Yes,Yes,Fiber optic,No,Yes,Yes,Yes,No,No,Month-to-month,Yes,Bank transfer (automatic),79.57,3136.62,1
CUST_02090,Male,0,Yes,No,14,Yes,Yes,Fiber optic,No,No internet service,No,No,Yes,Yes,Month-to-month,No,Bank transfer (automatic),116.0,1581.26,1
CUST_02091,Female,0,Yes,Yes,16,Yes,No phone service,DSL,Yes,No,No,No,No internet service,No internet service,Month-to-month,Yes,Bank transfer (automatic),29.87,462.8,1
CUST_02092,Male,1,Yes,No,44,Yes,No phone service,No,No internet service,No internet service,Yes,No,Yes,No internet service,Two year,No,Electronic check,24.26,1079.12,0
CUST_02093,Female,0,Yes,No,58,Yes,Yes,Fiber optic,No,No internet service,No,No internet service,No,No internet service,One year,Yes,Electronic check,55.65,3226.25,1
CUST_02094,Male,0,No,No,2,Yes,No phone service,DSL,Yes,No,No internet service,Yes,No internet service,Yes,One year,Yes,Credit card (automatic),104.13,165.37,1
CUST_02095,Male,0,Yes,No,12,Yes,No,No,No,No internet service,No internet service,No,Yes,Yes,Month-to-month,Yes,Mailed check,25.05,327.19,1
CUST_02096,Female,0,No,No,21,Yes,Yes,Fiber optic,No internet service,No,No,No internet service,No,Yes,Month-to-month,Yes,Electronic check,45.23,987.54,1
CUST_02097,Female,0,No,No,67,Yes,No,DSL,No,Yes,No,No,No internet service,Yes,One year,Yes,Credit card (automatic),118.5,7929.51,1
CUST_02098,Female,0,Yes,Yes,5,Yes,No,Fiber optic,Yes,No internet service,No,No,No internet service,Yes,Month-to-month,No,Credit card (automatic),84.1,448.35,1
CUST_02099,Female,0,Yes,Yes,13,Yes,Yes,No,No,No internet service,No,No internet service,Yes,Yes,Month-to-month,Yes,Mailed check,59.31,842.05,1
CUST_02100,Male,0,No,Yes,29,Yes,Yes,No,No,Yes,No,No,No,No,Month-to-month,Yes,Mailed check,27.79,859.3,1
CUST_02101,Female,0,No,No,24,Yes,Yes,DSL,No,No internet service,No,Yes,Yes,Yes,Month-to-month,No,Electronic check,95.52,2284.06,1
CUST_02102,Female,0,No,No,4,Yes,No phone service,Fiber optic,No internet service,Yes,Yes,Yes,Yes,Yes,Two year,No,Mailed check,112.53,411.5,1
CUST_02103,Male,0,Yes,No,39,Yes,Yes,No,No internet service,No internet service,No,No internet service,Yes,No,Month-to-month,No,Credit card (automatic),94.15,3679.91,1
CUST_02104,Male,0,Yes,Yes,44,Yes,No phone service,No,No,No,No,No internet service,No,No,Month-to-month,Yes,Electronic check,31.64,1474.3,1
CUST_02105,Female,0,Yes,No,13,Yes,No phone service,DSL,Yes,Yes,Yes,Yes,Yes,No internet service,Month-to-month,No,Electronic check,73.19,998.3,1
CUST_02106,Male,0,No,No,49,Yes,No phone service,Fiber optic,No,No internet service,Yes,No,No,No,Month-to-month,Yes,Credit card (automatic),60.28,2953.51,1
CUST_02107,Female,0,No,No,5,Yes,No,No,No internet service,No,No internet service,No,Yes,Yes,Month-to-month,Yes,Electronic check,110.4,606.68,1
CUST_02108,Male,0,Yes,Yes,52,Yes,Yes,DSL,No internet service,Yes,Yes,Yes,Yes,No,Month-to-month,Yes,Credit card (automatic),96.23,5044.86,1
CUST_02109,Male,0,No,No,19,Yes,Yes,Fiber optic,Yes,No internet service,No,No internet service,No internet service,No,Month-to-month,No,Electronic check,100.2,1837.32,1
CUST_02110,Male,0,Yes,Yes,16,Yes,No phone service,Fiber optic,Yes,No internet service,Yes,No,Yes,Yes,Month-to-month,Yes,Electronic check,61.37,1019.08,1
CUST_02111,Male,0,No,Yes,14,Yes,No,Fiber optic,Yes,No,Yes,No internet service,Yes,Yes,One year,No,Credit card (automatic),22.49,319.02,1
CUST_02112,Female,0,Yes,No,62,Yes,No,Fiber optic,No internet service,No,No internet service,No internet service,Yes,No internet service,Month-to-month,Yes,Electronic check,95.94,5917.95,1
CUST_02113,Female,0,No,No,36,Yes,No,DSL,No,Yes,Yes,No,Yes,Yes,One year,Yes,Bank transfer (automatic),83.33,3003.07,1
CUST_02114,Female,0,No,No,50,Yes,No,Fiber optic,No,Yes,Yes,No,No,Yes,Month-to-month,Yes,Electronic check,34.15,1722.0,0
CUST_02115,Female,0,No,No,15,Yes,No phone service,DSL,No,No,No internet service,No,No internet service,Yes,Month-to-month,No,Bank transfer (automatic),95.68,1407.41,1
CUST_02116,Male,0,Yes,No,5,Yes,No,No,Yes,Yes,No,No,No,No internet service,Two year,Yes,Electronic check,34.93,170.45,1
CUST_02117,Female,0,No,Yes,3,Yes,No,Fiber optic,No internet service,No,No,Yes,Yes,No,Month-to-month,No,Credit card (automatic),93.97,270.33,1
CUST_02118,Female,0,No,No,32,Yes,Yes,DSL,No,No internet service,No,No internet service,Yes,No internet service,Month-to-month,Yes,Credit card (automatic),91.36,2951.35,1
CUST_02119,Female,0,Yes,No,24,Yes,No,No,Yes,No internet service,Yes,No,No internet service,No internet service,Month-to-month,Yes,Electronic check,20.75,487.45,1
CUST_02120,Female,0,Yes,Yes,55,Yes,No,Fiber optic,No,No,No,No,Yes,No internet service,Month-to-month,No,Electronic check,97.48,5301.9,1
CUST_02121,Female,1,No,No,56,Yes,Yes,DSL,No,No,No,No,Yes,Yes,Month-to-month,No,Bank transfer (automatic),60.77,3387.46,1
CUST_02122,Female,0,Yes,No,23,Yes,Yes,DSL,No,No internet service,Yes,No,Yes,Yes,Month-to-month,Yes,Credit card (automatic),70.66,1592.06,1
CUST_02123,Female,1,Yes,Yes,31,Yes,No phone service,Fiber optic,No internet service,No internet service,Yes,No,No internet service,No internet service,Month-to-month,Yes,Electronic check,116.47,3565.28,1
CUST_02124,Female,0,Yes,No,28,No,Yes,No,Yes,Yes,No,No,No,No internet service,Month-to-month,No,Credit card (automatic),111.98,3176.75,1
CUST_02125,Female,0,Yes,No,48,No,No phone service,DSL,Yes,No,Yes,Yes,Yes,No internet service,Month-to-month,No,Credit card (automatic),58.27,2825.08,1
CUST_02126,Male,0,Yes,No,45,Yes,No,No,Yes,Yes,Yes,No,Yes,No internet service,Month-to-month,No,Bank transfer (automatic),90.96,4059.36,1
CUST_02127,Male,0,No,No,47,Yes,Yes,DSL,No,Yes,No,No,No internet service,No,Two year,Yes,Electronic check,71.31,3307.14,1
CUST_02128,Female,1,Yes,No,4,Yes,Yes,Fiber optic,No internet service,Yes,No,Yes,Yes,Yes,One year,No,Mailed check,102.22,405.29,1
CUST_02129,Male,0,No,No,24,Yes,Yes,Fiber optic,No,No,No,No internet service,Yes,No,Month-to-month,No,Bank transfer (automatic),51.97,1200.96,1
CUST_02130,Male,1,Yes,No,69,Yes,Yes,DSL,No internet service,No internet service,Yes,Yes,No internet service,Yes,Month-to-month,Yes,Bank transfer (automatic),67.09,4620.74,0
CUST_02131,Female,0,Yes,No,25,Yes,No,No,No,No internet service,No,No internet service,Yes,Yes,One year,No,Electronic check,31.24,783.47,1
CUST_02132,Female,1,Yes,No,13,Yes,No,DSL,No internet service,No,No internet service,Yes,Yes,Yes,Month-to-month,Yes,Mailed check,112.67,1475.37,1
CUST_02133,Female,1,No,Yes,15,Yes,No phone service,No,No,No,No,No,No,Yes,Two year,Yes,Credit card (automatic),110.07,1662.95,1
CUST_02134,Male,0,No,Yes,2,Yes,No phone service,DSL,Yes,Yes,No internet service,No,No,Yes,Two year,No,Mailed check,47.61,67.89,1
CUST_02135,Male,0,Yes,Yes,56,Yes,No,DSL,No internet service,Yes,No,No,Yes,Yes,Month-to-month,Yes,Mailed check,78.3,4387.27,1
CUST_02136,Female,0,Yes,No,1,Yes,Yes,No,No internet service,Yes,Yes,No internet service,Yes,No,One year,Yes,Electronic check,57.84,102.66,1
CUST_02137,Female,0,Yes,No,43,Yes,Yes,Fiber optic,No,No internet service,No,Yes,Yes,No,Month-to-month,No,Electronic check,35.58,1456.54,1
CUST_02138,Male,1,Yes,No,29,Yes,Yes,DSL,No internet service,Yes,No,Yes,No,No,Month-to-month,No,Electronic check,24.5,721.9,1
CUST_02139,Female,0,No,No,7,Yes,No,Fiber optic,No,No internet service,No internet service,Yes,Yes,No,Two year,Yes,Electronic check,102.28,674.72,1
CUST_02140,Male,0,Yes,No,63,Yes,No phone service,DSL,No,Yes,No,No,Yes,Yes,One year,Yes,Bank transfer (automatic),48.91,3130.47,1
CUST_02141,Female,0,No,No,53,Yes,Yes,No,Yes,No,No,No internet service,Yes,Yes,Month-to-month,Yes,Bank transfer (automatic),71.54,3820.22,0
CUST_02142,Female,0,No,No,59,Yes,Yes,DSL,No,No internet service,No internet service,Yes,Yes,No,Two year,Yes,Electronic check,110.27,6533.41,1
CUST_02143,Female,1,Yes,No,67,Yes,Yes,Fiber optic,Yes,No internet service,Yes,No internet service,Yes,Yes,Month-to-month,No,Electronic check,21.99,1443.46,1
CUST_02144,Female,0,No,No,65,Yes,Yes,DSL,Yes,Yes,No,No,No,No,One year,Yes,Credit card (automatic),74.74,4867.33,1
CUST_02145,Male,0,Yes,Yes,50,Yes,No,Fiber optic,Yes,No internet service,No,No internet service,No,No internet service,Two year,No,Electronic check,115.55,5790.63,1
CUST_02146,Male,1,No,No,38,Yes,No phone service,No,No,Yes,No internet service,No,No internet service,Yes,Two year,Yes,Credit card (automatic),100.93,3752.35,1
CUST_02147,Male,0,Yes,No,50,Yes,No,No,No internet service,No internet service,Yes,No internet service,No,No internet service,Month-to-month,No,Bank transfer (automatic),41.93,2101.63,0
CUST_02148,Female,0,No,No,32,Yes,No phone service,DSL,No,Yes,No,No,No,Yes,Month-to-month,Yes,Credit card (automatic),40.09,1304.34,0
CUST_02149,Female,0,No,No,13,Yes,No phone service,DSL,No,No,No,No internet service,Yes,No,Two year,No,Bank transfer (automatic),96.25,1201.76,1
CUST_02150,Female,0,Yes,No,28,Yes,Yes,DSL,Yes,No,No internet service,No,No internet service,No internet service,Month-to-month,No,Credit card (automatic),27.97,804.23,1
CUST_02151,Male,0,No,No,34,Yes,Yes,No,No,No internet service,No internet service,No,No,No,Two year,No,Bank transfer (automatic),79.94,2721.45,1
CUST_02152,Male,1,Yes,Yes,4,Yes,No,DSL,Yes,No internet service,No internet service,No internet service,No internet service,No,Month-to-month,Yes,Electronic check,43.41,221.98,1
CUST_02153,Female,0,Yes,No,61,Yes,No,Fiber optic,No,Yes,Yes,No,No internet service,No,Month-to-month,No,Credit card (automatic),103.93,6325.27,0
CUST_02154,Female,1,No,No,65,Yes,Yes,DSL,No internet service,No internet service,No,No,Yes,Yes,Month-to-month,Yes,Electronic check,57.94,3772.32,1
CUST_02155,Female,1,Yes,No,30,Yes,No,No,No,No,No internet service,No,No internet service,No,Month-to-month,No,Mailed check,61.5,1856.94,1
CUST_02156,Male,0,No,No,36,Yes,No,Fiber optic,No,Yes,No,No internet service,No,No,Month-to-month,No,Electronic check,99.44,3481.58,1
CUST_02157,Male,0,No,Yes,60,Yes,No phone service,Fiber optic,No,Yes,No internet service,No,No,Yes,Month-to-month,Yes,Bank transfer (automatic),28.81,1716.19,1
CUST_02158,Female,0,No,No,33,Yes,No,No,Yes,Yes,No internet service,Yes,Yes,Yes,Two year,Yes,Bank transfer (automatic),80.1,2646.32,1
CUST_02159,Female,0,Yes,No,49,Yes,No,No,No,Yes,No,No internet service,Yes,No internet service,Month-to-month,Yes,Credit card (automatic),116.26,5614.26,1
CUST_02160,Male,0,Yes,No,37,No,No,Fiber optic,Yes,No,Yes,No,No internet service,Yes,One year,No,Electronic check,85.04,3170.08,1
CUST_02161,Female,0,No,No,20,Yes,Yes,Fiber optic,No,Yes,No,Yes,Yes,No internet service,Month-to-month,Yes,Credit card (automatic),28.18,566.61,1
CUST_02162,Male,0,Yes,No,57,Yes,Yes,Fiber optic,No internet service,No,No,Yes,No,Yes,One year,Yes,Credit card (automatic),110.85,6321.26,1
CUST_02163,Male,0,No,No,14,Yes,Yes,Fiber optic,No,Yes,No,Yes,Yes,Yes,Month-to-month,No,Electronic check,32.89,485.7,1
CUST_02164,Female,0,Yes,Yes,16,Yes,Yes,DSL,No,No,Yes,No,Yes,No,Two year,No,Electronic check,56.88,895.7,1
CUST_02165,Female,0,Yes,Yes,50,Yes,No,Fiber optic,Yes,Yes,No,Yes,No,No,Month-to-month,Yes,Electronic check,38.17,1910.02,1
CUST_02166,Female,0,No,No,51,Yes,Yes,Fiber optic,No,Yes,Yes,Yes,No internet service,No,Month-to-month,Yes,Electronic check,92.19,4731.97,1
CUST_02167,Male,0,No,No,68,Yes,No,DSL,No internet service,No,No,No,No internet service,Yes,Month-to-month,Yes,Bank transfer (automatic),46.49,3163.26,1
CUST_02168,Female,0,No,No,51,No,No phone service,DSL,No,No internet service,No,No internet service,No,No,Month-to-month,No,Electronic check,46.11,2287.08,1
CUST_02169,Female,0,No,No,2,Yes,No,Fiber optic,No,No internet service,No,No,No,No,Month-to-month,Yes,Mailed check,61.36,124.52,1
CUST_02170,Female,1,Yes,Yes,61,Yes,No,DSL,Yes,No,Yes,No,No internet service,Yes,One year,Yes,Bank transfer (automatic),48.61,2967.45,1
CUST_02171,Male,1,Yes,Yes,30,Yes,Yes,Fiber optic,Yes,No internet service,No,No,No,No,Month-to-month,No,Mailed check,98.46,2985.32,1
CUST_02172,Female,0,Yes,No,1,Yes,No,Fiber optic,No,No,No internet service,Yes,No,Yes,One year,Yes,Credit card (automatic),72.67,60.66,1
CUST_02173,Female,0,No,No,42,Yes,Yes,DSL,No internet service,No internet service,No,No internet service,No internet service,Yes,Month-to-month,No,Electronic check,75.59,3140.55,1
CUST_02174,Female,0,Yes,No,13,Yes,Yes,DSL,Yes,Yes,No internet service,Yes,No internet service,Yes,One year,No,Mailed check,36.16,435.97,1
CUST_02175,Male,0,No,No,30,No,No phone service,DSL,No,Yes,Yes,Yes,No internet service,Yes,Month-to-month,No,Credit card (automatic),111.35,3390.99,1
CUST_02176,Female,0,Yes,No,34,Yes,No,DSL,Yes,Yes,Yes,No,No,No internet service,One year,Yes,Electronic check,54.89,1876.38,1
CUST_02177,Male,0,No,No,6,Yes,Yes,Fiber optic,No,No internet service,Yes,Yes,No,No internet service,Two year,Yes,Mailed check,57.74,395.14,1
CUST_02178,Male,1,No,Yes,61,Yes,Yes,Fiber optic,No,Yes,No,Yes,No,Yes,Month-to-month,Yes,Credit card (automatic),44.24,2752.41,1
CUST_02179,Female,1,No,No,37,Yes,No,No,No,Yes,Yes,No,No,Yes,Month-to-month,Yes,Mailed check,116.02,4266.72,1
CUST_02180,Male,1,Yes,No,69,Yes,Yes,DSL,Yes,No,No internet service,No,No,No internet service,One year,Yes,Credit card (automatic),80.71,5540.29,0
CUST_02181,Female,0,No,Yes,34,Yes,No phone service,Fiber optic,Yes,No internet service,No,Yes,Yes,Yes,Month-to-month,Yes,Credit card (automatic),26.1,882.93,1
CUST_02182,Male,0,Yes,Yes,43,Yes,Yes,DSL,No internet service,No,No internet service,No,Yes,Yes,Month-to-month,Yes,Electronic check,39.26,1709.68,1
CUST_02183,Female,1,Yes,No,58,Yes,No phone service,No,No,No,No,No,No,No,Month-to-month,Yes,Bank transfer (automatic),68.04,3897.27,1
CUST_02184,Female,0,Yes,No,16,Yes,Yes,DSL,Yes,Yes,No,No internet service,Yes,Yes,Month-to-month,Yes,Bank transfer (automatic),38.79,636.56,0
CUST_02185,Female,0,Yes,No,65,Yes,No,Fiber optic,No,No internet service,No,Yes,Yes,No,Two year,Yes,Credit card (automatic),80.5,5246.65,1
CUST_02186,Male,0,No,No,14,Yes,No phone service,Fiber optic,Yes,Yes,No,No internet service,Yes,No internet service,Month-to-month,No,Mailed check,50.79,671.67,1
CUST_02187,Male,0,Yes,No,71,Yes,No,DSL,No,Yes,No internet service,No,Yes,No,Month-to-month,Yes,Bank transfer (automatic),54.96,3864.0,1
CUST_02188,Male,0,Yes,No,46,Yes,Yes,No,No,No,Yes,No,No internet service,No,Month-to-month,No,Electronic check,98.67,4554.38,1
CUST_02189,Male,0,No,No,37,Yes,Yes,DSL,Yes,Yes,No internet service,Yes,No,Yes,Month-to-month,No,Bank transfer (automatic),72.44,2752.84,0
CUST_02190,Female,0,No,Yes,15,Yes,No phone service,DSL,No,No,No,No,No internet service,Yes,One year,No,Bank transfer (automatic),31.3,459.18,1
CUST_02191,Male,0,No,No,41,Yes,No phone service,Fiber optic,No,No,No,Yes,Yes,No internet service,One year,No,Credit card (automatic),57.19,2356.33,1
CUST_02192,Male,0,No,Yes,40,Yes,No,Fiber optic,No internet service,Yes,Yes,No,Yes,No internet service,Two year,No,Electronic check,109.63,4364.02,1
CUST_02193,Male,0,Yes,No,70,Yes,Yes,DSL,No,Yes,Yes,No,Yes,No internet service,Month-to-month,Yes,Electronic check,104.62,7331.68,1
CUST_02194,Male,0,No,No,60,Yes,No,DSL,No,Yes,Yes,Yes,Yes,Yes,Month-to-month,Yes,Credit card (automatic),95.98,5736.91,0
CUST_02195,Female,1,Yes,No,35,Yes,Yes,DSL,No internet service,Yes,No,Yes,Yes,No internet service,Month-to-month,No,Bank transfer (automatic),104.35,3643.19,1
CUST_02196,Female,0,Yes,Yes,28,Yes,Yes,No,Yes,No internet service,Yes,No internet service,No,Yes,One year,No,Electronic check,29.15,901.92,1
CUST_02197,Male,0,Yes,No,28,Yes,No,Fiber optic,No,No,No internet service,No,Yes,No,One year,Yes,Mailed check,32.22,905.91,1
CUST_02198,Female,0,No,No,27,Yes,No phone service,DSL,Yes,Yes,No internet service,No,No internet service,No,One year,No,Credit card (automatic),21.86,535.47,0
CUST_02199,Female,0,Yes,Yes,1,Yes,Yes,Fiber optic,Yes,Yes,Yes,No internet service,No,Yes,Two year,No,Credit card (automatic),32.5,55.0,1
CUST_02200,Male,1,No,No,3,Yes,Yes,No,No,No internet service,No,Yes,Yes,Yes,Month-to-month,No,Electronic check,102.35,346.58,1
CUST_02201,Male,0,Yes,No,54,Yes,No phone service,No,Yes,No internet service,Yes,No,No internet service,No,Two year,Yes,Bank transfer (automatic),23.79,1308.3,0
CUST_02202,Male,0,Yes,Yes,19,Yes,Yes,DSL,No,No internet service,No,No internet service,No,No internet service,Two year,Yes,Mailed check,66.52,1257.69,1
CUST_02203,Male,0,Yes,Yes,30,Yes,Yes,Fiber optic,No,Yes,Yes,No,Yes,Yes,Month-to-month,Yes,Electronic check,44.71,1309.19,1
CUST_02204,Male,0,Yes,No,50,Yes,No,DSL,Yes,No,No internet service,No,No,Yes,Month-to-month,Yes,Bank transfer (automatic),103.25,5131.25,1
CUST_02205,Male,1,Yes,Yes,44,Yes,No,DSL,No,Yes,No internet service,No internet service,No,No,One year,Yes,Electronic check,100.29,4406.12,1
CUST_02206,Female,0,No,Yes,26,Yes,No,No,No,No internet service,Yes,Yes,No,Yes,Month-to-month,Yes,Mailed check,96.6,2498.76,1
CUST_02207,Male,1,No,No,54,Yes,No,No,No,No,Yes,Yes,No internet service,Yes,Month-to-month,No,Electronic check,57.83,3103.28,1
CUST_02208,Female,1,Yes,No,12,Yes,No,DSL,No internet service,No,No,No,Yes,Yes,Month-to-month,Yes,Electronic check,112.56,1393.26,1
CUST_02209,Male,0,No,No,34,Yes,Yes,No,No,Yes,No,No internet service,Yes,Yes,One year,Yes,Electronic check,109.59,3758.3,1
CUST_02210,Male,0,Yes,No,8,Yes,Yes,Fiber optic,No internet service,No internet service,Yes,No,No internet service,Yes,Two year,Yes,Credit card (automatic),85.08,724.98,1
CUST_02211,Female,0,Yes,No,38,Yes,No,Fiber optic,No,Yes,No internet service,Yes,No,No internet service,Two year,No,Electronic check,81.26,3060.29,1
CUST_02212,Female,0,Yes,No,7,Yes,Yes,Fiber optic,Yes,No internet service,No internet service,No,No internet service,No internet service,Two year,No,Bank transfer (automatic),53.69,343.6,1
CUST_02213,Female,0,Yes,No,67,Yes,No phone service,Fiber optic,No,Yes,No,No,No internet service,No,Month-to-month,No,Electronic check,93.59,6273.24,1
CUST_02214,Male,0,Yes,No,47,Yes,No,No,Yes,No internet service,No internet service,No,No,Yes,One year,Yes,Credit card (automatic),113.85,5365.47,1
CUST_02215,Male,0,No,No,18,Yes,Yes,DSL,Yes,Yes,No,No internet service,No,No,Month-to-month,Yes,Bank transfer (automatic),51.62,931.66,1
CUST_02216,Male,0,Yes,No,44,Yes,No,Fiber optic,Yes,No,No,No,Yes,Yes,Month-to-month,Yes,Credit card (automatic),48.59,2150.1,1
CUST_02217,Male,0,No,No,25,Yes,Yes,DSL,No internet service,No internet service,No internet service,No,Yes,No internet service,Two year,No,Electronic check,46.36,1214.48,0
CUST_02218,Female,0,Yes,No,37,Yes,Yes,No,No internet service,No,No,No,Yes,No,Two year,No,Mailed check,118.32,4370.2,1
CUST_02219,Male,0,No,No,12,No,No,DSL,No internet service,Yes,No,No internet service,Yes,No,One year,Yes,Electronic check,74.03,916.61,1
CUST_02220,Male,1,No,No,36,Yes,No,Fiber optic,No,No,Yes,No,No,Yes,Month-to-month,Yes,Electronic check,116.76,4221.49,1
CUST_02221,Female,0,Yes,No,8,Yes,No phone service,Fiber optic,No,Yes,No,Yes,No,No internet service,Month-to-month,Yes,Mailed check,81.74,657.26,1
CUST_02222,Male,0,Yes,No,11,Yes,No,DSL,No internet service,No,Yes,No,No internet service,No internet service,One year,Yes,Credit card (automatic),49.35,569.49,0
CUST_02223,Male,0,No,No,42,Yes,Yes,DSL,No,Yes,Yes,No,Yes,Yes,Month-to-month,No,Electronic check,78.64,3276.0,1
CUST_02224,Male,0,No,Yes,36,Yes,Yes,DSL,No,Yes,No,No,Yes,No internet service,Month-to-month,Yes,Bank transfer (automatic),35.54,1245.52,1
CUST_02225,Male,0,No,Yes,21,Yes,No,Fiber optic,Yes,Yes,No,No,Yes,Yes,Two year,No,Bank transfer (automatic),64.81,1376.16,0
CUST_02226,Female,0,Yes,Yes,5,Yes,Yes,DSL,No,Yes,Yes,Yes,No,Yes,Month-to-month,Yes,Mailed check,64.29,264.12,1
CUST_02227,Female,1,No,No,31,Yes,Yes,Fiber optic,No,Yes,Yes,Yes,Yes,No internet service,Month-to-month,Yes,Bank transfer (automatic),77.65,2425.05,1
CUST_02228,Female,1,Yes,No,66,Yes,No,Fiber optic,No,No,No internet service,Yes,No,No,Month-to-month,Yes,Mailed check,58.72,3836.03,1
CUST_02229,Male,1,Yes,Yes,51,Yes,No phone service,No,Yes,Yes,No,Yes,No,Yes,Month-to-month,No,Credit card (automatic),65.51,3394.14,1
CUST_02230,Female,0,No,No,5,Yes,Yes,Fiber optic,No,No internet service,No,Yes,Yes,Yes,Month-to-month,No,Bank transfer (automatic),107.62,524.23,1
CUST_02231,Female,0,Yes,Yes,67,Yes,Yes,DSL,No,No internet service,No internet service,Yes,No,Yes,Month-to-month,No,Credit card (automatic),38.04,2599.54,0
CUST_02232,Male,0,No,Yes,31,Yes,No,No,Yes,No,No internet service,Yes,Yes,Yes,Month-to-month,Yes,Electronic check,112.26,3472.68,1
CUST_02233,Female,1,No,No,41,Yes,No,No,No,No internet service,Yes,No internet service,Yes,Yes,Month-to-month,Yes,Credit card (automatic),73.85,3018.98,1
CUST_02234,Male,0,Yes,No,1,Yes,Yes,Fiber optic,No internet service,No,No,No,No internet service,Yes,Month-to-month,No,Credit card (automatic),82.89,113.2,1
CUST_02235,Female,0,No,No,23,Yes,Yes,Fiber optic,No,No,No,No,Yes,No,Two year,No,Electronic check,30.43,710.14,1
CUST_02236,Female,0,Yes,No,56,Yes,No,DSL,No,Yes,No,No,Yes,No,Month-to-month,Yes,Mailed check,34.53,1931.35,1
CUST_02237,Male,0,Yes,No,24,Yes,Yes,Fiber optic,No,No,No,No,No internet service,No,One year,Yes,Credit card (automatic),93.26,2224.1,1
CUST_02238,Male,0,Yes,Yes,12,Yes,Yes,Fiber optic,No internet service,Yes,Yes,Yes,Yes,No internet service,One year,Yes,Electronic check,110.07,1307.03,1
CUST_02239,Male,0,No,No,7,No,No,DSL,No,No,No,No,Yes,Yes,Month-to-month,No,Mailed check,71.89,585.74,1
CUST_02240,Female,0,Yes,No,66,Yes,Yes,DSL,Yes,Yes,Yes,No,Yes,Yes,Month-to-month,Yes,Bank transfer (automatic),36.75,2366.86,0
CUST_02241,Male,0,Yes,Yes,58,Yes,Yes,DSL,No,No,No,No,No,Yes,Two year,Yes,Credit card (automatic),99.69,5739.93,1
CUST_02242,Female,0,No,No,4,Yes,Yes,Fiber optic,No internet service,No,Yes,Yes,No,Yes,Month-to-month,Yes,Electronic check,111.75,488.19,1
CUST_02243,Male,1,No,No,66,Yes,Yes,DSL,Yes,Yes,No internet service,No,No,No,One year,No,Electronic check,87.02,5781.89,1
CUST_02244,Male,0,No,No,59,Yes,Yes,Fiber optic,Yes,Yes,No,Yes,No internet service,Yes,Month-to-month,Yes,Electronic check,38.29,2226.82,1
CUST_02245,Female,0,No,No,26,Yes,No phone service,No,Yes,No internet service,Yes,No,Yes,No,Two year,Yes,Electronic check,61.25,1531.17,1
CUST_02246,Female,0,Yes,No,47,Yes,No phone service,DSL,No,Yes,No internet service,No,No,No internet service,Month-to-month,Yes,Electronic check,113.98,5401.59,1
CUST_02247,Female,0,No,Yes,19,Yes,No,DSL,No,Yes,Yes,Yes,No internet service,Yes,Month-to-month,Yes,Bank transfer (automatic),39.16,707.4,1
CUST_02248,Male,0,No,No,18,Yes,Yes,DSL,No,No,No,No,Yes,Yes,Month-to-month,Yes,Credit card (automatic),37.08,650.25,1
CUST_02249,Male,0,No,No,51,Yes,No phone service,DSL,Yes,No internet service,No,Yes,No internet service,No internet service,One year,Yes,Credit card (automatic),90.18,4602.54,0
CUST_02250,Male,1,No,Yes,15,Yes,No phone service,No,No internet service,No,Yes,No,No internet service,No internet service,Month-to-month,Yes,Credit card (automatic),74.31,1077.11,1
CUST_02251,Female,0,Yes,Yes,26,Yes,No,Fiber optic,Yes,No,Yes,No,No internet service,Yes,Two year,Yes,Credit card (automatic),40.47,1084.58,1
CUST_02252,Female,0,Yes,No,26,Yes,No,No,No,No internet service,Yes,No internet service,Yes,No,Two year,Yes,Electronic check,81.65,2123.63,0
CUST_02253,Male,0,No,Yes,11,Yes,No,No,Yes,No,No,No,No,Yes,Month-to-month,Yes,Electronic check,113.67,1219.5,1
CUST_02254,Female,0,Yes,No,59,Yes,No phone service,DSL,No internet service,No internet service,No,No internet service,No internet service,No,Month-to-month,No,Electronic check,105.52,6197.89,1
CUST_02255,Male,0,Yes,No,48,Yes,No phone service,Fiber optic,No,No,Yes,Yes,Yes,No,Two year,No,Bank transfer (automatic),20.65,1036.59,0
CUST_02256,Female,0,Yes,Yes,62,Yes,No phone service,Fiber optic,No,No internet service,Yes,No,No,Yes,Month-to-month,Yes,Credit card (automatic),107.68,6666.4,1
CUST_02257,Female,0,No,No,38,Yes,No,Fiber optic,Yes,No,No internet service,No,Yes,Yes,Month-to-month,No,Electronic check,82.69,3163.73,1
CUST_02258,Female,0,No,Yes,13,Yes,No phone service,DSL,Yes,Yes,Yes,No,Yes,No,Month-to-month,Yes,Mailed check,46.71,606.88,1
CUST_02259,Male,0,No,No,20,Yes,No,DSL,No,Yes,No,No,No internet service,No,Month-to-month,No,Mailed check,29.34,525.39,1
CUST_02260,Female,0,No,No,26,Yes,No,Fiber optic,No,Yes,No,No internet service,No internet service,No internet service,Month-to-month,Yes,Electronic check,117.12,3071.26,1
CUST_02261,Male,1,No,Yes,67,Yes,No,Fiber optic,No internet service,No,Yes,No internet service,Yes,No,One year,Yes,Credit card (automatic),22.9,1571.88,1
CUST_02262,Female,0,No,No,17,Yes,Yes,DSL,No,No internet service,No internet service,No,Yes,No internet service,One year,Yes,Electronic check,38.46,718.31,1
CUST_02263,Male,1,Yes,No,50,Yes,Yes,DSL,No,No internet service,Yes,No,No,No,Month-to-month,Yes,Mailed check,87.12,4289.48,1
CUST_02264,Female,1,No,No,9,Yes,No,Fiber optic,No internet service,No internet service,No internet service,Yes,Yes,No,Month-to-month,Yes,Credit card (automatic),95.79,751.56,1
CUST_02265,Male,1,Yes,No,68,Yes,No,Fiber optic,No,No,No,No,No,Yes,Month-to-month,Yes,Electronic check,46.67,3195.93,1
CUST_02266,Male,0,Yes,No,46,Yes,No phone service,Fiber optic,No internet service,No internet service,Yes,No,No,Yes,One year,No,Electronic check,93.71,4289.68,1
CUST_02267,Female,0,Yes,No,31,Yes,No,DSL,No,No,No,Yes,Yes,No,Month-to-month,Yes,Bank transfer (automatic),96.52,2942.07,1
CUST_02268,Female,0,No,Yes,25,Yes,Yes,DSL,No,Yes,No internet service,Yes,No internet service,Yes,Two year,Yes,Mailed check,100.27,2510.51,1
CUST_02269,Male,0,No,No,26,Yes,No,Fiber optic,No internet service,No,No,No internet service,Yes,Yes,Two year,No,Bank transfer (automatic),95.39,2464.41,1
CUST_02270,Female,0,No,Yes,17,Yes,No,Fiber optic,Yes,No,Yes,Yes,Yes,Yes,One year,Yes,Mailed check,23.27,350.92,1
CUST_02271,Male,0,No,No,43,Yes,No,DSL,Yes,Yes,No internet service,No,No internet service,No internet service,Month-to-month,Yes,Electronic check,109.23,4693.99,1
CUST_02272,Male,1,No,No,62,Yes,Yes,Fiber optic,Yes,Yes,Yes,Yes,Yes,No,One year,Yes,Electronic check,76.28,4749.19,1
CUST_02273,Male,0,Yes,No,18,Yes,Yes,Fiber optic,No,Yes,Yes,No,Yes,No internet service,Month-to-month,Yes,Credit card (automatic),63.1,1141.92,1
CUST_02274,Male,0,No,No,54,Yes,No,Fiber optic,No,Yes,Yes,Yes,No,No internet service,One year,No,Electronic check,22.44,1218.15,1
CUST_02275,Male,0,No,Yes,41,Yes,No phone service,DSL,Yes,Yes,No internet service,No,Yes,No,Two year,Yes,Credit card (automatic),79.08,3257.8,1
CUST_02276,Male,0,No,No,55,Yes,No,Fiber optic,Yes,No internet service,Yes,Yes,No,No,Two year,Yes,Electronic check,36.28,1936.2,1
CUST_02277,Male,0,Yes,No,55,No,Yes,No,No,No,Yes,Yes,No internet service,Yes,One year,No,Credit card (automatic),74.77,4110.55,1
CUST_02278,Male,0,Yes,No,3,Yes,No,DSL,Yes,No internet service,No internet service,Yes,Yes,No,One year,No,Credit card (automatic),38.92,125.16,1
CUST_02279,Male,1,No,No,2,Yes,No phone service,DSL,Yes,Yes,No,No,Yes,No internet service,Month-to-month,No,Electronic check,88.79,164.35,1
CUST_02280,Female,0,Yes,Yes,65,Yes,No,DSL,Yes,No internet service,Yes,No,Yes,No internet service,Month-to-month,Yes,Bank transfer (automatic),28.88,1848.17,1
CUST_02281,Female,0,Yes,No,12,Yes,Yes,DSL,No internet service,No internet service,No,Yes,No,No,One year,Yes,Bank transfer (automatic),80.04,934.36,1
CUST_02282,Male,0,Yes,Yes,41,No,Yes,No,No,No internet service,Yes,No,Yes,No internet service,Two year,No,Bank transfer (automatic),84.38,3449.31,1
CUST_02283,Male,0,Yes,Yes,54,No,Yes,No,Yes,No,No,No,No internet service,Yes,Two year,Yes,Credit card (automatic),59.52,3246.08,1
CUST_02284,Female,0,Yes,No,36,Yes,No phone service,DSL,Yes,No,No,Yes,Yes,Yes,Two year,No,Electronic check,111.72,4075.37,1
CUST_02285,Female,0,No,No,1,Yes,No,No,Yes,No,No,Yes,No internet service,Yes,Month-to-month,No,Credit card (automatic),72.65,118.97,1
CUST_02286,Female,0,No,Yes,1,Yes,No,DSL,No,No,No internet service,No,No internet service,Yes,One year,No,Mailed check,95.05,40.42,1
CUST_02287,Female,0,No,Yes,48,Yes,No phone service,Fiber optic,No,No internet service,No,No,No internet service,Yes,One year,Yes,Electronic check,64.45,3060.72,1
CUST_02288,Female,0,Yes,No,64,Yes,No phone service,Fiber optic,No internet service,Yes,Yes,No,No,No,Month-to-month,No,Mailed check,99.17,6369.89,1
CUST_02289,Female,0,Yes,Yes,25,Yes,Yes,DSL,No,Yes,No,No internet service,Yes,Yes,Month-to-month,No,Electronic check,109.74,2789.03,1
CUST_02290,Male,0,Yes,Yes,39,Yes,Yes,Fiber optic,No,No internet service,No internet service,Yes,Yes,No internet service,One year,No,Mailed check,61.3,2356.86,1
CUST_02291,Male,1,Yes,Yes,67,Yes,Yes,Fiber optic,Yes,Yes,No internet service,No,Yes,Yes,Month-to-month,No,Electronic check,116.74,7827.99,1
CUST_02292,Male,0,Yes,Yes,59,Yes,Yes,DSL,No,No,No internet service,No,Yes,Yes,One year,No,Credit card (automatic),35.31,2043.67,1
CUST_02293,Male,1,No,Yes,39,Yes,No phone service,No,No internet service,Yes,No internet service,Yes,No,Yes,Two year,Yes,Electronic check,104.62,4089.86,1
CUST_02294,Female,0,No,No,47,Yes,No phone service,DSL,Yes,No,No internet service,No,No,Yes,One year,No,Mailed check,72.58,3388.74,0
CUST_02295,Female,0,No,No,69,Yes,No,DSL,No internet service,Yes,No internet service,No,Yes,Yes,Month-to-month,No,Credit card (automatic),33.84,2341.36,1
CUST_02296,Female,0,Yes,No,57,Yes,Yes,No,Yes,No,No,No,No internet service,Yes,Month-to-month,No,Credit card (automatic),82.53,4661.8,1
CUST_02297,Male,0,Yes,No,30,No,Yes,Fiber optic,No,No internet service,Yes,No,No,No,One year,Yes,Bank transfer (automatic),33.13,936.71,1
CUST_02298,Male,1,Yes,No,50,Yes,No,Fiber optic,Yes,No internet service,No,Yes,Yes,Yes,One year,Yes,Electronic check,108.75,5545.94,1
CUST_02299,Male,0,Yes,No,24,Yes,No phone service,DSL,No,Yes,Yes,No,Yes,No,Month-to-month,No,Credit card (automatic),101.6,2440.83,1
CUST_02300,Female,1,Yes,No,66,Yes,Yes,DSL,Yes,No,Yes,No internet service,No,Yes,Month-to-month,Yes,Electronic check,85.43,5713.09,1
CUST_02301,Male,1,Yes,No,7,Yes,No,DSL,No,No internet service,No,No,Yes,Yes,Two year,No,Mailed check,43.3,355.92,1
CUST_02302,Male,0,No,No,17,Yes,Yes,Fiber optic,No,Yes,No,No,Yes,Yes,Month-to-month,Yes,Credit card (automatic),116.28,1919.51,1
CUST_02303,Female,0,No,No,25,Yes,No,Fiber optic,No,Yes,No,No,No,Yes,One year,No,Electronic check,105.32,2645.66,1
CUST_02304,Female,0,Yes,No,15,Yes,No,Fiber optic,No,No,No,No,No,No internet service,Two year,Yes,Electronic check,91.52,1327.49,1
CUST_02305,Female,0,Yes,No,43,Yes,Yes,No,Yes,No internet service,Yes,Yes,Yes,Yes,One year,Yes,Mailed check,56.54,2420.85,1
CUST_02306,Male,0,Yes,Yes,51,Yes,Yes,No,No,No,No internet service,No,Yes,No,Two year,Yes,Mailed check,68.42,3423.45,1
CUST_02307,Male,0,Yes,No,64,Yes,Yes,DSL,Yes,Yes,No,No,Yes,No internet service,One year,No,Electronic check,53.81,3388.74,1
CUST_02308,Male,1,No,No,36,Yes,No,No,No,No internet service,Yes,Yes,Yes,Yes,Month-to-month,No,Credit card (automatic),104.94,3747.92,1
CUST_02309,Male,0,No,Yes,45,Yes,Yes,No,Yes,No internet service,Yes,Yes,Yes,No internet service,Month-to-month,No,Credit card (automatic),50.89,2270.95,1
CUST_02310,Female,0,No,No,43,Yes,No,No,No,No,Yes,Yes,No internet service,No,Month-to-month,Yes,Credit card (automatic),43.83,1886.05,1
CUST_02311,Male,0,No,Yes,1,Yes,No phone service,Fiber optic,No,No,No internet service,No,No,No,Month-to-month,Yes,Electronic check,41.43,5.16,1
CUST_02312,Male,0,Yes,Yes,51,Yes,No,DSL,No internet service,No internet service,Yes,Yes,Yes,No internet service,One year,No,Bank transfer (automatic),60.12,3071.35,0
CUST_02313,Female,1,Yes,No,2,Yes,No phone service,DSL,No,No,No internet service,No internet service,No internet service,Yes,Month-to-month,No,Credit card (automatic),82.3,204.35,1
CUST_02314,Male,0,Yes,Yes,39,Yes,No,No,Yes,No internet service,Yes,No internet service,No,No,Month-to-month,No,Electronic check,103.16,4032.83,0
CUST_02315,Male,1,Yes,No,71,Yes,No,Fiber optic,No,No,No internet service,No internet service,Yes,Yes,One year,Yes,Mailed check,112.47,7983.01,1
CUST_02316,Male,0,No,No,56,Yes,Yes,No,Yes,Yes,Yes,Yes,No internet service,No,Month-to-month,Yes,Electronic check,28.01,1580.52,1
CUST_02317,Male,1,Yes,No,36,Yes,Yes,Fiber optic,Yes,No internet service,No,No,No internet service,Yes,Month-to-month,No,Electronic check,24.72,839.7,1
CUST_02318,Male,0,Yes,No,23,Yes,No phone service,DSL,No,No,No,No internet service,No,Yes,One year,Yes,Electronic check,56.27,1327.53,1
CUST_02319,Female,1,Yes,No,60,Yes,Yes,Fiber optic,No internet service,Yes,No,No,Yes,No internet service,Month-to-month,Yes,Bank transfer (automatic),101.01,6018.68,1
CUST_02320,Female,0,Yes,No,61,Yes,No,No,No internet service,No,No internet service,No,No internet service,Yes,Month-to-month,No,Bank transfer (automatic),110.74,6809.46,1
CUST_02321,Male,0,No,No,27,Yes,No,DSL,No internet service,No internet service,No,No internet service,Yes,Yes,Month-to-month,No,Electronic check,36.85,1021.93,1
CUST_02322,Male,0,Yes,No,8,Yes,Yes,Fiber optic,Yes,Yes,Yes,No,Yes,Yes,One year,Yes,Mailed check,48.58,408.12,0
CUST_02323,Male,0,Yes,No,42,Yes,No,No,Yes,No internet service,No internet service,No,No internet service,No,One year,Yes,Electronic check,110.2,4649.4,1
CUST_02324,Female,0,Yes,No,46,Yes,No phone service,DSL,No internet service,Yes,Yes,No internet service,No internet service,Yes,One year,No,Electronic check,77.58,3568.61,1
CUST_02325,Female,0,No,No,67,Yes,Yes,DSL,Yes,No,No internet service,No internet service,No,Yes,Month-to-month,No,Credit card (automatic),60.77,4044.07,1
CUST_02326,Female,0,No,No,64,Yes,Yes,Fiber optic,No,No internet service,No,No,Yes,No internet service,One year,Yes,Mailed check,44.35,2805.44,1
CUST_02327,Male,1,No,Yes,17,Yes,No phone service,No,No internet service,No internet service,Yes,Yes,Yes,Yes,Month-to-month,Yes,Bank transfer (automatic),31.29,593.23,1
CUST_02328,Male,0,Yes,Yes,18,Yes,No,Fiber optic,Yes,No internet service,Yes,No,No internet service,Yes,One year,Yes,Electronic check,30.84,558.74,1
CUST_02329,Male,0,Yes,No,71,Yes,No,DSL,No,No,Yes,No,No,No,Month-to-month,Yes,Electronic check,87.41,6167.09,1
CUST_02330,Male,0,No,Yes,24,Yes,No phone service,DSL,No internet service,No,No internet service,No,No internet service,Yes,Month-to-month,Yes,Credit card (automatic),92.04,2227.04,1
CUST_02331,Male,0,Yes,No,33,Yes,No,DSL,No,No,No,No,Yes,Yes,Month-to-month,No,Electronic check,56.57,1878.81,1
CUST_02332,Female,0,Yes,No,22,Yes,Yes,DSL,No internet service,No,Yes,No,No internet service,No,Month-to-month,Yes,Electronic check,80.6,1761.67,1
CUST_02333,Male,0,No,No,28,Yes,No phone service,DSL,No,No,No internet service,No,Yes,No,Month-to-month,Yes,Bank transfer (automatic),35.6,965.37,1
CUST_02334,Female,0,Yes,Yes,41,Yes,No,No,No,No,Yes,No internet service,Yes,Yes,Month-to-month,Yes,Mailed check,22.1,931.84,1
CUST_02335,Female,1,Yes,No,21,Yes,No phone service,DSL,No internet service,No,Yes,No internet service,No internet service,No internet service,Two year,Yes,Credit card (automatic),29.98,662.69,1
CUST_02336,Female,0,No,No,30,Yes,No,No,No internet service,No,No,No,Yes,No internet service,Month-to-month,Yes,Credit card (automatic),30.59,928.98,1
CUST_02337,Male,0,Yes,Yes,26,Yes,Yes,No,No internet service,No,Yes,No,No,No,One year,Yes,Electronic check,118.48,3082.98,1
CUST_02338,Female,0,Yes,No,8,Yes,No,Fiber optic,No,No,No internet service,No,No,No,Month-to-month,Yes,Electronic check,43.6,321.42,1
CUST_02339,Male,0,Yes,No,56,Yes,Yes,Fiber optic,No,Yes,No,No,No internet service,No internet service,Month-to-month,Yes,Bank transfer (automatic),33.41,1887.75,1
CUST_02340,Male,0,No,No,64,Yes,No,DSL,No,No,Yes,Yes,Yes,Yes,Two year,Yes,Electronic check,99.54,6348.35,1
CUST_02341,Male,0,Yes,No,35,Yes,No,Fiber optic,Yes,Yes,No,No,Yes,No,Month-to-month,Yes,Mailed check,56.67,1938.91,1
CUST_02342,Male,0,Yes,Yes,15,No,No,DSL,No internet service,No internet service,Yes,No,No,Yes,Two year,No,Electronic check,40.63,648.85,1
CUST_02343,Female,0,No,No,46,Yes,No,DSL,No internet service,Yes,No,No,No internet service,Yes,One year,No,Credit card (automatic),42.04,1897.79,1
CUST_02344,Female,0,No,No,38,Yes,Yes,Fiber optic,No,No internet service,No,No internet service,No internet service,No internet service,Month-to-month,Yes,Credit card (automatic),33.9,1221.81,1
CUST_02345,Female,0,No,Yes,40,Yes,No,DSL,No internet service,Yes,No internet service,No internet service,Yes,Yes,One year,Yes,Electronic check,27.99,1165.42,1
CUST_02346,Male,1,Yes,No,43,Yes,No,DSL,No,No internet service,No,No internet service,No,Yes,One year,No,Electronic check,88.01,3723.37,1
CUST_02347,Male,1,Yes,No,51,Yes,No,Fiber optic,No internet service,No,No internet service,No internet service,Yes,Yes,Two year,Yes,Credit card (automatic),64.0,3250.36,1
CUST_02348,Female,1,No,No,3,Yes,No,Fiber optic,No,No internet service,Yes,No,Yes,No,Month-to-month,No,Electronic check,34.84,66.17,1
CUST_02349,Male,1,No,No,8,Yes,No,DSL,No,No internet service,No internet service,No internet service,Yes,No internet service,Month-to-month,Yes,Electronic check,99.24,768.59,1
CUST_02350,Female,0,Yes,No,7,Yes,No,DSL,No,No,Yes,No internet service,Yes,Yes,One year,Yes,Electronic check,21.91,231.21,1
CUST_02351,Female,0,No,No,11,Yes,Yes,DSL,No,Yes,No internet service,No,Yes,No internet service,Month-to-month,Yes,Electronic check,63.06,690.11,1
CUST_02352,Female,0,Yes,Yes,69,Yes,Yes,Fiber optic,No internet service,No,No,Yes,Yes,Yes,Month-to-month,No,Electronic check,32.73,2270.97,1
CUST_02353,Female,0,No,Yes,52,Yes,Yes,Fiber optic,No,No,Yes,Yes,Yes,No internet service,One year,Yes,Electronic check,22.78,1212.23,0
CUST_02354,Male,0,No,No,48,Yes,No,DSL,No internet service,No internet service,No,No,No internet service,No internet service,Month-to-month,No,Electronic check,75.07,3580.72,1
CUST_02355,Male,1,Yes,No,50,Yes,No phone service,Fiber optic,Yes,No internet service,No internet service,No,Yes,Yes,Two year,No,Credit card (automatic),35.54,1814.63,1
CUST_02356,Male,0,No,No,3,Yes,Yes,No,Yes,Yes,No internet service,No,No internet service,No internet service,Two year,Yes,Electronic check,26.85,93.71,1
CUST_02357,Male,0,No,Yes,16,Yes,Yes,Fiber optic,No,No,No,No internet service,No internet service,Yes,Month-to-month,Yes,Credit card (automatic),67.88,1112.46,1
CUST_02358,Male,0,Yes,No,57,Yes,No,Fiber optic,No internet service,No,No,No internet service,Yes,No,Month-to-month,Yes,Bank transfer (automatic),104.36,5923.15,1
CUST_02359,Female,0,Yes,Yes,33,Yes,No,Fiber optic,No internet service,No,No,Yes,No,Yes,Month-to-month,Yes,Mailed check,68.56,2278.02,1
CUST_02360,Male,0,No,Yes,37,No,Yes,No,Yes,No,Yes,Yes,Yes,Yes,Month-to-month,Yes,Credit card (automatic),27.97,1034.58,0
CUST_02361,Female,0,Yes,Yes,54,Yes,No,No,Yes,No,No,No,Yes,No internet service,Month-to-month,Yes,Electronic check,50.44,2763.3,1
CUST_02362,Female,0,Yes,No,6,Yes,Yes,DSL,No,No internet service,Yes,No,No,No internet service,Two year,No,Electronic check,64.61,368.75,1
CUST_02363,Female,0,Yes,No,57,Yes,No,DSL,No internet service,Yes,No internet service,No internet service,No,No,Month-to-month,No,Mailed check,48.12,2813.97,1
CUST_02364,Male,1,No,Yes,49,Yes,No,DSL,No internet service,No internet service,No,No internet service,Yes,No internet service,Month-to-month,Yes,Electronic check,53.75,2645.61,1
CUST_02365,Female,0,Yes,Yes,29,No,No,Fiber optic,No internet service,No,No,No,No internet service,Yes,Month-to-month,No,Electronic check,70.02,2026.2,1
CUST_02366,Male,0,No,No,36,Yes,No,DSL,No,Yes,No,No,No,Yes,Month-to-month,No,Credit card (automatic),114.25,4104.52,1
CUST_02367,Male,0,Yes,No,6,Yes,No,No,No internet service,No,No,No internet service,Yes,No internet service,Two year,No,Credit card (automatic),100.48,602.64,1
CUST_02368,Male,0,Yes,No,15,Yes,No,DSL,Yes,Yes,Yes,No internet service,Yes,Yes,Two year,Yes,Mailed check,40.44,584.6,1
CUST_02369,Male,0,No,Yes,18,Yes,Yes,Fiber optic,No internet service,No,Yes,No,No internet service,No internet service,Month-to-month,Yes,Mailed check,98.53,1796.88,1
CUST_02370,Male,1,Yes,No,63,Yes,No,DSL,No,No internet service,Yes,No internet service,No internet service,Yes,Month-to-month,Yes,Mailed check,59.45,3744.93,1
CUST_02371,Male,0,Yes,No,9,Yes,Yes,Fiber optic,No,Yes,Yes,No,No,Yes,Two year,Yes,Electronic check,101.57,982.16,1
CUST_02372,Female,0,Yes,No,21,Yes,No phone service,Fiber optic,No,Yes,No,Yes,No internet service,Yes,One year,Yes,Electronic check,81.71,1700.74,1
CUST_02373,Male,0,No,Yes,10,Yes,No phone service,Fiber optic,No internet service,No,No,No,No,Yes,Month-to-month,Yes,Mailed check,87.9,874.78,1
CUST_02374,Male,1,Yes,No,21,Yes,Yes,Fiber optic,Yes,Yes,No,No internet service,Yes,Yes,Month-to-month,No,Electronic check,56.21,1165.21,1
CUST_02375,Female,0,Yes,No,1,Yes,No,Fiber optic,Yes,Yes,No internet service,No internet service,No internet service,Yes,Month-to-month,No,Electronic check,91.32,156.74,1
CUST_02376,Female,0,Yes,Yes,20,Yes,Yes,Fiber optic,No,No,No internet service,Yes,No,Yes,Month-to-month,Yes,Bank transfer (automatic),76.57,1480.8,1
CUST_02377,Female,1,Yes,Yes,52,Yes,No phone service,No,No internet service,No,Yes,No,No,No internet service,Month-to-month,Yes,Mailed check,81.86,4260.0,1
CUST_02378,Male,0,Yes,No,55,Yes,Yes,Fiber optic,No,No internet service,No,No,No,Yes,One year,Yes,Electronic check,74.7,4119.45,1
CUST_02379,Female,0,No,No,27,Yes,No,Fiber optic,Yes,No,No internet service,No internet service,No,Yes,Month-to-month,No,Credit card (automatic),25.58,651.18,1
CUST_02380,Female,0,Yes,No,51,Yes,Yes,Fiber optic,No,No,Yes,No,Yes,Yes,One year,Yes,Bank transfer (automatic),67.42,3530.93,1
CUST_02381,Male,0,Yes,No,44,Yes,No,No,Yes,No,No,Yes,No,Yes,One year,No,Mailed check,25.13,1073.15,0
CUST_02382,Male,1,No,No,65,Yes,Yes,Fiber optic,No,Yes,No internet service,No internet service,Yes,Yes,One year,No,Electronic check,36.85,2396.42,1
CUST_02383,Female,0,No,Yes,58,Yes,No,No,Yes,No,No internet service,No,Yes,Yes,One year,Yes,Bank transfer (automatic),67.56,3977.42,1
CUST_02384,Male,0,Yes,No,17,Yes,No,No,No,No,No internet service,No internet service,Yes,Yes,Month-to-month,No,Bank transfer (automatic),60.62,1017.41,1
CUST_02385,Male,0,Yes,Yes,42,Yes,Yes,DSL,No,No internet service,No internet service,No internet service,Yes,No internet service,One year,Yes,Mailed check,24.79,1046.21,1
CUST_02386,Female,0,Yes,No,56,Yes,Yes,DSL,Yes,Yes,Yes,Yes,No internet service,Yes,Two year,Yes,Bank transfer (automatic),33.72,1876.25,1
CUST_02387,Female,1,No,Yes,22,Yes,Yes,Fiber optic,No,No,No,No internet service,Yes,Yes,Month-to-month,No,Electronic check,66.53,1461.8,1
CUST_02388,Female,0,Yes,No,41,Yes,No phone service,Fiber optic,No,No,No internet service,No,Yes,No,Two year,Yes,Electronic check,116.77,4825.42,1
CUST_02389,Female,0,Yes,No,29,Yes,No phone service,Fiber optic,Yes,Yes,Yes,No internet service,No internet service,Yes,Two year,Yes,Credit card (automatic),68.64,1975.8,1
CUST_02390,Female,0,Yes,Yes,22,Yes,Yes,No,Yes,No internet service,Yes,Yes,No internet service,Yes,One year,No,Electronic check,97.26,2046.81,1
CUST_02391,Male,0,Yes,Yes,15,Yes,No phone service,Fiber optic,No,Yes,Yes,No internet service,No,Yes,Month-to-month,No,Mailed check,64.31,963.5,1
CUST_02392,Male,0,Yes,No,3,Yes,No,DSL,No internet service,No internet service,No,No,No internet service,No,One year,No,Credit card (automatic),39.17,119.71,1
CUST_02393,Female,0,Yes,Yes,54,Yes,No,Fiber optic,No internet service,No,No,Yes,No,No internet service,Month-to-month,Yes,Electronic check,22.12,1201.32,0
CUST_02394,Male,0,No,Yes,59,Yes,No phone service,DSL,No,Yes,No internet service,No internet service,No,Yes,Month-to-month,No,Credit card (automatic),57.55,3389.03,1
CUST_02395,Male,0,No,No,47,Yes,No,Fiber optic,No,No,No,No,Yes,No internet service,Month-to-month,Yes,Credit card (automatic),111.95,5231.46,1
CUST_02396,Female,0,No,No,18,Yes,No phone service,No,No internet service,Yes,No,Yes,Yes,No,One year,Yes,Bank transfer (automatic),52.48,936.06,0
CUST_02397,Female,0,No,No,2,Yes,No,DSL,No,No,Yes,No internet service,Yes,No,One year,Yes,Bank transfer (automatic),56.85,175.48,1
CUST_02398,Male,0,Yes,Yes,45,Yes,No,No,No,No internet service,No internet service,No,No internet service,Yes,Month-to-month,No,Credit card (automatic),89.27,4015.68,1
CUST_02399,Male,0,No,No,15,Yes,No,No,Yes,No,No,No,No,No internet service,Month-to-month,No,Electronic check,93.69,1428.2,1
CUST_02400,Female,1,No,No,39,Yes,Yes,DSL,Yes,Yes,No,No internet service,No internet service,Yes,Month-to-month,Yes,Bank transfer (automatic),80.84,3116.58,1
CUST_02401,Male,0,No,No,69,Yes,No phone service,No,No,No,Yes,No,No,Yes,Month-to-month,Yes,Electronic check,53.82,3703.38,1
CUST_02402,Female,0,No,No,1,Yes,No,Fiber optic,No,No,Yes,Yes,No,No,Month-to-month,No,Credit card (automatic),114.53,79.51,1
CUST_02403,Female,0,Yes,No,41,Yes,No,Fiber optic,No internet service,No,Yes,No,Yes,No internet service,Month-to-month,Yes,Mailed check,55.25,2310.53,1
CUST_02404,Female,0,Yes,Yes,71,Yes,No,DSL,Yes,No,No internet service,No,Yes,Yes,Month-to-month,Yes,Bank transfer (automatic),49.2,3438.75,1
CUST_02405,Male,0,Yes,No,24,Yes,No,DSL,No,No,Yes,Yes,No,Yes,Month-to-month,Yes,Electronic check,104.32,2516.71,1
CUST_02406,Female,0,Yes,Yes,58,Yes,Yes,Fiber optic,No internet service,No internet service,No internet service,No,Yes,No internet service,One year,Yes,Electronic check,113.52,6596.09,1
CUST_02407,Male,0,Yes,Yes,59,Yes,Yes,DSL,No,No internet service,Yes,No,No internet service,No internet service,Month-to-month,Yes,Credit card (automatic),115.66,6833.6,1
CUST_02408,Female,0,Yes,No,35,Yes,No,DSL,Yes,No,No,Yes,Yes,No,One year,No,Electronic check,73.32,2484.13,0
CUST_02409,Male,1,Yes,No,22,Yes,No,No,No internet service,Yes,Yes,No,Yes,Yes,Month-to-month,Yes,Mailed check,106.95,2282.1,1
CUST_02410,Male,0,No,No,49,Yes,Yes,Fiber optic,No,No,Yes,No internet service,No,Yes,Month-to-month,No,Bank transfer (automatic),38.37,1884.23,1
CUST_02411,Female,0,No,Yes,44,Yes,No,Fiber optic,Yes,No,No,No,Yes,No internet service,Month-to-month,No,Electronic check,108.9,4759.29,1
CUST_02412,Male,1,No,Yes,34,Yes,No,No,No,No internet service,No,Yes,No,Yes,Month-to-month,Yes,Electronic check,95.82,3235.38,1
CUST_02413,Female,1,Yes,No,14,Yes,Yes,DSL,Yes,No internet service,No,No internet service,Yes,No internet service,Month-to-month,No,Electronic check,59.92,824.02,1
CUST_02414,Female,0,No,No,53,No,No,DSL,No internet service,No internet service,No,No,Yes,No,One year,No,Credit card (automatic),44.52,2322.71,1
CUST_02415,Male,0,No,Yes,16,Yes,No,Fiber optic,Yes,Yes,No,No internet service,No,No internet service,Month-to-month,No,Electronic check,95.96,1492.47,1
CUST_02416,Male,0,No,No,10,No,No,Fiber optic,No internet service,No,No,No internet service,Yes,No,Month-to-month,No,Electronic check,63.06,630.6,1
CUST_02417,Female,0,No,No,5,Yes,Yes,DSL,Yes,No internet service,No,No,No,Yes,Month-to-month,Yes,Credit card (automatic),117.86,522.59,1
CUST_02418,Male,0,Yes,No,32,Yes,No,Fiber optic,No internet service,Yes,Yes,No,Yes,No internet service,Month-to-month,No,Credit card (automatic),105.46,3357.02,1
CUST_02419,Male,0,Yes,No,9,Yes,No phone service,DSL,Yes,Yes,No,Yes,No,No internet service,One year,No,Bank transfer (automatic),99.04,868.0,1
CUST_02420,Male,0,No,No,24,Yes,Yes,Fiber optic,No internet service,Yes,Yes,Yes,Yes,No internet service,Month-to-month,No,Mailed check,53.38,1280.29,1
CUST_02421,Male,0,No,Yes,18,Yes,Yes,Fiber optic,Yes,No,Yes,Yes,Yes,Yes,Month-to-month,Yes,Credit card (automatic),91.17,1724.61,1
CUST_02422,Female,0,Yes,No,33,Yes,Yes,Fiber optic,No internet service,No,Yes,No,No,Yes,One year,No,Credit card (automatic),95.59,3120.1,1
CUST_02423,Male,0,Yes,No,56,Yes,No,DSL,No internet service,Yes,No,No,No,No internet service,Month-to-month,Yes,Credit card (automatic),60.94,3426.86,1
CUST_02424,Female,0,Yes,Yes,32,Yes,No,DSL,No,No,Yes,No internet service,No internet service,No,Month-to-month,No,Bank transfer (automatic),29.46,950.45,1
CUST_02425,Male,0,Yes,Yes,40,Yes,No,No,Yes,No internet service,No internet service,No,No internet service,Yes,One year,Yes,Bank transfer (automatic),93.53,3760.8,1
CUST_02426,Female,1,No,No,11,Yes,Yes,No,No,No internet service,No internet service,No,No,Yes,Month-to-month,Yes,Bank transfer (automatic),49.45,536.48,1
CUST_02427,Male,0,No,No,9,Yes,Yes,Fiber optic,No,No internet service,Yes,Yes,Yes,Yes,Two year,Yes,Credit card (automatic),33.28,349.97,1
CUST_02428,Male,0,Yes,No,70,Yes,No phone service,DSL,No,No internet service,No,Yes,No internet service,Yes,One year,No,Bank transfer (automatic),24.27,1722.89,0
CUST_02429,Female,0,Yes,No,45,No,Yes,Fiber optic,No,No,Yes,No internet service,No,Yes,Month-to-month,No,Electronic check,52.73,2397.39,1
CUST_02430,Male,0,Yes,No,2,Yes,No,DSL,No internet service,No internet service,Yes,No,No internet service,No internet service,Month-to-month,Yes,Bank transfer (automatic),70.99,92.48,1
CUST_02431,Male,0,Yes,Yes,41,Yes,No,DSL,No internet service,No,No internet service,No,No,No,Month-to-month,No,Electronic check,23.84,980.81,1
CUST_02432,Female,0,No,No,1,Yes,No,DSL,No,No internet service,No,No,Yes,Yes,One year,Yes,Electronic check,76.34,58.5,1
CUST_02433,Male,0,No,No,6,Yes,No phone service,DSL,Yes,No internet service,Yes,No,No internet service,No,Month-to-month,Yes,Electronic check,109.54,627.08,1
CUST_02434,Male,0,No,No,27,No,No,DSL,Yes,No,No internet service,No internet service,No internet service,Yes,One year,Yes,Electronic check,79.79,2132.4,1
CUST_02435,Male,0,Yes,Yes,47,Yes,No phone service,DSL,No,No,No internet service,No,Yes,No internet service,Month-to-month,Yes,Mailed check,72.46,3403.66,1
CUST_02436,Female,0,No,Yes,45,Yes,No,No,No internet service,Yes,No,No,No,No internet service,One year,Yes,Electronic check,43.23,1961.34,1
CUST_02437,Female,0,No,No,57,Yes,Yes,Fiber optic,No,No,No,Yes,No,Yes,Two year,Yes,Bank transfer (automatic),63.92,3677.8,1
CUST_02438,Female,1,Yes,Yes,13,Yes,No,Fiber optic,Yes,Yes,No internet service,No,No,No internet service,Month-to-month,Yes,Credit card (automatic),80.06,1073.49,1
CUST_02439,Female,0,No,Yes,14,Yes,Yes,DSL,No,Yes,No,No,No internet service,Yes,Month-to-month,Yes,Electronic check,106.51,1501.38,1
CUST_02440,Male,0,No,No,38,Yes,No,No,No,No,No,Yes,Yes,No,Month-to-month,Yes,Electronic check,108.18,4112.79,1
CUST_02441,Male,0,No,No,62,Yes,Yes,DSL,No internet service,Yes,No internet service,No,Yes,No internet service,Month-to-month,Yes,Electronic check,65.19,4030.42,1
CUST_02442,Male,0,Yes,No,52,Yes,No phone service,DSL,No,No internet service,No,No,Yes,No internet service,Month-to-month,Yes,Credit card (automatic),38.37,1986.57,1
CUST_02443,Male,0,Yes,Yes,48,Yes,Yes,Fiber optic,Yes,No,Yes,Yes,No internet service,Yes,One year,Yes,Electronic check,90.74,4328.21,1
CUST_02444,Male,0,Yes,Yes,7,Yes,No,Fiber optic,No,No internet service,Yes,No internet service,Yes,Yes,One year,Yes,Electronic check,115.06,790.42,1
CUST_02445,Female,0,Yes,No,63,Yes,Yes,No,Yes,No,No,Yes,No,Yes,Two year,No,Electronic check,115.79,7307.15,0
CUST_02446,Female,0,Yes,No,70,Yes,No,Fiber optic,No,Yes,Yes,No internet service,No internet service,Yes,One year,No,Electronic check,119.57,8423.81,0
CUST_02447,Female,0,No,Yes,42,Yes,No,DSL,No,Yes,Yes,No,No internet service,Yes,One year,Yes,Bank transfer (automatic),45.22,1894.0,1
CUST_02448,Female,0,Yes,No,24,Yes,Yes,DSL,Yes,No internet service,No,Yes,Yes,Yes,Month-to-month,Yes,Bank transfer (automatic),103.69,2460.29,1
CUST_02449,Female,0,Yes,Yes,48,Yes,No phone service,Fiber optic,No,Yes,No internet service,Yes,Yes,No,Month-to-month,No,Electronic check,25.17,1242.08,1
CUST_02450,Male,0,No,Yes,46,Yes,No,DSL,No internet service,No,Yes,No,No internet service,Yes,One year,No,Mailed check,21.5,918.92,1
CUST_02451,Female,1,Yes,Yes,66,Yes,Yes,DSL,No internet service,Yes,Yes,No internet service,No,Yes,One year,Yes,Bank transfer (automatic),87.38,5803.59,1
CUST_02452,Female,0,Yes,No,8,Yes,Yes,DSL,No,No,No internet service,No,Yes,No,Two year,No,Credit card (automatic),31.99,205.77,1
CUST_02453,Male,0,No,Yes,37,Yes,Yes,No,No,Yes,No,No,Yes,Yes,Month-to-month,Yes,Bank transfer (automatic),58.84,2200.08,1
CUST_02454,Male,0,Yes,No,51,Yes,No,DSL,No internet service,No,No internet service,Yes,No internet service,No,Month-to-month,Yes,Credit card (automatic),21.25,1067.09,0
CUST_02455,Female,0,Yes,No,25,Yes,Yes,DSL,No,Yes,No,No internet service,No internet service,No internet service,Month-to-month,No,Credit card (automatic),28.68,728.23,1
CUST_02456,Male,0,No,No,60,Yes,No,No,No internet service,No internet service,No,No internet service,No,No,Month-to-month,Yes,Electronic check,40.87,2525.11,1
CUST_02457,Female,0,Yes,Yes,5,Yes,No,Fiber optic,Yes,Yes,Yes,No,Yes,Yes,Month-to-month,No,Electronic check,75.45,347.93,1
CUST_02458,Female,0,Yes,Yes,8,Yes,No,Fiber optic,Yes,Yes,No,No internet service,No,No,Month-to-month,Yes,Bank transfer (automatic),53.19,390.5,1
CUST_02459,Male,0,Yes,Yes,57,Yes,No phone service,Fiber optic,Yes,Yes,No,No,Yes,No,Month-to-month,Yes,Electronic check,76.39,4356.97,1
CUST_02460,Male,0,No,No,9,Yes,No,DSL,No internet service,No internet service,Yes,No,No internet service,No,Month-to-month,Yes,Mailed check,84.9,817.49,1
CUST_02461,Male,1,Yes,No,30,Yes,No,No,No,No,Yes,No,Yes,No internet service,Month-to-month,No,Bank transfer (automatic),20.34,616.47,1
CUST_02462,Male,0,No,Yes,20,Yes,No,DSL,Yes,No,No,Yes,Yes,No internet service,Two year,Yes,Mailed check,104.77,2096.96,1
CUST_02463,Male,1,Yes,No,49,Yes,No,No,No internet service,No,No,Yes,Yes,Yes,Two year,Yes,Electronic check,25.77,1268.65,0
CUST_02464,Female,0,No,No,1,Yes,No phone service,DSL,No internet service,No internet service,No,No,Yes,Yes,Month-to-month,No,Mailed check,107.31,72.15,1
CUST_02465,Male,1,Yes,Yes,26,Yes,Yes,Fiber optic,Yes,Yes,No,No internet service,Yes,No internet service,One year,Yes,Electronic check,117.61,3064.13,1
CUST_02466,Male,1,Yes,Yes,71,Yes,Yes,Fiber optic,No,No internet service,No,No,No,No,Month-to-month,Yes,Electronic check,110.35,7821.1,1
CUST_02467,Male,0,No,Yes,27,Yes,Yes,DSL,No,No internet service,Yes,Yes,No,No,Two year,Yes,Electronic check,74.22,2050.23,1
CUST_02468,Female,0,No,Yes,43,Yes,No,DSL,Yes,Yes,No internet service,Yes,No,Yes,One year,Yes,Electronic check,96.97,4197.64,1
CUST_02469,Male,1,Yes,No,71,Yes,Yes,Fiber optic,No,Yes,No internet service,No,Yes,Yes,Month-to-month,Yes,Credit card (automatic),37.27,2599.84,1
CUST_02470,Male,0,Yes,Yes,44,Yes,No phone service,DSL,Yes,No,Yes,No,Yes,No,Month-to-month,Yes,Mailed check,113.71,4993.33,1
CUST_02471,Female,0,Yes,No,54,Yes,Yes,No,No internet service,Yes,No,Yes,No,No internet service,Two year,Yes,Credit card (automatic),22.33,1224.3,0
CUST_02472,Male,0,Yes,No,69,Yes,Yes,DSL,No internet service,Yes,No,Yes,No,Yes,Two year,Yes,Credit card (automatic),75.15,5151.0,1
CUST_02473,Male,1,No,No,44,Yes,No,Fiber optic,No internet service,No,No internet service,No,Yes,No internet service,Month-to-month,No,Mailed check,66.12,2871.51,1
CUST_02474,Male,0,Yes,No,60,Yes,No phone service,Fiber optic,No internet service,Yes,No,Yes,No internet service,No internet service,One year,Yes,Mailed check,99.69,5965.23,1
CUST_02475,Male,0,Yes,No,37,Yes,No,Fiber optic,Yes,No,No,No,Yes,No internet service,Month-to-month,Yes,Credit card (automatic),94.5,3508.56,1
CUST_02476,Male,0,Yes,No,58,Yes,Yes,Fiber optic,No,No,No internet service,No,Yes,No internet service,One year,Yes,Electronic check,53.02,3111.46,1
CUST_02477,Female,1,Yes,No,46,Yes,No,Fiber optic,No,No,No,Yes,Yes,Yes,Month-to-month,No,Mailed check,36.35,1680.22,1
CUST_02478,Male,0,Yes,No,25,Yes,Yes,Fiber optic,No,No,Yes,No,No,Yes,Month-to-month,No,Electronic check,99.43,2571.93,1
CUST_02479,Male,0,Yes,Yes,40,No,No phone service,Fiber optic,No,No,No,Yes,Yes,Yes,Month-to-month,Yes,Bank transfer (automatic),117.75,4686.31,1
CUST_02480,Male,0,Yes,No,24,Yes,Yes,Fiber optic,No,No,No internet service,No,Yes,Yes,One year,No,Credit card (automatic),29.79,740.87,1
CUST_02481,Female,1,No,Yes,29,Yes,No,Fiber optic,Yes,No internet service,No,No internet service,Yes,Yes,Month-to-month,Yes,Bank transfer (automatic),93.29,2666.59,1
CUST_02482,Female,1,Yes,No,21,Yes,Yes,DSL,No,No,No,No,Yes,No internet service,Two year,Yes,Electronic check,71.57,1559.35,1
CUST_02483,Male,0,No,No,35,Yes,No phone service,DSL,No,No,No,Yes,Yes,No internet service,Two year,Yes,Mailed check,51.2,1839.58,1
CUST_02484,Male,0,Yes,No,25,Yes,Yes,Fiber optic,No,No internet service,No,Yes,No,Yes,Month-to-month,Yes,Mailed check,21.44,560.9,1
CUST_02485,Male,0,Yes,No,45,Yes,No phone service,No,No,No,No internet service,No,No,Yes,Two year,Yes,Bank transfer (automatic),92.41,4097.68,1
CUST_02486,Male,1,Yes,Yes,27,Yes,No phone service,DSL,No,Yes,No,No internet service,Yes,No,One year,Yes,Credit card (automatic),33.2,920.98,0
CUST_02487,Male,0,Yes,No,35,Yes,No phone service,Fiber optic,No internet service,Yes,No,No,Yes,No,One year,No,Electronic check,105.08,3649.13,1
CUST_02488,Male,0,No,No,10,Yes,No,DSL,No,No,No internet service,No,Yes,No internet service,Month-to-month,No,Electronic check,46.46,480.48,1
CUST_02489,Female,0,No,No,28,Yes,Yes,Fiber optic,No,No,Yes,Yes,No internet service,Yes,Month-to-month,No,Electronic check,79.23,2167.53,1
CUST_02490,Male,0,No,No,26,Yes,No phone service,Fiber optic,No,No internet service,Yes,No internet service,No internet service,Yes,Two year,Yes,Bank transfer (automatic),48.42,1268.37,0
CUST_02491,Male,0,No,Yes,69,Yes,No phone service,Fiber optic,No,No,No internet service,No internet service,Yes,No internet service,One year,No,Credit card (automatic),90.23,6213.5,1
CUST_02492,Male,0,Yes,No,32,Yes,No,Fiber optic,Yes,Yes,No,Yes,No internet service,Yes,One year,Yes,Electronic check,31.72,987.8,1
CUST_02493,Female,1,Yes,Yes,2,Yes,No,Fiber optic,No,No internet service,No,No,Yes,No internet service,Month-to-month,Yes,Mailed check,54.3,129.34,1
CUST_02494,Female,0,No,No,22,Yes,No,DSL,Yes,No,Yes,No,Yes,Yes,Month-to-month,No,Credit card (automatic),70.9,1558.0,1
CUST_02495,Male,0,Yes,No,52,Yes,Yes,Fiber optic,No internet service,No internet service,Yes,No,No internet service,Yes,Month-to-month,Yes,Electronic check,78.55,4077.43,1
CUST_02496,Male,0,Yes,No,12,Yes,No phone service,DSL,No internet service,No internet service,Yes,No,No,No,One year,No,Credit card (automatic),77.96,961.32,1
CUST_02497,Female,0,No,No,12,Yes,Yes,No,No,No,No,Yes,No,No internet service,Two year,Yes,Credit card (automatic),27.94,401.92,1
CUST_02498,Female,1,No,No,27,Yes,No,Fiber optic,No internet service,No,No,No,No,Yes,Month-to-month,Yes,Bank transfer (automatic),23.38,640.91,1
CUST_02499,Male,0,No,No,26,Yes,No,DSL,No,No,Yes,No,No internet service,No internet service,Month-to-month,Yes,Electronic check,43.72,1073.51,1
CUST_02500,Female,0,Yes,No,35,Yes,No phone service,DSL,Yes,No,No,No,Yes,No internet service,Month-to-month,No,Bank transfer (automatic),23.77,777.41,1
